Video ID,Code,Module,English title,Vietnamese title,Level,Target duration,English words,Turns,Image file,Content status,QC
1,DGE0001,M01,Introducing Yourself and Your Colleagues,Giới thiệu bản thân và đồng nghiệp,Pre-A1.1,210–240 sec,189,20,DGE_MODULE_M01_PORTRAIT_9X16.jpg,FINAL,PASS
2,DGE0002,M01,Meeting New Classmates,Làm quen với các bạn học mới,Pre-A1.1,210–240 sec,192,18,DGE_MODULE_M01_PORTRAIT_9X16.jpg,FINAL,PASS
3,DGE0003,M01,Introducing Friends in a Group,Giới thiệu bạn bè trong một nhóm,Pre-A1.1,210–240 sec,194,20,DGE_MODULE_M01_PORTRAIT_9X16.jpg,FINAL,PASS
4,DGE0004,M01,Starting a New English Class,Bắt đầu một lớp tiếng Anh mới,Pre-A1.1,210–240 sec,192,18,DGE_MODULE_M01_PORTRAIT_9X16.jpg,FINAL,PASS
5,DGE0005,M01,Greeting New Team Members,Chào hỏi thành viên mới trong nhóm,Pre-A1.1,210–240 sec,194,20,DGE_MODULE_M01_PORTRAIT_9X16.jpg,FINAL,PASS
6,DGE0006,M01,Learning Everyone’s Names,Làm quen tên của mọi người,Pre-A1.1,210–240 sec,194,20,DGE_MODULE_M01_PORTRAIT_9X16.jpg,FINAL,PASS
7,DGE0007,M01,Welcoming People to a Group,Chào đón mọi người vào nhóm,Pre-A1.1,210–240 sec,194,20,DGE_MODULE_M01_PORTRAIT_9X16.jpg,FINAL,PASS
8,DGE0008,M01,Making Introductions at School,Giới thiệu và làm quen ở trường,Pre-A1.1,210–240 sec,192,18,DGE_MODULE_M01_PORTRAIT_9X16.jpg,FINAL,PASS
9,DGE0009,M01,Meeting Someone for the First Time,Gặp một người lần đầu tiên,Pre-A1.1,210–240 sec,194,22,DGE_MODULE_M01_PORTRAIT_9X16.jpg,FINAL,PASS
10,DGE0010,M01,Alphabet checkpoint,Ôn tập bảng chữ cái,Pre-A1.1,210–240 sec,190,18,DGE_MODULE_M01_PORTRAIT_9X16.jpg,FINAL,PASS
11,DGE0011,M02,Spell the name Ben,Đánh vần tên Ben,Pre-A1.1,210–240 sec,203,26,DGE_MODULE_M02_PORTRAIT_9X16.jpg,FINAL,PASS
12,DGE0012,M02,Spell the name Mia,Đánh vần tên Mia,Pre-A1.1,210–240 sec,203,26,DGE_MODULE_M02_PORTRAIT_9X16.jpg,FINAL,PASS
13,DGE0013,M02,Spell the name Tom,Đánh vần tên Tom,Pre-A1.1,210–240 sec,203,26,DGE_MODULE_M02_PORTRAIT_9X16.jpg,FINAL,PASS
14,DGE0014,M02,Spell the name Lily,Đánh vần tên Lily,Pre-A1.1,210–240 sec,203,26,DGE_MODULE_M02_PORTRAIT_9X16.jpg,FINAL,PASS
15,DGE0015,M02,Spell cat and dog,Đánh vần cat và dog,Pre-A1.1,210–240 sec,206,20,DGE_MODULE_M02_PORTRAIT_9X16.jpg,FINAL,PASS
16,DGE0016,M02,Spell book and pen,Đánh vần book và pen,Pre-A1.1,210–240 sec,206,20,DGE_MODULE_M02_PORTRAIT_9X16.jpg,FINAL,PASS
17,DGE0017,M02,Spell red and blue,Đánh vần red và blue,Pre-A1.1,210–240 sec,206,20,DGE_MODULE_M02_PORTRAIT_9X16.jpg,FINAL,PASS
18,DGE0018,M02,Ask: How do you spell it?,Hỏi: Bạn đánh vần thế nào?,Pre-A1.1,210–240 sec,192,18,DGE_MODULE_M02_PORTRAIT_9X16.jpg,FINAL,PASS
19,DGE0019,M02,Check a spelling,Kiểm tra cách đánh vần,Pre-A1.1,210–240 sec,190,22,DGE_MODULE_M02_PORTRAIT_9X16.jpg,FINAL,PASS
20,DGE0020,M02,Spelling checkpoint,Ôn tập đánh vần,Pre-A1.1,210–240 sec,182,20,DGE_MODULE_M02_PORTRAIT_9X16.jpg,FINAL,PASS
21,DGE0021,M03,Short sound in cat,Âm ngắn trong từ cat,Pre-A1.1,210–240 sec,206,20,DGE_MODULE_M03_PORTRAIT_9X16.jpg,FINAL,PASS
22,DGE0022,M03,Long sound in car,Âm dài trong từ car,Pre-A1.1,210–240 sec,206,20,DGE_MODULE_M03_PORTRAIT_9X16.jpg,FINAL,PASS
23,DGE0023,M03,Short sound in sit,Âm ngắn trong từ sit,Pre-A1.1,210–240 sec,206,20,DGE_MODULE_M03_PORTRAIT_9X16.jpg,FINAL,PASS
24,DGE0024,M03,Long sound in see,Âm dài trong từ see,Pre-A1.1,210–240 sec,206,20,DGE_MODULE_M03_PORTRAIT_9X16.jpg,FINAL,PASS
25,DGE0025,M03,Sound contrast: ship and sheep,Phân biệt âm: ship và sheep,Pre-A1.1,210–240 sec,198,22,DGE_MODULE_M03_PORTRAIT_9X16.jpg,FINAL,PASS
26,DGE0026,M03,Sound contrast: full and fool,Phân biệt âm: full và fool,Pre-A1.1,210–240 sec,198,22,DGE_MODULE_M03_PORTRAIT_9X16.jpg,FINAL,PASS
27,DGE0027,M03,TH in thank you,Âm TH trong thank you,Pre-A1.1,210–240 sec,198,18,DGE_MODULE_M03_PORTRAIT_9X16.jpg,FINAL,PASS
28,DGE0028,M03,H in hello,Âm H trong hello,Pre-A1.1,210–240 sec,202,20,DGE_MODULE_M03_PORTRAIT_9X16.jpg,FINAL,PASS
29,DGE0029,M03,Hear the difference,Nghe và phân biệt âm,Pre-A1.1,210–240 sec,186,20,DGE_MODULE_M03_PORTRAIT_9X16.jpg,FINAL,PASS
30,DGE0030,M03,Sound checkpoint,Ôn tập âm cơ bản,Pre-A1.1,210–240 sec,176,18,DGE_MODULE_M03_PORTRAIT_9X16.jpg,FINAL,PASS
31,DGE0031,M04,Say hello,Nói lời chào,Pre-A1.1,210–240 sec,185,28,DGE_MODULE_M04_PORTRAIT_9X16.jpg,FINAL,PASS
32,DGE0032,M04,Good morning,Chào buổi sáng,Pre-A1.1,210–240 sec,181,24,DGE_MODULE_M04_PORTRAIT_9X16.jpg,FINAL,PASS
33,DGE0033,M04,Good afternoon,Chào buổi chiều,Pre-A1.1,210–240 sec,181,24,DGE_MODULE_M04_PORTRAIT_9X16.jpg,FINAL,PASS
34,DGE0034,M04,Good evening,Chào buổi tối,Pre-A1.1,210–240 sec,181,24,DGE_MODULE_M04_PORTRAIT_9X16.jpg,FINAL,PASS
35,DGE0035,M04,Say hi to a friend,Chào một người bạn,Pre-A1.1,210–240 sec,185,26,DGE_MODULE_M04_PORTRAIT_9X16.jpg,FINAL,PASS
36,DGE0036,M04,Ask: How are you?,Hỏi: Bạn khỏe không?,Pre-A1.1,210–240 sec,194,22,DGE_MODULE_M04_PORTRAIT_9X16.jpg,FINAL,PASS
37,DGE0037,M04,"Reply: I’m fine, thanks","Đáp: Tôi khỏe, cảm ơn",Pre-A1.1,210–240 sec,194,22,DGE_MODULE_M04_PORTRAIT_9X16.jpg,FINAL,PASS
38,DGE0038,M04,Nice to see you,Rất vui được gặp bạn,Pre-A1.1,210–240 sec,190,20,DGE_MODULE_M04_PORTRAIT_9X16.jpg,FINAL,PASS
39,DGE0039,M04,Say goodbye,Nói lời tạm biệt,Pre-A1.1,210–240 sec,182,20,DGE_MODULE_M04_PORTRAIT_9X16.jpg,FINAL,PASS
40,DGE0040,M04,Greeting checkpoint,Ôn tập chào hỏi,Pre-A1.1,210–240 sec,198,20,DGE_MODULE_M04_PORTRAIT_9X16.jpg,FINAL,PASS
41,DGE0041,M05,Say yes clearly,Nói yes rõ ràng,Pre-A1.1,210–240 sec,190,22,DGE_MODULE_M05_PORTRAIT_9X16.jpg,FINAL,PASS
42,DGE0042,M05,Say no politely,Nói no lịch sự,Pre-A1.1,210–240 sec,190,22,DGE_MODULE_M05_PORTRAIT_9X16.jpg,FINAL,PASS
43,DGE0043,M05,"Yes, it is","Câu trả lời Yes, it is",Pre-A1.1,210–240 sec,176,18,DGE_MODULE_M05_PORTRAIT_9X16.jpg,FINAL,PASS
44,DGE0044,M05,"No, it isn’t","Câu trả lời No, it isn’t",Pre-A1.1,210–240 sec,176,18,DGE_MODULE_M05_PORTRAIT_9X16.jpg,FINAL,PASS
45,DGE0045,M05,"Yes, please","Nói Yes, please",Pre-A1.1,210–240 sec,181,24,DGE_MODULE_M05_PORTRAIT_9X16.jpg,FINAL,PASS
46,DGE0046,M05,"No, thank you","Nói No, thank you",Pre-A1.1,210–240 sec,190,22,DGE_MODULE_M05_PORTRAIT_9X16.jpg,FINAL,PASS
47,DGE0047,M05,Maybe and I don’t know,Maybe và I don’t know,Pre-A1.1,210–240 sec,194,20,DGE_MODULE_M05_PORTRAIT_9X16.jpg,FINAL,PASS
48,DGE0048,M05,Of course,Nói Of course,Pre-A1.1,210–240 sec,195,26,DGE_MODULE_M05_PORTRAIT_9X16.jpg,FINAL,PASS
49,DGE0049,M05,"Not now, thanks","Nói Not now, thanks",Pre-A1.1,210–240 sec,170,20,DGE_MODULE_M05_PORTRAIT_9X16.jpg,FINAL,PASS
50,DGE0050,M05,Short-answer checkpoint,Ôn tập câu trả lời ngắn,Pre-A1.1,210–240 sec,176,18,DGE_MODULE_M05_PORTRAIT_9X16.jpg,FINAL,PASS
51,DGE0051,M06,Please and thank you,Please và thank you,Pre-A1.1,210–240 sec,190,20,DGE_MODULE_M06_PORTRAIT_9X16.jpg,FINAL,PASS
52,DGE0052,M06,Excuse me,Nói Excuse me,Pre-A1.1,210–240 sec,168,22,DGE_MODULE_M06_PORTRAIT_9X16.jpg,FINAL,PASS
53,DGE0053,M06,I’m sorry,Nói I’m sorry,Pre-A1.1,210–240 sec,181,24,DGE_MODULE_M06_PORTRAIT_9X16.jpg,FINAL,PASS
54,DGE0054,M06,Can you help me?,Bạn có thể giúp tôi không?,Pre-A1.1,210–240 sec,184,18,DGE_MODULE_M06_PORTRAIT_9X16.jpg,FINAL,PASS
55,DGE0055,M06,Please say it again,Xin hãy nói lại,Pre-A1.1,210–240 sec,190,20,DGE_MODULE_M06_PORTRAIT_9X16.jpg,FINAL,PASS
56,DGE0056,M06,Please speak slowly,Xin hãy nói chậm,Pre-A1.1,210–240 sec,190,22,DGE_MODULE_M06_PORTRAIT_9X16.jpg,FINAL,PASS
57,DGE0057,M06,I don’t understand,Tôi không hiểu,Pre-A1.1,210–240 sec,205,24,DGE_MODULE_M06_PORTRAIT_9X16.jpg,FINAL,PASS
58,DGE0058,M06,What does this mean?,Cái này nghĩa là gì?,Pre-A1.1,210–240 sec,190,20,DGE_MODULE_M06_PORTRAIT_9X16.jpg,FINAL,PASS
59,DGE0059,M06,How do you say this in English?,Cái này tiếng Anh nói thế nào?,Pre-A1.1,210–240 sec,200,16,DGE_MODULE_M06_PORTRAIT_9X16.jpg,FINAL,PASS
60,DGE0060,M06,Survival-phrase checkpoint,Ôn tập câu sinh tồn,Pre-A1.1,210–240 sec,176,18,DGE_MODULE_M06_PORTRAIT_9X16.jpg,FINAL,PASS
61,DGE0061,M07,I and you,Đại từ I và you,Pre-A1.1,210–240 sec,190,22,DGE_MODULE_M07_PORTRAIT_9X16.jpg,FINAL,PASS
62,DGE0062,M07,He and she,Đại từ he và she,Pre-A1.1,210–240 sec,170,20,DGE_MODULE_M07_PORTRAIT_9X16.jpg,FINAL,PASS
63,DGE0063,M07,It for a thing or animal,It cho đồ vật hoặc con vật,Pre-A1.1,210–240 sec,189,26,DGE_MODULE_M07_PORTRAIT_9X16.jpg,FINAL,PASS
64,DGE0064,M07,We together,We nghĩa là chúng ta,Pre-A1.1,210–240 sec,173,26,DGE_MODULE_M07_PORTRAIT_9X16.jpg,FINAL,PASS
65,DGE0065,M07,They for people or things,They cho người hoặc vật,Pre-A1.1,210–240 sec,173,24,DGE_MODULE_M07_PORTRAIT_9X16.jpg,FINAL,PASS
66,DGE0066,M07,Choose I or me,Chọn I hay me,Pre-A1.1,210–240 sec,190,20,DGE_MODULE_M07_PORTRAIT_9X16.jpg,FINAL,PASS
67,DGE0067,M07,Choose he or she,Chọn he hay she,Pre-A1.1,210–240 sec,212,16,DGE_MODULE_M07_PORTRAIT_9X16.jpg,FINAL,PASS
68,DGE0068,M07,Choose we or they,Chọn we hay they,Pre-A1.1,210–240 sec,194,22,DGE_MODULE_M07_PORTRAIT_9X16.jpg,FINAL,PASS
69,DGE0069,M07,Pronouns in a mini-dialogue,Đại từ trong hội thoại ngắn,Pre-A1.1,210–240 sec,170,18,DGE_MODULE_M07_PORTRAIT_9X16.jpg,FINAL,PASS
70,DGE0070,M07,Pronoun checkpoint,Ôn tập đại từ,Pre-A1.1,210–240 sec,192,16,DGE_MODULE_M07_PORTRAIT_9X16.jpg,FINAL,PASS
71,DGE0071,M08,I am,Cấu trúc I am,Pre-A1.1,210–240 sec,195,26,DGE_MODULE_M08_PORTRAIT_9X16.jpg,FINAL,PASS
72,DGE0072,M08,You are,Cấu trúc You are,Pre-A1.1,210–240 sec,195,26,DGE_MODULE_M08_PORTRAIT_9X16.jpg,FINAL,PASS
73,DGE0073,M08,He is,Cấu trúc He is,Pre-A1.1,210–240 sec,195,26,DGE_MODULE_M08_PORTRAIT_9X16.jpg,FINAL,PASS
74,DGE0074,M08,She is,Cấu trúc She is,Pre-A1.1,210–240 sec,195,26,DGE_MODULE_M08_PORTRAIT_9X16.jpg,FINAL,PASS
75,DGE0075,M08,It is,Cấu trúc It is,Pre-A1.1,210–240 sec,195,26,DGE_MODULE_M08_PORTRAIT_9X16.jpg,FINAL,PASS
76,DGE0076,M08,We are,Cấu trúc We are,Pre-A1.1,210–240 sec,195,26,DGE_MODULE_M08_PORTRAIT_9X16.jpg,FINAL,PASS
77,DGE0077,M08,They are,Cấu trúc They are,Pre-A1.1,210–240 sec,195,26,DGE_MODULE_M08_PORTRAIT_9X16.jpg,FINAL,PASS
78,DGE0078,M08,Negative forms of be,Dạng phủ định của be,Pre-A1.1,210–240 sec,206,20,DGE_MODULE_M08_PORTRAIT_9X16.jpg,FINAL,PASS
79,DGE0079,M08,Questions with be,Câu hỏi với be,Pre-A1.1,210–240 sec,202,20,DGE_MODULE_M08_PORTRAIT_9X16.jpg,FINAL,PASS
80,DGE0080,M08,Verb be checkpoint,Ôn tập động từ be,Pre-A1.1,210–240 sec,186,20,DGE_MODULE_M08_PORTRAIT_9X16.jpg,FINAL,PASS
81,DGE0081,M09,I’m Ben,Tôi là Ben,Pre-A1.1,210–240 sec,181,24,DGE_MODULE_M09_PORTRAIT_9X16.jpg,FINAL,PASS
82,DGE0082,M09,What’s your name?,Bạn tên là gì?,Pre-A1.1,210–240 sec,190,22,DGE_MODULE_M09_PORTRAIT_9X16.jpg,FINAL,PASS
83,DGE0083,M09,My name’s Mia,Tên tôi là Mia,Pre-A1.1,210–240 sec,190,22,DGE_MODULE_M09_PORTRAIT_9X16.jpg,FINAL,PASS
84,DGE0084,M09,Nice to meet you,Rất vui được gặp bạn,Pre-A1.1,210–240 sec,165,14,DGE_MODULE_M09_PORTRAIT_9X16.jpg,FINAL,PASS
85,DGE0085,M09,Where are you from?,Bạn đến từ đâu?,Pre-A1.1,210–240 sec,190,20,DGE_MODULE_M09_PORTRAIT_9X16.jpg,FINAL,PASS
86,DGE0086,M09,I’m from Vietnam,Tôi đến từ Việt Nam,Pre-A1.1,210–240 sec,170,20,DGE_MODULE_M09_PORTRAIT_9X16.jpg,FINAL,PASS
87,DGE0087,M09,I live in London,Tôi sống ở Luân Đôn,Pre-A1.1,210–240 sec,190,20,DGE_MODULE_M09_PORTRAIT_9X16.jpg,FINAL,PASS
88,DGE0088,M09,Introduce a friend,Giới thiệu một người bạn,Pre-A1.1,210–240 sec,202,20,DGE_MODULE_M09_PORTRAIT_9X16.jpg,FINAL,PASS
89,DGE0089,M09,A complete first introduction,Bài giới thiệu đầu tiên hoàn chỉnh,Pre-A1.1,210–240 sec,170,18,DGE_MODULE_M09_PORTRAIT_9X16.jpg,FINAL,PASS
90,DGE0090,M09,Introduction checkpoint,Ôn tập giới thiệu,Pre-A1.1,210–240 sec,214,20,DGE_MODULE_M09_PORTRAIT_9X16.jpg,FINAL,PASS
91,DGE0091,M10,Listen for letter names,Nghe tên chữ cái,Pre-A1.1,210–240 sec,189,24,DGE_MODULE_M10_PORTRAIT_9X16.jpg,FINAL,PASS
92,DGE0092,M10,Listen and spell a name,Nghe và đánh vần tên,Pre-A1.1,210–240 sec,192,16,DGE_MODULE_M10_PORTRAIT_9X16.jpg,FINAL,PASS
93,DGE0093,M10,Hear two different sounds,Nghe hai âm khác nhau,Pre-A1.1,210–240 sec,194,22,DGE_MODULE_M10_PORTRAIT_9X16.jpg,FINAL,PASS
94,DGE0094,M10,Choose the right greeting,Chọn lời chào phù hợp,Pre-A1.1,210–240 sec,198,18,DGE_MODULE_M10_PORTRAIT_9X16.jpg,FINAL,PASS
95,DGE0095,M10,Answer yes or no,Trả lời yes hoặc no,Pre-A1.1,210–240 sec,170,18,DGE_MODULE_M10_PORTRAIT_9X16.jpg,FINAL,PASS
96,DGE0096,M10,Ask for repetition,Yêu cầu nhắc lại,Pre-A1.1,210–240 sec,209,16,DGE_MODULE_M10_PORTRAIT_9X16.jpg,FINAL,PASS
97,DGE0097,M10,Choose the right pronoun,Chọn đúng đại từ,Pre-A1.1,210–240 sec,190,20,DGE_MODULE_M10_PORTRAIT_9X16.jpg,FINAL,PASS
98,DGE0098,M10,"Complete am, is or are","Điền am, is hoặc are",Pre-A1.1,210–240 sec,194,20,DGE_MODULE_M10_PORTRAIT_9X16.jpg,FINAL,PASS
99,DGE0099,M10,Role-play: meet someone new,Đóng vai: gặp người mới,Pre-A1.1,210–240 sec,156,18,DGE_MODULE_M10_PORTRAIT_9X16.jpg,FINAL,PASS
100,DGE0100,M10,Stage 1 speaking check,Kiểm tra nói Chặng 1,Pre-A1.1,210–240 sec,190,20,DGE_MODULE_M10_PORTRAIT_9X16.jpg,FINAL,PASS
101,DGE0101,M11,Numbers 0–20: zero to five,Số từ 0–20: số từ không đến năm,Pre-A1.2,210–240 sec,178,20,DGE_MODULE_M11_PORTRAIT_9X16.jpg,FINAL,PASS
102,DGE0102,M11,Numbers 0–20: six to ten,Số từ 0–20: số từ sáu đến mười,Pre-A1.2,210–240 sec,182,20,DGE_MODULE_M11_PORTRAIT_9X16.jpg,FINAL,PASS
103,DGE0103,M11,Numbers 0–20: eleven to fifteen,Số từ 0–20: số từ mười một đến mười lăm,Pre-A1.2,210–240 sec,164,18,DGE_MODULE_M11_PORTRAIT_9X16.jpg,FINAL,PASS
104,DGE0104,M11,Numbers 0–20: sixteen to twenty,Số từ 0–20: số từ mười sáu đến hai mươi,Pre-A1.2,210–240 sec,164,18,DGE_MODULE_M11_PORTRAIT_9X16.jpg,FINAL,PASS
105,DGE0105,M11,Numbers 0–20: How many are there?,Số từ 0–20: Có bao nhiêu?,Pre-A1.2,210–240 sec,202,20,DGE_MODULE_M11_PORTRAIT_9X16.jpg,FINAL,PASS
106,DGE0106,M11,Numbers 0–20: There are twelve.,Số từ 0–20: Có mười hai.,Pre-A1.2,210–240 sec,202,22,DGE_MODULE_M11_PORTRAIT_9X16.jpg,FINAL,PASS
107,DGE0107,M11,Numbers 0–20: similar number sounds,Số từ 0–20: các số có âm gần giống,Pre-A1.2,210–240 sec,164,18,DGE_MODULE_M11_PORTRAIT_9X16.jpg,FINAL,PASS
108,DGE0108,M11,Numbers 0–20: listen and choose a number,Số từ 0–20: nghe và chọn một số,Pre-A1.2,210–240 sec,200,18,DGE_MODULE_M11_PORTRAIT_9X16.jpg,FINAL,PASS
109,DGE0109,M11,Numbers 0–20: counting objects together,Số từ 0–20: cùng nhau đếm đồ vật,Pre-A1.2,210–240 sec,182,20,DGE_MODULE_M11_PORTRAIT_9X16.jpg,FINAL,PASS
110,DGE0110,M11,Numbers 0–20: numbers from zero to twenty,Số từ 0–20: các số từ không đến hai mươi,Pre-A1.2,210–240 sec,180,16,DGE_MODULE_M11_PORTRAIT_9X16.jpg,FINAL,PASS
111,DGE0111,M12,Numbers 21–100 and larger numbers: twenty-one to thirty,Số 21–100 và số lớn hơn: số từ hai mươi mốt đến ba mươi,Pre-A1.2,210–240 sec,160,16,DGE_MODULE_M12_PORTRAIT_9X16.jpg,FINAL,PASS
112,DGE0112,M12,Numbers 21–100 and larger numbers: thirty-one to fifty,Số 21–100 và số lớn hơn: số từ ba mươi mốt đến năm mươi,Pre-A1.2,210–240 sec,160,16,DGE_MODULE_M12_PORTRAIT_9X16.jpg,FINAL,PASS
113,DGE0113,M12,Numbers 21–100 and larger numbers: fifty-one to one hundred,Số 21–100 và số lớn hơn: số từ năm mươi mốt đến một trăm,Pre-A1.2,210–240 sec,176,16,DGE_MODULE_M12_PORTRAIT_9X16.jpg,FINAL,PASS
114,DGE0114,M12,Numbers 21–100 and larger numbers: one hundred and one thousand,Số 21–100 và số lớn hơn: một trăm và một nghìn,Pre-A1.2,210–240 sec,192,16,DGE_MODULE_M12_PORTRAIT_9X16.jpg,FINAL,PASS
115,DGE0115,M12,Numbers 21–100 and larger numbers: forty or fourteen,Số 21–100 và số lớn hơn: bốn mươi hay mười bốn,Pre-A1.2,210–240 sec,176,18,DGE_MODULE_M12_PORTRAIT_9X16.jpg,FINAL,PASS
116,DGE0116,M12,Numbers 21–100 and larger numbers: ninety or nineteen,Số 21–100 và số lớn hơn: chín mươi hay mười chín,Pre-A1.2,210–240 sec,176,18,DGE_MODULE_M12_PORTRAIT_9X16.jpg,FINAL,PASS
117,DGE0117,M12,Numbers 21–100 and larger numbers: teen and ty endings,Số 21–100 và số lớn hơn: đuôi teen và ty,Pre-A1.2,210–240 sec,194,18,DGE_MODULE_M12_PORTRAIT_9X16.jpg,FINAL,PASS
118,DGE0118,M12,Numbers 21–100 and larger numbers: listen and repeat larger numbers,Số 21–100 và số lớn hơn: nghe và lặp lại số lớn,Pre-A1.2,210–240 sec,192,16,DGE_MODULE_M12_PORTRAIT_9X16.jpg,FINAL,PASS
119,DGE0119,M12,Numbers 21–100 and larger numbers: say a quantity clearly,Số 21–100 và số lớn hơn: nói rõ một số lượng,Pre-A1.2,210–240 sec,194,18,DGE_MODULE_M12_PORTRAIT_9X16.jpg,FINAL,PASS
120,DGE0120,M12,Numbers 21–100 and larger numbers: numbers above twenty,Số 21–100 và số lớn hơn: các số lớn hơn hai mươi,Pre-A1.2,210–240 sec,176,18,DGE_MODULE_M12_PORTRAIT_9X16.jpg,FINAL,PASS
121,DGE0121,M13,Age and birthdays: How old are you?,Tuổi và sinh nhật: Bạn bao nhiêu tuổi?,Pre-A1.2,210–240 sec,202,20,DGE_MODULE_M13_PORTRAIT_9X16.jpg,FINAL,PASS
122,DGE0122,M13,Age and birthdays: I am twenty years old.,Tuổi và sinh nhật: Tôi hai mươi tuổi.,Pre-A1.2,210–240 sec,200,18,DGE_MODULE_M13_PORTRAIT_9X16.jpg,FINAL,PASS
123,DGE0123,M13,Age and birthdays: When is your birthday?,Tuổi và sinh nhật: Sinh nhật bạn khi nào?,Pre-A1.2,210–240 sec,182,18,DGE_MODULE_M13_PORTRAIT_9X16.jpg,FINAL,PASS
124,DGE0124,M13,Age and birthdays: My birthday is in May.,Tuổi và sinh nhật: Sinh nhật tôi vào tháng Năm.,Pre-A1.2,210–240 sec,200,18,DGE_MODULE_M13_PORTRAIT_9X16.jpg,FINAL,PASS
125,DGE0125,M13,Age and birthdays: birthday dates,Tuổi và sinh nhật: ngày sinh nhật,Pre-A1.2,210–240 sec,180,22,DGE_MODULE_M13_PORTRAIT_9X16.jpg,FINAL,PASS
126,DGE0126,M13,Age and birthdays: birthday wishes,Tuổi và sinh nhật: lời chúc sinh nhật,Pre-A1.2,210–240 sec,180,22,DGE_MODULE_M13_PORTRAIT_9X16.jpg,FINAL,PASS
127,DGE0127,M13,Age and birthdays: hear two different ages,Tuổi và sinh nhật: nghe hai độ tuổi khác nhau,Pre-A1.2,210–240 sec,182,18,DGE_MODULE_M13_PORTRAIT_9X16.jpg,FINAL,PASS
128,DGE0128,M13,Age and birthdays: answer an age question,Tuổi và sinh nhật: trả lời câu hỏi về tuổi,Pre-A1.2,210–240 sec,182,18,DGE_MODULE_M13_PORTRAIT_9X16.jpg,FINAL,PASS
129,DGE0129,M13,Age and birthdays: talk about a birthday,Tuổi và sinh nhật: nói về một sinh nhật,Pre-A1.2,210–240 sec,182,18,DGE_MODULE_M13_PORTRAIT_9X16.jpg,FINAL,PASS
130,DGE0130,M13,Age and birthdays: age and birthday review,Tuổi và sinh nhật: ôn tập tuổi và sinh nhật,Pre-A1.2,210–240 sec,182,18,DGE_MODULE_M13_PORTRAIT_9X16.jpg,FINAL,PASS
131,DGE0131,M14,Phone numbers and codes: What is your phone number?,Số điện thoại và mã số: Số điện thoại của bạn là gì?,Pre-A1.2,210–240 sec,184,16,DGE_MODULE_M14_PORTRAIT_9X16.jpg,FINAL,PASS
132,DGE0132,M14,Phone numbers and codes: My number is 07911 123456.,Số điện thoại và mã số: Số của tôi là 07911 123456.,Pre-A1.2,210–240 sec,184,16,DGE_MODULE_M14_PORTRAIT_9X16.jpg,FINAL,PASS
133,DGE0133,M14,Phone numbers and codes: say digits one by one,Số điện thoại và mã số: đọc từng chữ số,Pre-A1.2,210–240 sec,204,18,DGE_MODULE_M14_PORTRAIT_9X16.jpg,FINAL,PASS
134,DGE0134,M14,Phone numbers and codes: repeat a phone number,Số điện thoại và mã số: lặp lại một số điện thoại,Pre-A1.2,210–240 sec,186,18,DGE_MODULE_M14_PORTRAIT_9X16.jpg,FINAL,PASS
135,DGE0135,M14,Phone numbers and codes: check the last four digits,Số điện thoại và mã số: kiểm tra bốn số cuối,Pre-A1.2,210–240 sec,204,18,DGE_MODULE_M14_PORTRAIT_9X16.jpg,FINAL,PASS
136,DGE0136,M14,Phone numbers and codes: a simple access code,Số điện thoại và mã số: một mã truy cập đơn giản,Pre-A1.2,210–240 sec,186,18,DGE_MODULE_M14_PORTRAIT_9X16.jpg,FINAL,PASS
137,DGE0137,M14,Phone numbers and codes: hear similar phone numbers,Số điện thoại và mã số: nghe các số điện thoại gần giống,Pre-A1.2,210–240 sec,168,16,DGE_MODULE_M14_PORTRAIT_9X16.jpg,FINAL,PASS
138,DGE0138,M14,Phone numbers and codes: write the number you hear,Số điện thoại và mã số: viết số bạn nghe được,Pre-A1.2,210–240 sec,204,18,DGE_MODULE_M14_PORTRAIT_9X16.jpg,FINAL,PASS
139,DGE0139,M14,Phone numbers and codes: exchange contact numbers,Số điện thoại và mã số: trao đổi số liên lạc,Pre-A1.2,210–240 sec,186,20,DGE_MODULE_M14_PORTRAIT_9X16.jpg,FINAL,PASS
140,DGE0140,M14,Phone numbers and codes: phone number and code review,Số điện thoại và mã số: ôn tập số điện thoại và mã,Pre-A1.2,210–240 sec,184,16,DGE_MODULE_M14_PORTRAIT_9X16.jpg,FINAL,PASS
141,DGE0141,M15,Home addresses: What is your address?,Địa chỉ nhà: Địa chỉ của bạn là gì?,Pre-A1.2,210–240 sec,178,18,DGE_MODULE_M15_PORTRAIT_9X16.jpg,FINAL,PASS
142,DGE0142,M15,Home addresses: I live at 25 King Street.,Địa chỉ nhà: Tôi sống tại số 25 phố King.,Pre-A1.2,210–240 sec,192,16,DGE_MODULE_M15_PORTRAIT_9X16.jpg,FINAL,PASS
143,DGE0143,M15,Home addresses: house and flat numbers,Địa chỉ nhà: số nhà và số căn hộ,Pre-A1.2,210–240 sec,178,18,DGE_MODULE_M15_PORTRAIT_9X16.jpg,FINAL,PASS
144,DGE0144,M15,Home addresses: street and road names,Địa chỉ nhà: tên phố và tên đường,Pre-A1.2,210–240 sec,198,20,DGE_MODULE_M15_PORTRAIT_9X16.jpg,FINAL,PASS
145,DGE0145,M15,Home addresses: town and postcode,Địa chỉ nhà: thị trấn và mã bưu điện,Pre-A1.2,210–240 sec,178,20,DGE_MODULE_M15_PORTRAIT_9X16.jpg,FINAL,PASS
146,DGE0146,M15,Home addresses: check an address politely,Địa chỉ nhà: lịch sự kiểm tra địa chỉ,Pre-A1.2,210–240 sec,178,18,DGE_MODULE_M15_PORTRAIT_9X16.jpg,FINAL,PASS
147,DGE0147,M15,Home addresses: hear two different addresses,Địa chỉ nhà: nghe hai địa chỉ khác nhau,Pre-A1.2,210–240 sec,178,18,DGE_MODULE_M15_PORTRAIT_9X16.jpg,FINAL,PASS
148,DGE0148,M15,Home addresses: write a home address,Địa chỉ nhà: viết một địa chỉ nhà,Pre-A1.2,210–240 sec,198,20,DGE_MODULE_M15_PORTRAIT_9X16.jpg,FINAL,PASS
149,DGE0149,M15,Home addresses: give a complete address,Địa chỉ nhà: cung cấp địa chỉ đầy đủ,Pre-A1.2,210–240 sec,178,18,DGE_MODULE_M15_PORTRAIT_9X16.jpg,FINAL,PASS
150,DGE0150,M15,Home addresses: home address review,Địa chỉ nhà: ôn tập địa chỉ nhà,Pre-A1.2,210–240 sec,178,20,DGE_MODULE_M15_PORTRAIT_9X16.jpg,FINAL,PASS
151,DGE0151,M16,"Days, months and dates: days of the week","Thứ, tháng và ngày: các ngày trong tuần",Pre-A1.2,210–240 sec,206,20,DGE_MODULE_M16_PORTRAIT_9X16.jpg,FINAL,PASS
152,DGE0152,M16,"Days, months and dates: weekdays and weekends","Thứ, tháng và ngày: ngày thường và cuối tuần",Pre-A1.2,210–240 sec,186,20,DGE_MODULE_M16_PORTRAIT_9X16.jpg,FINAL,PASS
153,DGE0153,M16,"Days, months and dates: months from January to June","Thứ, tháng và ngày: các tháng từ tháng Một đến tháng Sáu",Pre-A1.2,210–240 sec,184,16,DGE_MODULE_M16_PORTRAIT_9X16.jpg,FINAL,PASS
154,DGE0154,M16,"Days, months and dates: months from July to December","Thứ, tháng và ngày: các tháng từ tháng Bảy đến tháng Mười Hai",Pre-A1.2,210–240 sec,165,14,DGE_MODULE_M16_PORTRAIT_9X16.jpg,FINAL,PASS
155,DGE0155,M16,"Days, months and dates: What is the date today?","Thứ, tháng và ngày: Hôm nay là ngày bao nhiêu?",Pre-A1.2,210–240 sec,184,16,DGE_MODULE_M16_PORTRAIT_9X16.jpg,FINAL,PASS
156,DGE0156,M16,"Days, months and dates: Today is the fifth of May.","Thứ, tháng và ngày: Hôm nay là ngày năm tháng Năm.",Pre-A1.2,210–240 sec,200,16,DGE_MODULE_M16_PORTRAIT_9X16.jpg,FINAL,PASS
157,DGE0157,M16,"Days, months and dates: hear similar dates","Thứ, tháng và ngày: nghe các ngày gần giống",Pre-A1.2,210–240 sec,186,20,DGE_MODULE_M16_PORTRAIT_9X16.jpg,FINAL,PASS
158,DGE0158,M16,"Days, months and dates: answer a date question","Thứ, tháng và ngày: trả lời câu hỏi về ngày tháng",Pre-A1.2,210–240 sec,168,16,DGE_MODULE_M16_PORTRAIT_9X16.jpg,FINAL,PASS
159,DGE0159,M16,"Days, months and dates: plan a day together","Thứ, tháng và ngày: cùng nhau lên kế hoạch một ngày",Pre-A1.2,210–240 sec,168,16,DGE_MODULE_M16_PORTRAIT_9X16.jpg,FINAL,PASS
160,DGE0160,M16,"Days, months and dates: day month and date review","Thứ, tháng và ngày: ôn tập thứ tháng và ngày",Pre-A1.2,210–240 sec,184,16,DGE_MODULE_M16_PORTRAIT_9X16.jpg,FINAL,PASS
161,DGE0161,M17,Clock time and daily times: What time is it?,Giờ đồng hồ và thời điểm trong ngày: Bây giờ là mấy giờ?,Pre-A1.2,210–240 sec,190,18,DGE_MODULE_M17_PORTRAIT_9X16.jpg,FINAL,PASS
162,DGE0162,M17,Clock time and daily times: It is seven o’clock.,Giờ đồng hồ và thời điểm trong ngày: Bây giờ là bảy giờ.,Pre-A1.2,210–240 sec,190,18,DGE_MODULE_M17_PORTRAIT_9X16.jpg,FINAL,PASS
163,DGE0163,M17,Clock time and daily times: half past eight,Giờ đồng hồ và thời điểm trong ngày: tám giờ rưỡi,Pre-A1.2,210–240 sec,190,20,DGE_MODULE_M17_PORTRAIT_9X16.jpg,FINAL,PASS
164,DGE0164,M17,Clock time and daily times: quarter past nine,Giờ đồng hồ và thời điểm trong ngày: chín giờ mười lăm,Pre-A1.2,210–240 sec,190,20,DGE_MODULE_M17_PORTRAIT_9X16.jpg,FINAL,PASS
165,DGE0165,M17,Clock time and daily times: quarter to ten,Giờ đồng hồ và thời điểm trong ngày: mười giờ kém mười lăm,Pre-A1.2,210–240 sec,172,18,DGE_MODULE_M17_PORTRAIT_9X16.jpg,FINAL,PASS
166,DGE0166,M17,Clock time and daily times: morning afternoon and evening,Giờ đồng hồ và thời điểm trong ngày: buổi sáng buổi chiều và buổi tối,Pre-A1.2,210–240 sec,172,16,DGE_MODULE_M17_PORTRAIT_9X16.jpg,FINAL,PASS
167,DGE0167,M17,Clock time and daily times: hear two different times,Giờ đồng hồ và thời điểm trong ngày: nghe hai giờ khác nhau,Pre-A1.2,210–240 sec,190,18,DGE_MODULE_M17_PORTRAIT_9X16.jpg,FINAL,PASS
168,DGE0168,M17,Clock time and daily times: answer a time question,Giờ đồng hồ và thời điểm trong ngày: trả lời câu hỏi về giờ,Pre-A1.2,210–240 sec,172,16,DGE_MODULE_M17_PORTRAIT_9X16.jpg,FINAL,PASS
169,DGE0169,M17,Clock time and daily times: arrange a simple meeting time,Giờ đồng hồ và thời điểm trong ngày: sắp xếp giờ gặp đơn giản,Pre-A1.2,210–240 sec,188,16,DGE_MODULE_M17_PORTRAIT_9X16.jpg,FINAL,PASS
170,DGE0170,M17,Clock time and daily times: clock time review,Giờ đồng hồ và thời điểm trong ngày: ôn tập cách nói giờ,Pre-A1.2,210–240 sec,172,18,DGE_MODULE_M17_PORTRAIT_9X16.jpg,FINAL,PASS
171,DGE0171,M18,Prices and simple money: How much is it?,Giá tiền và tiền tệ cơ bản: Cái này giá bao nhiêu?,Pre-A1.2,210–240 sec,186,18,DGE_MODULE_M18_PORTRAIT_9X16.jpg,FINAL,PASS
172,DGE0172,M18,Prices and simple money: It is five pounds.,Giá tiền và tiền tệ cơ bản: Nó có giá năm bảng.,Pre-A1.2,210–240 sec,186,18,DGE_MODULE_M18_PORTRAIT_9X16.jpg,FINAL,PASS
173,DGE0173,M18,Prices and simple money: pounds and pence,Giá tiền và tiền tệ cơ bản: bảng và xu,Pre-A1.2,210–240 sec,186,20,DGE_MODULE_M18_PORTRAIT_9X16.jpg,FINAL,PASS
174,DGE0174,M18,Prices and simple money: read a price clearly,Giá tiền và tiền tệ cơ bản: đọc rõ một mức giá,Pre-A1.2,210–240 sec,186,18,DGE_MODULE_M18_PORTRAIT_9X16.jpg,FINAL,PASS
175,DGE0175,M18,Prices and simple money: cheap or expensive,Giá tiền và tiền tệ cơ bản: rẻ hay đắt,Pre-A1.2,210–240 sec,186,20,DGE_MODULE_M18_PORTRAIT_9X16.jpg,FINAL,PASS
176,DGE0176,M18,Prices and simple money: pay with cash or card,Giá tiền và tiền tệ cơ bản: trả bằng tiền mặt hoặc thẻ,Pre-A1.2,210–240 sec,184,16,DGE_MODULE_M18_PORTRAIT_9X16.jpg,FINAL,PASS
177,DGE0177,M18,Prices and simple money: hear two different prices,Giá tiền và tiền tệ cơ bản: nghe hai mức giá khác nhau,Pre-A1.2,210–240 sec,186,18,DGE_MODULE_M18_PORTRAIT_9X16.jpg,FINAL,PASS
178,DGE0178,M18,Prices and simple money: answer a price question,Giá tiền và tiền tệ cơ bản: trả lời câu hỏi về giá,Pre-A1.2,210–240 sec,186,18,DGE_MODULE_M18_PORTRAIT_9X16.jpg,FINAL,PASS
179,DGE0179,M18,Prices and simple money: buy one simple item,Giá tiền và tiền tệ cơ bản: mua một món đồ đơn giản,Pre-A1.2,210–240 sec,186,18,DGE_MODULE_M18_PORTRAIT_9X16.jpg,FINAL,PASS
180,DGE0180,M18,Prices and simple money: price and money review,Giá tiền và tiền tệ cơ bản: ôn tập giá cả và tiền,Pre-A1.2,210–240 sec,186,18,DGE_MODULE_M18_PORTRAIT_9X16.jpg,FINAL,PASS
181,DGE0181,M19,"Countries, nationalities and languages: Where are you from?","Quốc gia, quốc tịch và ngôn ngữ: Bạn đến từ đâu?",Pre-A1.2,210–240 sec,186,18,DGE_MODULE_M19_PORTRAIT_9X16.jpg,FINAL,PASS
182,DGE0182,M19,"Countries, nationalities and languages: I am from Vietnam.","Quốc gia, quốc tịch và ngôn ngữ: Tôi đến từ Việt Nam.",Pre-A1.2,210–240 sec,186,18,DGE_MODULE_M19_PORTRAIT_9X16.jpg,FINAL,PASS
183,DGE0183,M19,"Countries, nationalities and languages: British and Vietnamese","Quốc gia, quốc tịch và ngôn ngữ: người Anh và người Việt",Pre-A1.2,210–240 sec,168,18,DGE_MODULE_M19_PORTRAIT_9X16.jpg,FINAL,PASS
184,DGE0184,M19,"Countries, nationalities and languages: country and nationality names","Quốc gia, quốc tịch và ngôn ngữ: tên quốc gia và quốc tịch",Pre-A1.2,210–240 sec,186,18,DGE_MODULE_M19_PORTRAIT_9X16.jpg,FINAL,PASS
185,DGE0185,M19,"Countries, nationalities and languages: What language do you speak?","Quốc gia, quốc tịch và ngôn ngữ: Bạn nói ngôn ngữ nào?",Pre-A1.2,210–240 sec,204,18,DGE_MODULE_M19_PORTRAIT_9X16.jpg,FINAL,PASS
186,DGE0186,M19,"Countries, nationalities and languages: I speak Vietnamese and English.","Quốc gia, quốc tịch và ngôn ngữ: Tôi nói tiếng Việt và tiếng Anh.",Pre-A1.2,210–240 sec,184,16,DGE_MODULE_M19_PORTRAIT_9X16.jpg,FINAL,PASS
187,DGE0187,M19,"Countries, nationalities and languages: hear two country names","Quốc gia, quốc tịch và ngôn ngữ: nghe hai tên quốc gia",Pre-A1.2,210–240 sec,186,18,DGE_MODULE_M19_PORTRAIT_9X16.jpg,FINAL,PASS
188,DGE0188,M19,"Countries, nationalities and languages: answer a country question","Quốc gia, quốc tịch và ngôn ngữ: trả lời câu hỏi về quốc gia",Pre-A1.2,210–240 sec,168,16,DGE_MODULE_M19_PORTRAIT_9X16.jpg,FINAL,PASS
189,DGE0189,M19,"Countries, nationalities and languages: meet an international friend","Quốc gia, quốc tịch và ngôn ngữ: gặp một người bạn quốc tế",Pre-A1.2,210–240 sec,186,18,DGE_MODULE_M19_PORTRAIT_9X16.jpg,FINAL,PASS
190,DGE0190,M19,"Countries, nationalities and languages: country nationality and language review","Quốc gia, quốc tịch và ngôn ngữ: ôn tập quốc gia quốc tịch và ngôn ngữ",Pre-A1.2,210–240 sec,165,14,DGE_MODULE_M19_PORTRAIT_9X16.jpg,FINAL,PASS
191,DGE0191,M20,Identity information checkpoint: say your full name,Kiểm tra thông tin cá nhân: nói họ tên đầy đủ,Pre-A1.2,210–240 sec,182,18,DGE_MODULE_M20_PORTRAIT_9X16.jpg,FINAL,PASS
192,DGE0192,M20,Identity information checkpoint: spell your family name,Kiểm tra thông tin cá nhân: đánh vần họ của bạn,Pre-A1.2,210–240 sec,182,18,DGE_MODULE_M20_PORTRAIT_9X16.jpg,FINAL,PASS
193,DGE0193,M20,Identity information checkpoint: give your age,Kiểm tra thông tin cá nhân: nói tuổi của bạn,Pre-A1.2,210–240 sec,182,20,DGE_MODULE_M20_PORTRAIT_9X16.jpg,FINAL,PASS
194,DGE0194,M20,Identity information checkpoint: give your phone number,Kiểm tra thông tin cá nhân: cung cấp số điện thoại,Pre-A1.2,210–240 sec,182,18,DGE_MODULE_M20_PORTRAIT_9X16.jpg,FINAL,PASS
195,DGE0195,M20,Identity information checkpoint: give your home address,Kiểm tra thông tin cá nhân: cung cấp địa chỉ nhà,Pre-A1.2,210–240 sec,182,18,DGE_MODULE_M20_PORTRAIT_9X16.jpg,FINAL,PASS
196,DGE0196,M20,Identity information checkpoint: say your birthday,Kiểm tra thông tin cá nhân: nói ngày sinh nhật,Pre-A1.2,210–240 sec,182,20,DGE_MODULE_M20_PORTRAIT_9X16.jpg,FINAL,PASS
197,DGE0197,M20,Identity information checkpoint: hear personal details,Kiểm tra thông tin cá nhân: nghe thông tin cá nhân,Pre-A1.2,210–240 sec,182,20,DGE_MODULE_M20_PORTRAIT_9X16.jpg,FINAL,PASS
198,DGE0198,M20,Identity information checkpoint: answer identity questions,Kiểm tra thông tin cá nhân: trả lời câu hỏi cá nhân,Pre-A1.2,210–240 sec,164,18,DGE_MODULE_M20_PORTRAIT_9X16.jpg,FINAL,PASS
199,DGE0199,M20,Identity information checkpoint: complete an identity conversation,Kiểm tra thông tin cá nhân: hoàn thành hội thoại thông tin cá nhân,Pre-A1.2,210–240 sec,164,16,DGE_MODULE_M20_PORTRAIT_9X16.jpg,FINAL,PASS
200,DGE0200,M20,Identity information checkpoint: identity information review,Kiểm tra thông tin cá nhân: ôn tập thông tin cá nhân,Pre-A1.2,210–240 sec,164,18,DGE_MODULE_M20_PORTRAIT_9X16.jpg,FINAL,PASS
201,DGE0201,M21,"This, that, these and those: this and that","This, that, these và those: this và that",Pre-A1.3,210–240 sec,190,20,DGE_MODULE_M21_PORTRAIT_9X16.jpg,FINAL,PASS
202,DGE0202,M21,"This, that, these and those: these and those","This, that, these và those: these và those",Pre-A1.3,210–240 sec,206,22,DGE_MODULE_M21_PORTRAIT_9X16.jpg,FINAL,PASS
203,DGE0203,M21,"This, that, these and those: What is this?","This, that, these và those: Đây là cái gì?",Pre-A1.3,210–240 sec,190,20,DGE_MODULE_M21_PORTRAIT_9X16.jpg,FINAL,PASS
204,DGE0204,M21,"This, that, these and those: What are those?","This, that, these và those: Những thứ kia là gì?",Pre-A1.3,210–240 sec,190,20,DGE_MODULE_M21_PORTRAIT_9X16.jpg,FINAL,PASS
205,DGE0205,M21,"This, that, these and those: near and far objects","This, that, these và those: đồ vật ở gần và ở xa",Pre-A1.3,210–240 sec,172,16,DGE_MODULE_M21_PORTRAIT_9X16.jpg,FINAL,PASS
206,DGE0206,M21,"This, that, these and those: point to everyday things","This, that, these và those: chỉ vào đồ vật hằng ngày",Pre-A1.3,210–240 sec,190,18,DGE_MODULE_M21_PORTRAIT_9X16.jpg,FINAL,PASS
207,DGE0207,M21,"This, that, these and those: hear this or these","This, that, these và those: nghe this hay these",Pre-A1.3,210–240 sec,210,20,DGE_MODULE_M21_PORTRAIT_9X16.jpg,FINAL,PASS
208,DGE0208,M21,"This, that, these and those: answer with that or those","This, that, these và those: trả lời bằng that hoặc those",Pre-A1.3,210–240 sec,188,16,DGE_MODULE_M21_PORTRAIT_9X16.jpg,FINAL,PASS
209,DGE0209,M21,"This, that, these and those: talk about objects nearby","This, that, these và those: nói về đồ vật ở gần",Pre-A1.3,210–240 sec,190,18,DGE_MODULE_M21_PORTRAIT_9X16.jpg,FINAL,PASS
210,DGE0210,M21,"This, that, these and those: this that these those review","This, that, these và those: ôn tập this that these those",Pre-A1.3,210–240 sec,188,16,DGE_MODULE_M21_PORTRAIT_9X16.jpg,FINAL,PASS
211,DGE0211,M22,"A, an and the: a book and a pen","Mạo từ a, an và the: một quyển sách và một cây bút",Pre-A1.3,210–240 sec,184,16,DGE_MODULE_M22_PORTRAIT_9X16.jpg,FINAL,PASS
212,DGE0212,M22,"A, an and the: an apple and an egg","Mạo từ a, an và the: một quả táo và một quả trứng",Pre-A1.3,210–240 sec,184,16,DGE_MODULE_M22_PORTRAIT_9X16.jpg,FINAL,PASS
213,DGE0213,M22,"A, an and the: the sun and the moon","Mạo từ a, an và the: mặt trời và mặt trăng",Pre-A1.3,210–240 sec,204,18,DGE_MODULE_M22_PORTRAIT_9X16.jpg,FINAL,PASS
214,DGE0214,M22,"A, an and the: choose a or an","Mạo từ a, an và the: chọn a hoặc an",Pre-A1.3,210–240 sec,206,20,DGE_MODULE_M22_PORTRAIT_9X16.jpg,FINAL,PASS
215,DGE0215,M22,"A, an and the: use the for one clear thing","Mạo từ a, an và the: dùng the cho một vật đã xác định",Pre-A1.3,210–240 sec,179,14,DGE_MODULE_M22_PORTRAIT_9X16.jpg,FINAL,PASS
216,DGE0216,M22,"A, an and the: articles with everyday objects","Mạo từ a, an và the: mạo từ với đồ vật hằng ngày",Pre-A1.3,210–240 sec,168,16,DGE_MODULE_M22_PORTRAIT_9X16.jpg,FINAL,PASS
217,DGE0217,M22,"A, an and the: hear a or an","Mạo từ a, an và the: nghe a hoặc an",Pre-A1.3,210–240 sec,206,20,DGE_MODULE_M22_PORTRAIT_9X16.jpg,FINAL,PASS
218,DGE0218,M22,"A, an and the: answer with the correct article","Mạo từ a, an và the: trả lời bằng mạo từ đúng",Pre-A1.3,210–240 sec,184,16,DGE_MODULE_M22_PORTRAIT_9X16.jpg,FINAL,PASS
219,DGE0219,M22,"A, an and the: describe objects with articles","Mạo từ a, an và the: mô tả đồ vật bằng mạo từ",Pre-A1.3,210–240 sec,168,16,DGE_MODULE_M22_PORTRAIT_9X16.jpg,FINAL,PASS
220,DGE0220,M22,"A, an and the: a an and the review","Mạo từ a, an và the: ôn tập a an và the",Pre-A1.3,210–240 sec,184,16,DGE_MODULE_M22_PORTRAIT_9X16.jpg,FINAL,PASS
221,DGE0221,M23,Singular and plural nouns: one book and two books,Danh từ số ít và số nhiều: một quyển sách và hai quyển sách,Pre-A1.3,210–240 sec,184,16,DGE_MODULE_M23_PORTRAIT_9X16.jpg,FINAL,PASS
222,DGE0222,M23,Singular and plural nouns: one box and three boxes,Danh từ số ít và số nhiều: một chiếc hộp và ba chiếc hộp,Pre-A1.3,210–240 sec,184,16,DGE_MODULE_M23_PORTRAIT_9X16.jpg,FINAL,PASS
223,DGE0223,M23,Singular and plural nouns: one baby and two babies,Danh từ số ít và số nhiều: một em bé và hai em bé,Pre-A1.3,210–240 sec,184,16,DGE_MODULE_M23_PORTRAIT_9X16.jpg,FINAL,PASS
224,DGE0224,M23,Singular and plural nouns: one child and two children,Danh từ số ít và số nhiều: một đứa trẻ và hai đứa trẻ,Pre-A1.3,210–240 sec,184,16,DGE_MODULE_M23_PORTRAIT_9X16.jpg,FINAL,PASS
225,DGE0225,M23,Singular and plural nouns: add s for regular plurals,Danh từ số ít và số nhiều: thêm s cho danh từ số nhiều thông thường,Pre-A1.3,210–240 sec,165,14,DGE_MODULE_M23_PORTRAIT_9X16.jpg,FINAL,PASS
226,DGE0226,M23,Singular and plural nouns: special plural forms,Danh từ số ít và số nhiều: các dạng số nhiều đặc biệt,Pre-A1.3,210–240 sec,168,18,DGE_MODULE_M23_PORTRAIT_9X16.jpg,FINAL,PASS
227,DGE0227,M23,Singular and plural nouns: hear singular or plural,Danh từ số ít và số nhiều: nghe danh từ số ít hay số nhiều,Pre-A1.3,210–240 sec,168,16,DGE_MODULE_M23_PORTRAIT_9X16.jpg,FINAL,PASS
228,DGE0228,M23,Singular and plural nouns: answer with one or many,Danh từ số ít và số nhiều: trả lời với một hoặc nhiều,Pre-A1.3,210–240 sec,184,16,DGE_MODULE_M23_PORTRAIT_9X16.jpg,FINAL,PASS
229,DGE0229,M23,Singular and plural nouns: count everyday objects,Danh từ số ít và số nhiều: đếm các đồ vật hằng ngày,Pre-A1.3,210–240 sec,168,18,DGE_MODULE_M23_PORTRAIT_9X16.jpg,FINAL,PASS
230,DGE0230,M23,Singular and plural nouns: singular and plural review,Danh từ số ít và số nhiều: ôn tập danh từ số ít và số nhiều,Pre-A1.3,210–240 sec,168,16,DGE_MODULE_M23_PORTRAIT_9X16.jpg,FINAL,PASS
231,DGE0231,M24,Possessive adjectives: my name and my bag,Tính từ sở hữu: tên của tôi và túi của tôi,Pre-A1.3,210–240 sec,176,16,DGE_MODULE_M24_PORTRAIT_9X16.jpg,FINAL,PASS
232,DGE0232,M24,Possessive adjectives: your phone and your book,Tính từ sở hữu: điện thoại của bạn và sách của bạn,Pre-A1.3,210–240 sec,176,16,DGE_MODULE_M24_PORTRAIT_9X16.jpg,FINAL,PASS
233,DGE0233,M24,Possessive adjectives: his coat and his key,Tính từ sở hữu: áo khoác của anh ấy và chìa khóa của anh ấy,Pre-A1.3,210–240 sec,157,14,DGE_MODULE_M24_PORTRAIT_9X16.jpg,FINAL,PASS
234,DGE0234,M24,Possessive adjectives: her cup and her chair,Tính từ sở hữu: cốc của cô ấy và ghế của cô ấy,Pre-A1.3,210–240 sec,176,16,DGE_MODULE_M24_PORTRAIT_9X16.jpg,FINAL,PASS
235,DGE0235,M24,Possessive adjectives: our home and our family,Tính từ sở hữu: nhà của chúng ta và gia đình của chúng ta,Pre-A1.3,210–240 sec,157,14,DGE_MODULE_M24_PORTRAIT_9X16.jpg,FINAL,PASS
236,DGE0236,M24,Possessive adjectives: their car and their room,Tính từ sở hữu: xe của họ và phòng của họ,Pre-A1.3,210–240 sec,176,16,DGE_MODULE_M24_PORTRAIT_9X16.jpg,FINAL,PASS
237,DGE0237,M24,Possessive adjectives: hear his or her,Tính từ sở hữu: nghe his hay her,Pre-A1.3,210–240 sec,198,20,DGE_MODULE_M24_PORTRAIT_9X16.jpg,FINAL,PASS
238,DGE0238,M24,Possessive adjectives: answer with a possessive word,Tính từ sở hữu: trả lời bằng từ sở hữu,Pre-A1.3,210–240 sec,196,18,DGE_MODULE_M24_PORTRAIT_9X16.jpg,FINAL,PASS
239,DGE0239,M24,Possessive adjectives: talk about personal things,Tính từ sở hữu: nói về đồ dùng cá nhân,Pre-A1.3,210–240 sec,178,18,DGE_MODULE_M24_PORTRAIT_9X16.jpg,FINAL,PASS
240,DGE0240,M24,Possessive adjectives: possessive adjective review,Tính từ sở hữu: ôn tập tính từ sở hữu,Pre-A1.3,210–240 sec,160,18,DGE_MODULE_M24_PORTRAIT_9X16.jpg,FINAL,PASS
241,DGE0241,M25,Have and has: I have a pen.,Have và has: Tôi có một cây bút.,Pre-A1.3,210–240 sec,182,18,DGE_MODULE_M25_PORTRAIT_9X16.jpg,FINAL,PASS
242,DGE0242,M25,Have and has: You have a new bag.,Have và has: Bạn có một chiếc túi mới.,Pre-A1.3,210–240 sec,200,18,DGE_MODULE_M25_PORTRAIT_9X16.jpg,FINAL,PASS
243,DGE0243,M25,Have and has: He has a blue car.,Have và has: Anh ấy có một chiếc xe màu xanh.,Pre-A1.3,210–240 sec,180,16,DGE_MODULE_M25_PORTRAIT_9X16.jpg,FINAL,PASS
244,DGE0244,M25,Have and has: She has a small cat.,Have và has: Cô ấy có một con mèo nhỏ.,Pre-A1.3,210–240 sec,180,16,DGE_MODULE_M25_PORTRAIT_9X16.jpg,FINAL,PASS
245,DGE0245,M25,Have and has: We have two books.,Have và has: Chúng ta có hai quyển sách.,Pre-A1.3,210–240 sec,182,18,DGE_MODULE_M25_PORTRAIT_9X16.jpg,FINAL,PASS
246,DGE0246,M25,Have and has: They have a large room.,Have và has: Họ có một căn phòng lớn.,Pre-A1.3,210–240 sec,200,18,DGE_MODULE_M25_PORTRAIT_9X16.jpg,FINAL,PASS
247,DGE0247,M25,Have and has: hear have or has,Have và has: nghe have hay has,Pre-A1.3,210–240 sec,202,20,DGE_MODULE_M25_PORTRAIT_9X16.jpg,FINAL,PASS
248,DGE0248,M25,Have and has: answer a have question,Have và has: trả lời câu hỏi với have,Pre-A1.3,210–240 sec,182,18,DGE_MODULE_M25_PORTRAIT_9X16.jpg,FINAL,PASS
249,DGE0249,M25,Have and has: talk about things people have,Have và has: nói về những thứ mọi người có,Pre-A1.3,210–240 sec,180,16,DGE_MODULE_M25_PORTRAIT_9X16.jpg,FINAL,PASS
250,DGE0250,M25,Have and has: have and has review,Have và has: ôn tập have và has,Pre-A1.3,210–240 sec,182,18,DGE_MODULE_M25_PORTRAIT_9X16.jpg,FINAL,PASS
251,DGE0251,M26,Can and cannot: I can swim.,Can và cannot: Tôi có thể bơi.,Pre-A1.3,210–240 sec,182,20,DGE_MODULE_M26_PORTRAIT_9X16.jpg,FINAL,PASS
252,DGE0252,M26,Can and cannot: I cannot drive.,Can và cannot: Tôi không thể lái xe.,Pre-A1.3,210–240 sec,182,20,DGE_MODULE_M26_PORTRAIT_9X16.jpg,FINAL,PASS
253,DGE0253,M26,Can and cannot: Can you help me?,Can và cannot: Bạn có thể giúp tôi không?,Pre-A1.3,210–240 sec,182,18,DGE_MODULE_M26_PORTRAIT_9X16.jpg,FINAL,PASS
254,DGE0254,M26,"Can and cannot: Yes, I can.","Can và cannot: Vâng, tôi có thể.",Pre-A1.3,210–240 sec,182,20,DGE_MODULE_M26_PORTRAIT_9X16.jpg,FINAL,PASS
255,DGE0255,M26,"Can and cannot: No, I cannot.","Can và cannot: Không, tôi không thể.",Pre-A1.3,210–240 sec,182,20,DGE_MODULE_M26_PORTRAIT_9X16.jpg,FINAL,PASS
256,DGE0256,M26,Can and cannot: talk about simple abilities,Can và cannot: nói về khả năng đơn giản,Pre-A1.3,210–240 sec,182,18,DGE_MODULE_M26_PORTRAIT_9X16.jpg,FINAL,PASS
257,DGE0257,M26,Can and cannot: hear can or cannot,Can và cannot: nghe can hay cannot,Pre-A1.3,210–240 sec,202,20,DGE_MODULE_M26_PORTRAIT_9X16.jpg,FINAL,PASS
258,DGE0258,M26,Can and cannot: answer a can question,Can và cannot: trả lời câu hỏi với can,Pre-A1.3,210–240 sec,182,18,DGE_MODULE_M26_PORTRAIT_9X16.jpg,FINAL,PASS
259,DGE0259,M26,Can and cannot: ask for simple help,Can và cannot: yêu cầu sự giúp đỡ đơn giản,Pre-A1.3,210–240 sec,182,18,DGE_MODULE_M26_PORTRAIT_9X16.jpg,FINAL,PASS
260,DGE0260,M26,Can and cannot: can and cannot review,Can và cannot: ôn tập can và cannot,Pre-A1.3,210–240 sec,182,18,DGE_MODULE_M26_PORTRAIT_9X16.jpg,FINAL,PASS
261,DGE0261,M27,"Want, need and like: I want some water.","Want, need và like: Tôi muốn một ít nước.",Pre-A1.3,210–240 sec,186,18,DGE_MODULE_M27_PORTRAIT_9X16.jpg,FINAL,PASS
262,DGE0262,M27,"Want, need and like: I need a new pen.","Want, need và like: Tôi cần một cây bút mới.",Pre-A1.3,210–240 sec,184,16,DGE_MODULE_M27_PORTRAIT_9X16.jpg,FINAL,PASS
263,DGE0263,M27,"Want, need and like: I like this book.","Want, need và like: Tôi thích quyển sách này.",Pre-A1.3,210–240 sec,186,18,DGE_MODULE_M27_PORTRAIT_9X16.jpg,FINAL,PASS
264,DGE0264,M27,"Want, need and like: Do you want tea?","Want, need và like: Bạn có muốn trà không?",Pre-A1.3,210–240 sec,186,18,DGE_MODULE_M27_PORTRAIT_9X16.jpg,FINAL,PASS
265,DGE0265,M27,"Want, need and like: Do you need help?","Want, need và like: Bạn có cần giúp đỡ không?",Pre-A1.3,210–240 sec,186,18,DGE_MODULE_M27_PORTRAIT_9X16.jpg,FINAL,PASS
266,DGE0266,M27,"Want, need and like: What do you like?","Want, need và like: Bạn thích gì?",Pre-A1.3,210–240 sec,206,20,DGE_MODULE_M27_PORTRAIT_9X16.jpg,FINAL,PASS
267,DGE0267,M27,"Want, need and like: hear want need or like","Want, need và like: nghe want need hay like",Pre-A1.3,210–240 sec,204,18,DGE_MODULE_M27_PORTRAIT_9X16.jpg,FINAL,PASS
268,DGE0268,M27,"Want, need and like: answer about wants and needs","Want, need và like: trả lời về mong muốn và nhu cầu",Pre-A1.3,210–240 sec,184,16,DGE_MODULE_M27_PORTRAIT_9X16.jpg,FINAL,PASS
269,DGE0269,M27,"Want, need and like: talk about things you like","Want, need và like: nói về những thứ bạn thích",Pre-A1.3,210–240 sec,184,16,DGE_MODULE_M27_PORTRAIT_9X16.jpg,FINAL,PASS
270,DGE0270,M27,"Want, need and like: want need and like review","Want, need và like: ôn tập want need và like",Pre-A1.3,210–240 sec,184,16,DGE_MODULE_M27_PORTRAIT_9X16.jpg,FINAL,PASS
271,DGE0271,M28,"What, who and which questions: What is this?","Câu hỏi what, who và which: Đây là cái gì?",Pre-A1.3,210–240 sec,183,14,DGE_MODULE_M28_PORTRAIT_9X16.jpg,FINAL,PASS
272,DGE0272,M28,"What, who and which questions: Who is that?","Câu hỏi what, who và which: Người kia là ai?",Pre-A1.3,210–240 sec,190,20,DGE_MODULE_M28_PORTRAIT_9X16.jpg,FINAL,PASS
273,DGE0273,M28,"What, who and which questions: Which book is yours?","Câu hỏi what, who và which: Quyển sách nào là của bạn?",Pre-A1.3,210–240 sec,190,18,DGE_MODULE_M28_PORTRAIT_9X16.jpg,FINAL,PASS
274,DGE0274,M28,"What, who and which questions: What do you want?","Câu hỏi what, who và which: Bạn muốn gì?",Pre-A1.3,210–240 sec,210,20,DGE_MODULE_M28_PORTRAIT_9X16.jpg,FINAL,PASS
275,DGE0275,M28,"What, who and which questions: Who can help us?","Câu hỏi what, who và which: Ai có thể giúp chúng ta?",Pre-A1.3,210–240 sec,190,18,DGE_MODULE_M28_PORTRAIT_9X16.jpg,FINAL,PASS
276,DGE0276,M28,"What, who and which questions: Which one do you like?","Câu hỏi what, who và which: Bạn thích cái nào?",Pre-A1.3,210–240 sec,208,18,DGE_MODULE_M28_PORTRAIT_9X16.jpg,FINAL,PASS
277,DGE0277,M28,"What, who and which questions: hear what who or which","Câu hỏi what, who và which: nghe what who hay which",Pre-A1.3,210–240 sec,208,18,DGE_MODULE_M28_PORTRAIT_9X16.jpg,FINAL,PASS
278,DGE0278,M28,"What, who and which questions: answer a short question","Câu hỏi what, who và which: trả lời một câu hỏi ngắn",Pre-A1.3,210–240 sec,190,18,DGE_MODULE_M28_PORTRAIT_9X16.jpg,FINAL,PASS
279,DGE0279,M28,"What, who and which questions: ask about people and things","Câu hỏi what, who và which: hỏi về người và đồ vật",Pre-A1.3,210–240 sec,188,16,DGE_MODULE_M28_PORTRAIT_9X16.jpg,FINAL,PASS
280,DGE0280,M28,"What, who and which questions: what who and which review","Câu hỏi what, who và which: ôn tập what who và which",Pre-A1.3,210–240 sec,188,16,DGE_MODULE_M28_PORTRAIT_9X16.jpg,FINAL,PASS
281,DGE0281,M29,"Where, when, why and how questions: Where do you live?","Câu hỏi where, when, why và how: Bạn sống ở đâu?",Pre-A1.3,210–240 sec,194,18,DGE_MODULE_M29_PORTRAIT_9X16.jpg,FINAL,PASS
282,DGE0282,M29,"Where, when, why and how questions: When is your birthday?","Câu hỏi where, when, why và how: Sinh nhật bạn khi nào?",Pre-A1.3,210–240 sec,194,18,DGE_MODULE_M29_PORTRAIT_9X16.jpg,FINAL,PASS
283,DGE0283,M29,"Where, when, why and how questions: Why are you here?","Câu hỏi where, when, why và how: Tại sao bạn ở đây?",Pre-A1.3,210–240 sec,194,18,DGE_MODULE_M29_PORTRAIT_9X16.jpg,FINAL,PASS
284,DGE0284,M29,"Where, when, why and how questions: How are you today?","Câu hỏi where, when, why và how: Hôm nay bạn thế nào?",Pre-A1.3,210–240 sec,194,18,DGE_MODULE_M29_PORTRAIT_9X16.jpg,FINAL,PASS
285,DGE0285,M29,"Where, when, why and how questions: Where is my phone?","Câu hỏi where, when, why và how: Điện thoại của tôi ở đâu?",Pre-A1.3,210–240 sec,176,16,DGE_MODULE_M29_PORTRAIT_9X16.jpg,FINAL,PASS
286,DGE0286,M29,"Where, when, why and how questions: How do you spell it?","Câu hỏi where, when, why và how: Bạn đánh vần từ đó thế nào?",Pre-A1.3,210–240 sec,192,16,DGE_MODULE_M29_PORTRAIT_9X16.jpg,FINAL,PASS
287,DGE0287,M29,"Where, when, why and how questions: hear the question word","Câu hỏi where, when, why và how: nghe từ để hỏi",Pre-A1.3,210–240 sec,194,18,DGE_MODULE_M29_PORTRAIT_9X16.jpg,FINAL,PASS
288,DGE0288,M29,"Where, when, why and how questions: answer where and when","Câu hỏi where, when, why và how: trả lời câu hỏi where và when",Pre-A1.3,210–240 sec,176,16,DGE_MODULE_M29_PORTRAIT_9X16.jpg,FINAL,PASS
289,DGE0289,M29,"Where, when, why and how questions: ask four useful questions","Câu hỏi where, when, why và how: hỏi bốn câu hỏi hữu ích",Pre-A1.3,210–240 sec,176,16,DGE_MODULE_M29_PORTRAIT_9X16.jpg,FINAL,PASS
290,DGE0290,M29,"Where, when, why and how questions: question word review","Câu hỏi where, when, why và how: ôn tập các từ để hỏi",Pre-A1.3,210–240 sec,176,18,DGE_MODULE_M29_PORTRAIT_9X16.jpg,FINAL,PASS
291,DGE0291,M30,Foundation grammar checkpoint: use this that these and those,Kiểm tra ngữ pháp nền tảng: dùng this that these và those,Pre-A1.3,210–240 sec,196,16,DGE_MODULE_M30_PORTRAIT_9X16.jpg,FINAL,PASS
292,DGE0292,M30,Foundation grammar checkpoint: choose a an or the,Kiểm tra ngữ pháp nền tảng: chọn a an hoặc the,Pre-A1.3,210–240 sec,200,18,DGE_MODULE_M30_PORTRAIT_9X16.jpg,FINAL,PASS
293,DGE0293,M30,Foundation grammar checkpoint: make a plural noun,Kiểm tra ngữ pháp nền tảng: tạo danh từ số nhiều,Pre-A1.3,210–240 sec,182,18,DGE_MODULE_M30_PORTRAIT_9X16.jpg,FINAL,PASS
294,DGE0294,M30,Foundation grammar checkpoint: choose a possessive adjective,Kiểm tra ngữ pháp nền tảng: chọn tính từ sở hữu,Pre-A1.3,210–240 sec,182,18,DGE_MODULE_M30_PORTRAIT_9X16.jpg,FINAL,PASS
295,DGE0295,M30,Foundation grammar checkpoint: use have or has,Kiểm tra ngữ pháp nền tảng: dùng have hoặc has,Pre-A1.3,210–240 sec,202,20,DGE_MODULE_M30_PORTRAIT_9X16.jpg,FINAL,PASS
296,DGE0296,M30,Foundation grammar checkpoint: use can want need and like,Kiểm tra ngữ pháp nền tảng: dùng can want need và like,Pre-A1.3,210–240 sec,196,16,DGE_MODULE_M30_PORTRAIT_9X16.jpg,FINAL,PASS
297,DGE0297,M30,Foundation grammar checkpoint: hear the correct grammar form,Kiểm tra ngữ pháp nền tảng: nghe dạng ngữ pháp đúng,Pre-A1.3,210–240 sec,200,18,DGE_MODULE_M30_PORTRAIT_9X16.jpg,FINAL,PASS
298,DGE0298,M30,Foundation grammar checkpoint: answer foundation questions,Kiểm tra ngữ pháp nền tảng: trả lời câu hỏi ngữ pháp nền tảng,Pre-A1.3,210–240 sec,148,16,DGE_MODULE_M30_PORTRAIT_9X16.jpg,FINAL,PASS
299,DGE0299,M30,Foundation grammar checkpoint: complete a grammar conversation,Kiểm tra ngữ pháp nền tảng: hoàn thành hội thoại ngữ pháp,Pre-A1.3,210–240 sec,182,18,DGE_MODULE_M30_PORTRAIT_9X16.jpg,FINAL,PASS
300,DGE0300,M30,Foundation grammar checkpoint: foundation grammar review,Kiểm tra ngữ pháp nền tảng: ôn tập ngữ pháp nền tảng,Pre-A1.3,210–240 sec,164,18,DGE_MODULE_M30_PORTRAIT_9X16.jpg,FINAL,PASS
301,DGE0301,M31,Family members and relationships: This is my family.,Thành viên và quan hệ gia đình: Đây là gia đình của tôi.,A1.1,210–240 sec,186,18,DGE_MODULE_M31_PORTRAIT_9X16.jpg,FINAL,PASS
302,DGE0302,M31,Family members and relationships: introducing my family at home,Thành viên và quan hệ gia đình: giới thiệu gia đình tôi ở nhà,A1.1,210–240 sec,193,14,DGE_MODULE_M31_PORTRAIT_9X16.jpg,SCM_LOGO.png,FINAL,PASS,DGE0302 — Family members and relationships: introducing my family at home / Thành viên và quan hệ gia đình: giới thiệu gia đình tôi ở nhà,TIẾNG ANH:,TIẾNG VIỆT:,British English (en-GB) — giọng chuẩn Anh,Vietnamese (vi-VN) — giọng chuẩn địa phương Việt Nam,English communication reflex / Giao tiếp phản xạ,Female EN — Question — British English (en-GB),Female VI — Question translation — Vietnamese (vi-VN),Male EN — Reflex answer — British English (en-GB),Male VI — Answer translation — Vietnamese (vi-VN),F_EN_Q → F_VI_Q → REFLEX_GAP → M_EN_A → M_VI_A
303,DGE0303,M31,Family members and relationships: talking about parents and children,Thành viên và quan hệ gia đình: nói về cha mẹ và con cái,A1.1,210–240 sec,199,14,DGE_MODULE_M31_PORTRAIT_9X16.jpg,SCM_LOGO.png,FINAL,PASS,DGE0303 — Family members and relationships: talking about parents and children / Thành viên và quan hệ gia đình: nói về cha mẹ và con cái,TIẾNG ANH:,TIẾNG VIỆT:,British English (en-GB) — giọng chuẩn Anh,Vietnamese (vi-VN) — giọng chuẩn địa phương Việt Nam,English communication reflex / Giao tiếp phản xạ,Female EN — Question — British English (en-GB),Female VI — Question translation — Vietnamese (vi-VN),Male EN — Reflex answer — British English (en-GB),Male VI — Answer translation — Vietnamese (vi-VN),F_EN_Q → F_VI_Q → REFLEX_GAP → M_EN_A → M_VI_A
304,DGE0304,M31,Family members and relationships: introducing brothers and sisters,Thành viên và quan hệ gia đình: giới thiệu anh chị em,A1.1,210–240 sec,185,14,DGE_MODULE_M31_PORTRAIT_9X16.jpg,SCM_LOGO.png,FINAL,PASS,DGE0304 — Family members and relationships: introducing brothers and sisters / Thành viên và quan hệ gia đình: giới thiệu anh chị em,TIẾNG ANH:,TIẾNG VIỆT:,British English (en-GB) — giọng chuẩn Anh,Vietnamese (vi-VN) — giọng chuẩn địa phương Việt Nam,English communication reflex / Giao tiếp phản xạ,Female EN — Question — British English (en-GB),Female VI — Question translation — Vietnamese (vi-VN),Male EN — Reflex answer — British English (en-GB),Male VI — Answer translation — Vietnamese (vi-VN),F_EN_Q → F_VI_Q → REFLEX_GAP → M_EN_A → M_VI_A
305,DGE0305,M31,Family members and relationships: talking about grandparents,Thành viên và quan hệ gia đình: nói về ông bà,A1.1,210–240 sec,194,16,DGE_MODULE_M31_PORTRAIT_9X16.jpg,SCM_LOGO.png,FINAL,PASS,DGE0305 — Family members and relationships: talking about grandparents / Thành viên và quan hệ gia đình: nói về ông bà,TIẾNG ANH:,TIẾNG VIỆT:,British English (en-GB) — giọng chuẩn Anh,Vietnamese (vi-VN) — giọng chuẩn địa phương Việt Nam,English communication reflex / Giao tiếp phản xạ,Female EN — Question — British English (en-GB),Female VI — Question translation — Vietnamese (vi-VN),Male EN — Reflex answer — British English (en-GB),Male VI — Answer translation — Vietnamese (vi-VN),F_EN_Q → F_VI_Q → REFLEX_GAP → M_EN_A → M_VI_A
306,DGE0306,M31,Family members and relationships: saying who lives with me,Thành viên và quan hệ gia đình: nói ai sống cùng tôi,A1.1,210–240 sec,199,14,DGE_MODULE_M31_PORTRAIT_9X16.jpg,SCM_LOGO.png,FINAL,PASS,DGE0306 — Family members and relationships: saying who lives with me / Thành viên và quan hệ gia đình: nói ai sống cùng tôi,TIẾNG ANH:,TIẾNG VIỆT:,British English (en-GB) — giọng chuẩn Anh,Vietnamese (vi-VN) — giọng chuẩn địa phương Việt Nam,English communication reflex / Giao tiếp phản xạ,Female EN — Question — British English (en-GB),Female VI — Question translation — Vietnamese (vi-VN),Male EN — Reflex answer — British English (en-GB),Male VI — Answer translation — Vietnamese (vi-VN),F_EN_Q → F_VI_Q → REFLEX_GAP → M_EN_A → M_VI_A
307,DGE0307,M31,Family members and relationships: describing a small family,Thành viên và quan hệ gia đình: mô tả một gia đình nhỏ,A1.1,210–240 sec,185,14,DGE_MODULE_M31_PORTRAIT_9X16.jpg,SCM_LOGO.png,FINAL,PASS,DGE0307 — Family members and relationships: describing a small family / Thành viên và quan hệ gia đình: mô tả một gia đình nhỏ,TIẾNG ANH:,TIẾNG VIỆT:,British English (en-GB) — giọng chuẩn Anh,Vietnamese (vi-VN) — giọng chuẩn địa phương Việt Nam,English communication reflex / Giao tiếp phản xạ,Female EN — Question — British English (en-GB),Female VI — Question translation — Vietnamese (vi-VN),Male EN — Reflex answer — British English (en-GB),Male VI — Answer translation — Vietnamese (vi-VN),F_EN_Q → F_VI_Q → REFLEX_GAP → M_EN_A → M_VI_A
308,DGE0308,M31,Family members and relationships: describing a large family,Thành viên và quan hệ gia đình: mô tả một gia đình lớn,A1.1,210–240 sec,185,14,DGE_MODULE_M31_PORTRAIT_9X16.jpg,SCM_LOGO.png,FINAL,PASS,DGE0308 — Family members and relationships: describing a large family / Thành viên và quan hệ gia đình: mô tả một gia đình lớn,TIẾNG ANH:,TIẾNG VIỆT:,British English (en-GB) — giọng chuẩn Anh,Vietnamese (vi-VN) — giọng chuẩn địa phương Việt Nam,English communication reflex / Giao tiếp phản xạ,Female EN — Question — British English (en-GB),Female VI — Question translation — Vietnamese (vi-VN),Male EN — Reflex answer — British English (en-GB),Male VI — Answer translation — Vietnamese (vi-VN),F_EN_Q → F_VI_Q → REFLEX_GAP → M_EN_A → M_VI_A
309,DGE0309,M31,Family members and relationships: asking about family relationships,Thành viên và quan hệ gia đình: hỏi về quan hệ gia đình,A1.1,210–240 sec,185,14,DGE_MODULE_M31_PORTRAIT_9X16.jpg,SCM_LOGO.png,FINAL,PASS,DGE0309 — Family members and relationships: asking about family relationships / Thành viên và quan hệ gia đình: hỏi về quan hệ gia đình,TIẾNG ANH:,TIẾNG VIỆT:,British English (en-GB) — giọng chuẩn Anh,Vietnamese (vi-VN) — giọng chuẩn địa phương Việt Nam,English communication reflex / Giao tiếp phản xạ,Female EN — Question — British English (en-GB),Female VI — Question translation — Vietnamese (vi-VN),Male EN — Reflex answer — British English (en-GB),Male VI — Answer translation — Vietnamese (vi-VN),F_EN_Q → F_VI_Q → REFLEX_GAP → M_EN_A → M_VI_A
310,DGE0310,M31,Family members and relationships: showing a family photograph,Thành viên và quan hệ gia đình: giới thiệu một bức ảnh gia đình,A1.1,210–240 sec,185,14,DGE_MODULE_M31_PORTRAIT_9X16.jpg,SCM_LOGO.png,FINAL,PASS,DGE0310 — Family members and relationships: showing a family photograph / Thành viên và quan hệ gia đình: giới thiệu một bức ảnh gia đình,TIẾNG ANH:,TIẾNG VIỆT:,British English (en-GB) — giọng chuẩn Anh,Vietnamese (vi-VN) — giọng chuẩn địa phương Việt Nam,English communication reflex / Giao tiếp phản xạ,Female EN — Question — British English (en-GB),Female VI — Question translation — Vietnamese (vi-VN),Male EN — Reflex answer — British English (en-GB),Male VI — Answer translation — Vietnamese (vi-VN),F_EN_Q → F_VI_Q → REFLEX_GAP → M_EN_A → M_VI_A
311,DGE0311,M31,Family members and relationships: welcoming family into the living room,Thành viên và quan hệ gia đình: mời người thân vào phòng khách,A1.1,210–240 sec,213,14,DGE_MODULE_M31_PORTRAIT_9X16.jpg,SCM_LOGO.png,FINAL,PASS,DGE0311 — Family members and relationships: welcoming family into the living room / Thành viên và quan hệ gia đình: mời người thân vào phòng khách,TIẾNG ANH:,TIẾNG VIỆT:,British English (en-GB) — giọng chuẩn Anh,Vietnamese (vi-VN) — giọng chuẩn địa phương Việt Nam,English communication reflex / Giao tiếp phản xạ,Female EN — Question — British English (en-GB),Female VI — Question translation — Vietnamese (vi-VN),Male EN — Reflex answer — British English (en-GB),Male VI — Answer translation — Vietnamese (vi-VN),F_EN_Q → F_VI_Q → REFLEX_GAP → M_EN_A → M_VI_A
312,DGE0312,M32,Rooms and household objects: naming rooms in a home,Các phòng và đồ dùng trong nhà: gọi tên các phòng trong nhà,A1.1,210–240 sec,199,14,DGE_MODULE_M32_PORTRAIT_9X16.jpg,SCM_LOGO.png,FINAL,PASS,DGE0312 — Rooms and household objects: naming rooms in a home / Các phòng và đồ dùng trong nhà: gọi tên các phòng trong nhà,TIẾNG ANH:,TIẾNG VIỆT:,British English (en-GB) — giọng chuẩn Anh,Vietnamese (vi-VN) — giọng chuẩn địa phương Việt Nam,English communication reflex / Giao tiếp phản xạ,Female EN — Question — British English (en-GB),Female VI — Question translation — Vietnamese (vi-VN),Male EN — Reflex answer — British English (en-GB),Male VI — Answer translation — Vietnamese (vi-VN),F_EN_Q → F_VI_Q → REFLEX_GAP → M_EN_A → M_VI_A
313,DGE0313,M32,Rooms and household objects: showing someone the living room,Các phòng và đồ dùng trong nhà: dẫn ai đó xem phòng khách,A1.1,210–240 sec,199,14,DGE_MODULE_M32_PORTRAIT_9X16.jpg,SCM_LOGO.png,FINAL,PASS,DGE0313 — Rooms and household objects: showing someone the living room / Các phòng và đồ dùng trong nhà: dẫn ai đó xem phòng khách,TIẾNG ANH:,TIẾNG VIỆT:,British English (en-GB) — giọng chuẩn Anh,Vietnamese (vi-VN) — giọng chuẩn địa phương Việt Nam,English communication reflex / Giao tiếp phản xạ,Female EN — Question — British English (en-GB),Female VI — Question translation — Vietnamese (vi-VN),Male EN — Reflex answer — British English (en-GB),Male VI — Answer translation — Vietnamese (vi-VN),F_EN_Q → F_VI_Q → REFLEX_GAP → M_EN_A → M_VI_A
314,DGE0314,M32,Rooms and household objects: talking about the kitchen,Các phòng và đồ dùng trong nhà: nói về nhà bếp,A1.1,210–240 sec,185,14,DGE_MODULE_M32_PORTRAIT_9X16.jpg,SCM_LOGO.png,FINAL,PASS,DGE0314 — Rooms and household objects: talking about the kitchen / Các phòng và đồ dùng trong nhà: nói về nhà bếp,TIẾNG ANH:,TIẾNG VIỆT:,British English (en-GB) — giọng chuẩn Anh,Vietnamese (vi-VN) — giọng chuẩn địa phương Việt Nam,English communication reflex / Giao tiếp phản xạ,Female EN — Question — British English (en-GB),Female VI — Question translation — Vietnamese (vi-VN),Male EN — Reflex answer — British English (en-GB),Male VI — Answer translation — Vietnamese (vi-VN),F_EN_Q → F_VI_Q → REFLEX_GAP → M_EN_A → M_VI_A
315,DGE0315,M32,Rooms and household objects: describing a bedroom,Các phòng và đồ dùng trong nhà: mô tả phòng ngủ,A1.1,210–240 sec,194,16,DGE_MODULE_M32_PORTRAIT_9X16.jpg,SCM_LOGO.png,FINAL,PASS,DGE0315 — Rooms and household objects: describing a bedroom / Các phòng và đồ dùng trong nhà: mô tả phòng ngủ,TIẾNG ANH:,TIẾNG VIỆT:,British English (en-GB) — giọng chuẩn Anh,Vietnamese (vi-VN) — giọng chuẩn địa phương Việt Nam,English communication reflex / Giao tiếp phản xạ,Female EN — Question — British English (en-GB),Female VI — Question translation — Vietnamese (vi-VN),Male EN — Reflex answer — British English (en-GB),Male VI — Answer translation — Vietnamese (vi-VN),F_EN_Q → F_VI_Q → REFLEX_GAP → M_EN_A → M_VI_A
316,DGE0316,M32,Rooms and household objects: finding things in the bathroom,Các phòng và đồ dùng trong nhà: tìm đồ trong phòng tắm,A1.1,210–240 sec,199,14,DGE_MODULE_M32_PORTRAIT_9X16.jpg,SCM_LOGO.png,FINAL,PASS,DGE0316 — Rooms and household objects: finding things in the bathroom / Các phòng và đồ dùng trong nhà: tìm đồ trong phòng tắm,TIẾNG ANH:,TIẾNG VIỆT:,British English (en-GB) — giọng chuẩn Anh,Vietnamese (vi-VN) — giọng chuẩn địa phương Việt Nam,English communication reflex / Giao tiếp phản xạ,Female EN — Question — British English (en-GB),Female VI — Question translation — Vietnamese (vi-VN),Male EN — Reflex answer — British English (en-GB),Male VI — Answer translation — Vietnamese (vi-VN),F_EN_Q → F_VI_Q → REFLEX_GAP → M_EN_A → M_VI_A
317,DGE0317,M32,Rooms and household objects: identifying furniture,Các phòng và đồ dùng trong nhà: nhận biết đồ nội thất,A1.1,210–240 sec,178,16,DGE_MODULE_M32_PORTRAIT_9X16.jpg,SCM_LOGO.png,FINAL,PASS,DGE0317 — Rooms and household objects: identifying furniture / Các phòng và đồ dùng trong nhà: nhận biết đồ nội thất,TIẾNG ANH:,TIẾNG VIỆT:,British English (en-GB) — giọng chuẩn Anh,Vietnamese (vi-VN) — giọng chuẩn địa phương Việt Nam,English communication reflex / Giao tiếp phản xạ,Female EN — Question — British English (en-GB),Female VI — Question translation — Vietnamese (vi-VN),Male EN — Reflex answer — British English (en-GB),Male VI — Answer translation — Vietnamese (vi-VN),F_EN_Q → F_VI_Q → REFLEX_GAP → M_EN_A → M_VI_A
318,DGE0318,M32,Rooms and household objects: talking about household appliances,Các phòng và đồ dùng trong nhà: nói về thiết bị gia dụng,A1.1,210–240 sec,185,14,DGE_MODULE_M32_PORTRAIT_9X16.jpg,SCM_LOGO.png,FINAL,PASS,DGE0318 — Rooms and household objects: talking about household appliances / Các phòng và đồ dùng trong nhà: nói về thiết bị gia dụng,TIẾNG ANH:,TIẾNG VIỆT:,British English (en-GB) — giọng chuẩn Anh,Vietnamese (vi-VN) — giọng chuẩn địa phương Việt Nam,English communication reflex / Giao tiếp phản xạ,Female EN — Question — British English (en-GB),Female VI — Question translation — Vietnamese (vi-VN),Male EN — Reflex answer — British English (en-GB),Male VI — Answer translation — Vietnamese (vi-VN),F_EN_Q → F_VI_Q → REFLEX_GAP → M_EN_A → M_VI_A
319,DGE0319,M32,Rooms and household objects: asking where an object belongs,Các phòng và đồ dùng trong nhà: hỏi đồ vật thuộc về đâu,A1.1,210–240 sec,199,14,DGE_MODULE_M32_PORTRAIT_9X16.jpg,SCM_LOGO.png,FINAL,PASS,DGE0319 — Rooms and household objects: asking where an object belongs / Các phòng và đồ dùng trong nhà: hỏi đồ vật thuộc về đâu,TIẾNG ANH:,TIẾNG VIỆT:,British English (en-GB) — giọng chuẩn Anh,Vietnamese (vi-VN) — giọng chuẩn địa phương Việt Nam,English communication reflex / Giao tiếp phản xạ,Female EN — Question — British English (en-GB),Female VI — Question translation — Vietnamese (vi-VN),Male EN — Reflex answer — British English (en-GB),Male VI — Answer translation — Vietnamese (vi-VN),F_EN_Q → F_VI_Q → REFLEX_GAP → M_EN_A → M_VI_A
320,DGE0320,M32,Rooms and household objects: putting household objects away,Các phòng và đồ dùng trong nhà: cất đồ dùng trong nhà,A1.1,210–240 sec,185,14,DGE_MODULE_M32_PORTRAIT_9X16.jpg,SCM_LOGO.png,FINAL,PASS,DGE0320 — Rooms and household objects: putting household objects away / Các phòng và đồ dùng trong nhà: cất đồ dùng trong nhà,TIẾNG ANH:,TIẾNG VIỆT:,British English (en-GB) — giọng chuẩn Anh,Vietnamese (vi-VN) — giọng chuẩn địa phương Việt Nam,English communication reflex / Giao tiếp phản xạ,Female EN — Question — British English (en-GB),Female VI — Question translation — Vietnamese (vi-VN),Male EN — Reflex answer — British English (en-GB),Male VI — Answer translation — Vietnamese (vi-VN),F_EN_Q → F_VI_Q → REFLEX_GAP → M_EN_A → M_VI_A
321,DGE0321,M32,Rooms and household objects: checking every room before leaving,Các phòng và đồ dùng trong nhà: kiểm tra các phòng trước khi rời nhà,A1.1,210–240 sec,199,14,DGE_MODULE_M32_PORTRAIT_9X16.jpg,SCM_LOGO.png,FINAL,PASS,DGE0321 — Rooms and household objects: checking every room before leaving / Các phòng và đồ dùng trong nhà: kiểm tra các phòng trước khi rời nhà,TIẾNG ANH:,TIẾNG VIỆT:,British English (en-GB) — giọng chuẩn Anh,Vietnamese (vi-VN) — giọng chuẩn địa phương Việt Nam,English communication reflex / Giao tiếp phản xạ,Female EN — Question — British English (en-GB),Female VI — Question translation — Vietnamese (vi-VN),Male EN — Reflex answer — British English (en-GB),Male VI — Answer translation — Vietnamese (vi-VN),F_EN_Q → F_VI_Q → REFLEX_GAP → M_EN_A → M_VI_A
322,DGE0322,M33,Location and basic prepositions: using in and on at home,Vị trí và giới từ cơ bản: dùng in và on trong nhà,A1.1,210–240 sec,213,14,DGE_MODULE_M33_PORTRAIT_9X16.jpg,SCM_LOGO.png,FINAL,PASS,DGE0322 — Location and basic prepositions: using in and on at home / Vị trí và giới từ cơ bản: dùng in và on trong nhà,TIẾNG ANH:,TIẾNG VIỆT:,British English (en-GB) — giọng chuẩn Anh,Vietnamese (vi-VN) — giọng chuẩn địa phương Việt Nam,English communication reflex / Giao tiếp phản xạ,Female EN — Question — British English (en-GB),Female VI — Question translation — Vietnamese (vi-VN),Male EN — Reflex answer — British English (en-GB),Male VI — Answer translation — Vietnamese (vi-VN),F_EN_Q → F_VI_Q → REFLEX_GAP → M_EN_A → M_VI_A
323,DGE0323,M33,Location and basic prepositions: using under and over,Vị trí và giới từ cơ bản: dùng under và over,A1.1,210–240 sec,185,14,DGE_MODULE_M33_PORTRAIT_9X16.jpg,SCM_LOGO.png,FINAL,PASS,DGE0323 — Location and basic prepositions: using under and over / Vị trí và giới từ cơ bản: dùng under và over,TIẾNG ANH:,TIẾNG VIỆT:,British English (en-GB) — giọng chuẩn Anh,Vietnamese (vi-VN) — giọng chuẩn địa phương Việt Nam,English communication reflex / Giao tiếp phản xạ,Female EN — Question — British English (en-GB),Female VI — Question translation — Vietnamese (vi-VN),Male EN — Reflex answer — British English (en-GB),Male VI — Answer translation — Vietnamese (vi-VN),F_EN_Q → F_VI_Q → REFLEX_GAP → M_EN_A → M_VI_A
324,DGE0324,M33,Location and basic prepositions: using next to and between,Vị trí và giới từ cơ bản: dùng next to và between,A1.1,210–240 sec,199,14,DGE_MODULE_M33_PORTRAIT_9X16.jpg,SCM_LOGO.png,FINAL,PASS,DGE0324 — Location and basic prepositions: using next to and between / Vị trí và giới từ cơ bản: dùng next to và between,TIẾNG ANH:,TIẾNG VIỆT:,British English (en-GB) — giọng chuẩn Anh,Vietnamese (vi-VN) — giọng chuẩn địa phương Việt Nam,English communication reflex / Giao tiếp phản xạ,Female EN — Question — British English (en-GB),Female VI — Question translation — Vietnamese (vi-VN),Male EN — Reflex answer — British English (en-GB),Male VI — Answer translation — Vietnamese (vi-VN),F_EN_Q → F_VI_Q → REFLEX_GAP → M_EN_A → M_VI_A
325,DGE0325,M33,Location and basic prepositions: using behind and in front of,Vị trí và giới từ cơ bản: dùng behind và in front of,A1.1,210–240 sec,213,14,DGE_MODULE_M33_PORTRAIT_9X16.jpg,SCM_LOGO.png,FINAL,PASS,DGE0325 — Location and basic prepositions: using behind and in front of / Vị trí và giới từ cơ bản: dùng behind và in front of,TIẾNG ANH:,TIẾNG VIỆT:,British English (en-GB) — giọng chuẩn Anh,Vietnamese (vi-VN) — giọng chuẩn địa phương Việt Nam,English communication reflex / Giao tiếp phản xạ,Female EN — Question — British English (en-GB),Female VI — Question translation — Vietnamese (vi-VN),Male EN — Reflex answer — British English (en-GB),Male VI — Answer translation — Vietnamese (vi-VN),F_EN_Q → F_VI_Q → REFLEX_GAP → M_EN_A → M_VI_A
326,DGE0326,M33,Location and basic prepositions: finding keys near the door,Vị trí và giới từ cơ bản: tìm chìa khóa gần cửa,A1.1,210–240 sec,199,14,DGE_MODULE_M33_PORTRAIT_9X16.jpg,SCM_LOGO.png,FINAL,PASS,DGE0326 — Location and basic prepositions: finding keys near the door / Vị trí và giới từ cơ bản: tìm chìa khóa gần cửa,TIẾNG ANH:,TIẾNG VIỆT:,British English (en-GB) — giọng chuẩn Anh,Vietnamese (vi-VN) — giọng chuẩn địa phương Việt Nam,English communication reflex / Giao tiếp phản xạ,Female EN — Question — British English (en-GB),Female VI — Question translation — Vietnamese (vi-VN),Male EN — Reflex answer — British English (en-GB),Male VI — Answer translation — Vietnamese (vi-VN),F_EN_Q → F_VI_Q → REFLEX_GAP → M_EN_A → M_VI_A
327,DGE0327,M33,Location and basic prepositions: describing objects on a table,Vị trí và giới từ cơ bản: mô tả đồ vật trên bàn,A1.1,210–240 sec,199,14,DGE_MODULE_M33_PORTRAIT_9X16.jpg,SCM_LOGO.png,FINAL,PASS,DGE0327 — Location and basic prepositions: describing objects on a table / Vị trí và giới từ cơ bản: mô tả đồ vật trên bàn,TIẾNG ANH:,TIẾNG VIỆT:,British English (en-GB) — giọng chuẩn Anh,Vietnamese (vi-VN) — giọng chuẩn địa phương Việt Nam,English communication reflex / Giao tiếp phản xạ,Female EN — Question — British English (en-GB),Female VI — Question translation — Vietnamese (vi-VN),Male EN — Reflex answer — British English (en-GB),Male VI — Answer translation — Vietnamese (vi-VN),F_EN_Q → F_VI_Q → REFLEX_GAP → M_EN_A → M_VI_A
328,DGE0328,M33,Location and basic prepositions: finding a bag under a chair,Vị trí và giới từ cơ bản: tìm chiếc túi dưới ghế,A1.1,210–240 sec,213,14,DGE_MODULE_M33_PORTRAIT_9X16.jpg,SCM_LOGO.png,FINAL,PASS,DGE0328 — Location and basic prepositions: finding a bag under a chair / Vị trí và giới từ cơ bản: tìm chiếc túi dưới ghế,TIẾNG ANH:,TIẾNG VIỆT:,British English (en-GB) — giọng chuẩn Anh,Vietnamese (vi-VN) — giọng chuẩn địa phương Việt Nam,English communication reflex / Giao tiếp phản xạ,Female EN — Question — British English (en-GB),Female VI — Question translation — Vietnamese (vi-VN),Male EN — Reflex answer — British English (en-GB),Male VI — Answer translation — Vietnamese (vi-VN),F_EN_Q → F_VI_Q → REFLEX_GAP → M_EN_A → M_VI_A
329,DGE0329,M33,Location and basic prepositions: explaining where the cat is,Vị trí và giới từ cơ bản: nói vị trí của con mèo,A1.1,210–240 sec,199,14,DGE_MODULE_M33_PORTRAIT_9X16.jpg,SCM_LOGO.png,FINAL,PASS,DGE0329 — Location and basic prepositions: explaining where the cat is / Vị trí và giới từ cơ bản: nói vị trí của con mèo,TIẾNG ANH:,TIẾNG VIỆT:,British English (en-GB) — giọng chuẩn Anh,Vietnamese (vi-VN) — giọng chuẩn địa phương Việt Nam,English communication reflex / Giao tiếp phản xạ,Female EN — Question — British English (en-GB),Female VI — Question translation — Vietnamese (vi-VN),Male EN — Reflex answer — British English (en-GB),Male VI — Answer translation — Vietnamese (vi-VN),F_EN_Q → F_VI_Q → REFLEX_GAP → M_EN_A → M_VI_A
330,DGE0330,M33,Location and basic prepositions: following simple location instructions,Vị trí và giới từ cơ bản: làm theo chỉ dẫn vị trí đơn giản,A1.1,210–240 sec,185,14,DGE_MODULE_M33_PORTRAIT_9X16.jpg,SCM_LOGO.png,FINAL,PASS,DGE0330 — Location and basic prepositions: following simple location instructions / Vị trí và giới từ cơ bản: làm theo chỉ dẫn vị trí đơn giản,TIẾNG ANH:,TIẾNG VIỆT:,British English (en-GB) — giọng chuẩn Anh,Vietnamese (vi-VN) — giọng chuẩn địa phương Việt Nam,English communication reflex / Giao tiếp phản xạ,Female EN — Question — British English (en-GB),Female VI — Question translation — Vietnamese (vi-VN),Male EN — Reflex answer — British English (en-GB),Male VI — Answer translation — Vietnamese (vi-VN),F_EN_Q → F_VI_Q → REFLEX_GAP → M_EN_A → M_VI_A
331,DGE0331,M33,Location and basic prepositions: checking locations around the home,Vị trí và giới từ cơ bản: ôn tập vị trí trong nhà,A1.1,210–240 sec,199,14,DGE_MODULE_M33_PORTRAIT_9X16.jpg,SCM_LOGO.png,FINAL,PASS,DGE0331 — Location and basic prepositions: checking locations around the home / Vị trí và giới từ cơ bản: ôn tập vị trí trong nhà,TIẾNG ANH:,TIẾNG VIỆT:,British English (en-GB) — giọng chuẩn Anh,Vietnamese (vi-VN) — giọng chuẩn địa phương Việt Nam,English communication reflex / Giao tiếp phản xạ,Female EN — Question — British English (en-GB),Female VI — Question translation — Vietnamese (vi-VN),Male EN — Reflex answer — British English (en-GB),Male VI — Answer translation — Vietnamese (vi-VN),F_EN_Q → F_VI_Q → REFLEX_GAP → M_EN_A → M_VI_A
332,DGE0332,M34,Morning routine: waking up on time,Sinh hoạt buổi sáng: thức dậy đúng giờ,A1.1,210–240 sec,185,14,DGE_MODULE_M34_PORTRAIT_9X16.jpg,SCM_LOGO.png,FINAL,PASS,DGE0332 — Morning routine: waking up on time / Sinh hoạt buổi sáng: thức dậy đúng giờ,TIẾNG ANH:,TIẾNG VIỆT:,British English (en-GB) — giọng chuẩn Anh,Vietnamese (vi-VN) — giọng chuẩn địa phương Việt Nam,English communication reflex / Giao tiếp phản xạ,Female EN — Question — British English (en-GB),Female VI — Question translation — Vietnamese (vi-VN),Male EN — Reflex answer — British English (en-GB),Male VI — Answer translation — Vietnamese (vi-VN),F_EN_Q → F_VI_Q → REFLEX_GAP → M_EN_A → M_VI_A
333,DGE0333,M34,Morning routine: getting out of bed,Sinh hoạt buổi sáng: ra khỏi giường,A1.1,210–240 sec,210,16,DGE_MODULE_M34_PORTRAIT_9X16.jpg,SCM_LOGO.png,FINAL,PASS,DGE0333 — Morning routine: getting out of bed / Sinh hoạt buổi sáng: ra khỏi giường,TIẾNG ANH:,TIẾNG VIỆT:,British English (en-GB) — giọng chuẩn Anh,Vietnamese (vi-VN) — giọng chuẩn địa phương Việt Nam,English communication reflex / Giao tiếp phản xạ,Female EN — Question — British English (en-GB),Female VI — Question translation — Vietnamese (vi-VN),Male EN — Reflex answer — British English (en-GB),Male VI — Answer translation — Vietnamese (vi-VN),F_EN_Q → F_VI_Q → REFLEX_GAP → M_EN_A → M_VI_A
334,DGE0334,M34,Morning routine: opening the curtains,Sinh hoạt buổi sáng: mở rèm cửa,A1.1,210–240 sec,194,16,DGE_MODULE_M34_PORTRAIT_9X16.jpg,SCM_LOGO.png,FINAL,PASS,DGE0334 — Morning routine: opening the curtains / Sinh hoạt buổi sáng: mở rèm cửa,TIẾNG ANH:,TIẾNG VIỆT:,British English (en-GB) — giọng chuẩn Anh,Vietnamese (vi-VN) — giọng chuẩn địa phương Việt Nam,English communication reflex / Giao tiếp phản xạ,Female EN — Question — British English (en-GB),Female VI — Question translation — Vietnamese (vi-VN),Male EN — Reflex answer — British English (en-GB),Male VI — Answer translation — Vietnamese (vi-VN),F_EN_Q → F_VI_Q → REFLEX_GAP → M_EN_A → M_VI_A
335,DGE0335,M34,Morning routine: making the bed,Sinh hoạt buổi sáng: dọn giường,A1.1,210–240 sec,194,16,DGE_MODULE_M34_PORTRAIT_9X16.jpg,SCM_LOGO.png,FINAL,PASS,DGE0335 — Morning routine: making the bed / Sinh hoạt buổi sáng: dọn giường,TIẾNG ANH:,TIẾNG VIỆT:,British English (en-GB) — giọng chuẩn Anh,Vietnamese (vi-VN) — giọng chuẩn địa phương Việt Nam,English communication reflex / Giao tiếp phản xạ,Female EN — Question — British English (en-GB),Female VI — Question translation — Vietnamese (vi-VN),Male EN — Reflex answer — British English (en-GB),Male VI — Answer translation — Vietnamese (vi-VN),F_EN_Q → F_VI_Q → REFLEX_GAP → M_EN_A → M_VI_A
336,DGE0336,M34,Morning routine: washing my face,Sinh hoạt buổi sáng: rửa mặt,A1.1,210–240 sec,194,16,DGE_MODULE_M34_PORTRAIT_9X16.jpg,SCM_LOGO.png,FINAL,PASS,DGE0336 — Morning routine: washing my face / Sinh hoạt buổi sáng: rửa mặt,TIẾNG ANH:,TIẾNG VIỆT:,British English (en-GB) — giọng chuẩn Anh,Vietnamese (vi-VN) — giọng chuẩn địa phương Việt Nam,English communication reflex / Giao tiếp phản xạ,Female EN — Question — British English (en-GB),Female VI — Question translation — Vietnamese (vi-VN),Male EN — Reflex answer — British English (en-GB),Male VI — Answer translation — Vietnamese (vi-VN),F_EN_Q → F_VI_Q → REFLEX_GAP → M_EN_A → M_VI_A
337,DGE0337,M34,Morning routine: preparing breakfast,Sinh hoạt buổi sáng: chuẩn bị bữa sáng,A1.1,210–240 sec,178,16,DGE_MODULE_M34_PORTRAIT_9X16.jpg,SCM_LOGO.png,FINAL,PASS,DGE0337 — Morning routine: preparing breakfast / Sinh hoạt buổi sáng: chuẩn bị bữa sáng,TIẾNG ANH:,TIẾNG VIỆT:,British English (en-GB) — giọng chuẩn Anh,Vietnamese (vi-VN) — giọng chuẩn địa phương Việt Nam,English communication reflex / Giao tiếp phản xạ,Female EN — Question — British English (en-GB),Female VI — Question translation — Vietnamese (vi-VN),Male EN — Reflex answer — British English (en-GB),Male VI — Answer translation — Vietnamese (vi-VN),F_EN_Q → F_VI_Q → REFLEX_GAP → M_EN_A → M_VI_A
338,DGE0338,M34,Morning routine: checking the morning weather,Sinh hoạt buổi sáng: kiểm tra thời tiết buổi sáng,A1.1,210–240 sec,185,14,DGE_MODULE_M34_PORTRAIT_9X16.jpg,SCM_LOGO.png,FINAL,PASS,DGE0338 — Morning routine: checking the morning weather / Sinh hoạt buổi sáng: kiểm tra thời tiết buổi sáng,TIẾNG ANH:,TIẾNG VIỆT:,British English (en-GB) — giọng chuẩn Anh,Vietnamese (vi-VN) — giọng chuẩn địa phương Việt Nam,English communication reflex / Giao tiếp phản xạ,Female EN — Question — British English (en-GB),Female VI — Question translation — Vietnamese (vi-VN),Male EN — Reflex answer — British English (en-GB),Male VI — Answer translation — Vietnamese (vi-VN),F_EN_Q → F_VI_Q → REFLEX_GAP → M_EN_A → M_VI_A
339,DGE0339,M34,Morning routine: packing a bag for the day,Sinh hoạt buổi sáng: chuẩn bị túi cho ngày mới,A1.1,210–240 sec,213,14,DGE_MODULE_M34_PORTRAIT_9X16.jpg,SCM_LOGO.png,FINAL,PASS,DGE0339 — Morning routine: packing a bag for the day / Sinh hoạt buổi sáng: chuẩn bị túi cho ngày mới,TIẾNG ANH:,TIẾNG VIỆT:,British English (en-GB) — giọng chuẩn Anh,Vietnamese (vi-VN) — giọng chuẩn địa phương Việt Nam,English communication reflex / Giao tiếp phản xạ,Female EN — Question — British English (en-GB),Female VI — Question translation — Vietnamese (vi-VN),Male EN — Reflex answer — British English (en-GB),Male VI — Answer translation — Vietnamese (vi-VN),F_EN_Q → F_VI_Q → REFLEX_GAP → M_EN_A → M_VI_A
340,DGE0340,M34,Morning routine: leaving home calmly,Sinh hoạt buổi sáng: rời nhà một cách bình tĩnh,A1.1,210–240 sec,171,14,DGE_MODULE_M34_PORTRAIT_9X16.jpg,SCM_LOGO.png,FINAL,PASS,DGE0340 — Morning routine: leaving home calmly / Sinh hoạt buổi sáng: rời nhà một cách bình tĩnh,TIẾNG ANH:,TIẾNG VIỆT:,British English (en-GB) — giọng chuẩn Anh,Vietnamese (vi-VN) — giọng chuẩn địa phương Việt Nam,English communication reflex / Giao tiếp phản xạ,Female EN — Question — British English (en-GB),Female VI — Question translation — Vietnamese (vi-VN),Male EN — Reflex answer — British English (en-GB),Male VI — Answer translation — Vietnamese (vi-VN),F_EN_Q → F_VI_Q → REFLEX_GAP → M_EN_A → M_VI_A
341,DGE0341,M34,Morning routine: reviewing a complete morning routine,Sinh hoạt buổi sáng: ôn tập toàn bộ sinh hoạt buổi sáng,A1.1,210–240 sec,199,14,DGE_MODULE_M34_PORTRAIT_9X16.jpg,SCM_LOGO.png,FINAL,PASS,DGE0341 — Morning routine: reviewing a complete morning routine / Sinh hoạt buổi sáng: ôn tập toàn bộ sinh hoạt buổi sáng,TIẾNG ANH:,TIẾNG VIỆT:,British English (en-GB) — giọng chuẩn Anh,Vietnamese (vi-VN) — giọng chuẩn địa phương Việt Nam,English communication reflex / Giao tiếp phản xạ,Female EN — Question — British English (en-GB),Female VI — Question translation — Vietnamese (vi-VN),Male EN — Reflex answer — British English (en-GB),Male VI — Answer translation — Vietnamese (vi-VN),F_EN_Q → F_VI_Q → REFLEX_GAP → M_EN_A → M_VI_A
342,DGE0342,M35,Personal hygiene and getting dressed: brushing my teeth,Vệ sinh cá nhân và mặc quần áo: đánh răng,A1.1,210–240 sec,194,16,DGE_MODULE_M35_PORTRAIT_9X16.jpg,SCM_LOGO.png,FINAL,PASS,DGE0342 — Personal hygiene and getting dressed: brushing my teeth / Vệ sinh cá nhân và mặc quần áo: đánh răng,TIẾNG ANH:,TIẾNG VIỆT:,British English (en-GB) — giọng chuẩn Anh,Vietnamese (vi-VN) — giọng chuẩn địa phương Việt Nam,English communication reflex / Giao tiếp phản xạ,Female EN — Question — British English (en-GB),Female VI — Question translation — Vietnamese (vi-VN),Male EN — Reflex answer — British English (en-GB),Male VI — Answer translation — Vietnamese (vi-VN),F_EN_Q → F_VI_Q → REFLEX_GAP → M_EN_A → M_VI_A
343,DGE0343,M35,Personal hygiene and getting dressed: taking a shower,Vệ sinh cá nhân và mặc quần áo: tắm vòi sen,A1.1,210–240 sec,194,16,DGE_MODULE_M35_PORTRAIT_9X16.jpg,SCM_LOGO.png,FINAL,PASS,DGE0343 — Personal hygiene and getting dressed: taking a shower / Vệ sinh cá nhân và mặc quần áo: tắm vòi sen,TIẾNG ANH:,TIẾNG VIỆT:,British English (en-GB) — giọng chuẩn Anh,Vietnamese (vi-VN) — giọng chuẩn địa phương Việt Nam,English communication reflex / Giao tiếp phản xạ,Female EN — Question — British English (en-GB),Female VI — Question translation — Vietnamese (vi-VN),Male EN — Reflex answer — British English (en-GB),Male VI — Answer translation — Vietnamese (vi-VN),F_EN_Q → F_VI_Q → REFLEX_GAP → M_EN_A → M_VI_A
344,DGE0344,M35,Personal hygiene and getting dressed: drying with a clean towel,Vệ sinh cá nhân và mặc quần áo: lau khô bằng khăn sạch,A1.1,210–240 sec,199,14,DGE_MODULE_M35_PORTRAIT_9X16.jpg,SCM_LOGO.png,FINAL,PASS,DGE0344 — Personal hygiene and getting dressed: drying with a clean towel / Vệ sinh cá nhân và mặc quần áo: lau khô bằng khăn sạch,TIẾNG ANH:,TIẾNG VIỆT:,British English (en-GB) — giọng chuẩn Anh,Vietnamese (vi-VN) — giọng chuẩn địa phương Việt Nam,English communication reflex / Giao tiếp phản xạ,Female EN — Question — British English (en-GB),Female VI — Question translation — Vietnamese (vi-VN),Male EN — Reflex answer — British English (en-GB),Male VI — Answer translation — Vietnamese (vi-VN),F_EN_Q → F_VI_Q → REFLEX_GAP → M_EN_A → M_VI_A
345,DGE0345,M35,Personal hygiene and getting dressed: combing my hair,Vệ sinh cá nhân và mặc quần áo: chải tóc,A1.1,210–240 sec,194,16,DGE_MODULE_M35_PORTRAIT_9X16.jpg,SCM_LOGO.png,FINAL,PASS,DGE0345 — Personal hygiene and getting dressed: combing my hair / Vệ sinh cá nhân và mặc quần áo: chải tóc,TIẾNG ANH:,TIẾNG VIỆT:,British English (en-GB) — giọng chuẩn Anh,Vietnamese (vi-VN) — giọng chuẩn địa phương Việt Nam,English communication reflex / Giao tiếp phản xạ,Female EN — Question — British English (en-GB),Female VI — Question translation — Vietnamese (vi-VN),Male EN — Reflex answer — British English (en-GB),Male VI — Answer translation — Vietnamese (vi-VN),F_EN_Q → F_VI_Q → REFLEX_GAP → M_EN_A → M_VI_A
346,DGE0346,M35,Personal hygiene and getting dressed: choosing clean clothes,Vệ sinh cá nhân và mặc quần áo: chọn quần áo sạch,A1.1,210–240 sec,194,16,DGE_MODULE_M35_PORTRAIT_9X16.jpg,SCM_LOGO.png,FINAL,PASS,DGE0346 — Personal hygiene and getting dressed: choosing clean clothes / Vệ sinh cá nhân và mặc quần áo: chọn quần áo sạch,TIẾNG ANH:,TIẾNG VIỆT:,British English (en-GB) — giọng chuẩn Anh,Vietnamese (vi-VN) — giọng chuẩn địa phương Việt Nam,English communication reflex / Giao tiếp phản xạ,Female EN — Question — British English (en-GB),Female VI — Question translation — Vietnamese (vi-VN),Male EN — Reflex answer — British English (en-GB),Male VI — Answer translation — Vietnamese (vi-VN),F_EN_Q → F_VI_Q → REFLEX_GAP → M_EN_A → M_VI_A
347,DGE0347,M35,Personal hygiene and getting dressed: putting on a shirt and trousers,Vệ sinh cá nhân và mặc quần áo: mặc áo sơ mi và quần dài,A1.1,210–240 sec,213,14,DGE_MODULE_M35_PORTRAIT_9X16.jpg,SCM_LOGO.png,FINAL,PASS,DGE0347 — Personal hygiene and getting dressed: putting on a shirt and trousers / Vệ sinh cá nhân và mặc quần áo: mặc áo sơ mi và quần dài,TIẾNG ANH:,TIẾNG VIỆT:,British English (en-GB) — giọng chuẩn Anh,Vietnamese (vi-VN) — giọng chuẩn địa phương Việt Nam,English communication reflex / Giao tiếp phản xạ,Female EN — Question — British English (en-GB),Female VI — Question translation — Vietnamese (vi-VN),Male EN — Reflex answer — British English (en-GB),Male VI — Answer translation — Vietnamese (vi-VN),F_EN_Q → F_VI_Q → REFLEX_GAP → M_EN_A → M_VI_A
348,DGE0348,M35,Personal hygiene and getting dressed: choosing socks and shoes,Vệ sinh cá nhân và mặc quần áo: chọn tất và giày,A1.1,210–240 sec,185,14,DGE_MODULE_M35_PORTRAIT_9X16.jpg,SCM_LOGO.png,FINAL,PASS,DGE0348 — Personal hygiene and getting dressed: choosing socks and shoes / Vệ sinh cá nhân và mặc quần áo: chọn tất và giày,TIẾNG ANH:,TIẾNG VIỆT:,British English (en-GB) — giọng chuẩn Anh,Vietnamese (vi-VN) — giọng chuẩn địa phương Việt Nam,English communication reflex / Giao tiếp phản xạ,Female EN — Question — British English (en-GB),Female VI — Question translation — Vietnamese (vi-VN),Male EN — Reflex answer — British English (en-GB),Male VI — Answer translation — Vietnamese (vi-VN),F_EN_Q → F_VI_Q → REFLEX_GAP → M_EN_A → M_VI_A
349,DGE0349,M35,Personal hygiene and getting dressed: getting dressed for warm weather,Vệ sinh cá nhân và mặc quần áo: mặc đồ cho thời tiết ấm,A1.1,210–240 sec,199,14,DGE_MODULE_M35_PORTRAIT_9X16.jpg,SCM_LOGO.png,FINAL,PASS,DGE0349 — Personal hygiene and getting dressed: getting dressed for warm weather / Vệ sinh cá nhân và mặc quần áo: mặc đồ cho thời tiết ấm,TIẾNG ANH:,TIẾNG VIỆT:,British English (en-GB) — giọng chuẩn Anh,Vietnamese (vi-VN) — giọng chuẩn địa phương Việt Nam,English communication reflex / Giao tiếp phản xạ,Female EN — Question — British English (en-GB),Female VI — Question translation — Vietnamese (vi-VN),Male EN — Reflex answer — British English (en-GB),Male VI — Answer translation — Vietnamese (vi-VN),F_EN_Q → F_VI_Q → REFLEX_GAP → M_EN_A → M_VI_A
350,DGE0350,M35,Personal hygiene and getting dressed: getting dressed for cool weather,Vệ sinh cá nhân và mặc quần áo: mặc đồ cho thời tiết mát,A1.1,210–240 sec,199,14,DGE_MODULE_M35_PORTRAIT_9X16.jpg,SCM_LOGO.png,FINAL,PASS,DGE0350 — Personal hygiene and getting dressed: getting dressed for cool weather / Vệ sinh cá nhân và mặc quần áo: mặc đồ cho thời tiết mát,TIẾNG ANH:,TIẾNG VIỆT:,British English (en-GB) — giọng chuẩn Anh,Vietnamese (vi-VN) — giọng chuẩn địa phương Việt Nam,English communication reflex / Giao tiếp phản xạ,Female EN — Question — British English (en-GB),Female VI — Question translation — Vietnamese (vi-VN),Male EN — Reflex answer — British English (en-GB),Male VI — Answer translation — Vietnamese (vi-VN),F_EN_Q → F_VI_Q → REFLEX_GAP → M_EN_A → M_VI_A
351,DGE0351,M35,Personal hygiene and getting dressed: checking my hygiene and clothes,Vệ sinh cá nhân và mặc quần áo: kiểm tra vệ sinh và quần áo,A1.1,210–240 sec,199,14,DGE_MODULE_M35_PORTRAIT_9X16.jpg,SCM_LOGO.png,FINAL,PASS,DGE0351 — Personal hygiene and getting dressed: checking my hygiene and clothes / Vệ sinh cá nhân và mặc quần áo: kiểm tra vệ sinh và quần áo,TIẾNG ANH:,TIẾNG VIỆT:,British English (en-GB) — giọng chuẩn Anh,Vietnamese (vi-VN) — giọng chuẩn địa phương Việt Nam,English communication reflex / Giao tiếp phản xạ,Female EN — Question — British English (en-GB),Female VI — Question translation — Vietnamese (vi-VN),Male EN — Reflex answer — British English (en-GB),Male VI — Answer translation — Vietnamese (vi-VN),F_EN_Q → F_VI_Q → REFLEX_GAP → M_EN_A → M_VI_A
352,DGE0352,M36,Household chores: making a simple chore list,Việc nhà: lập danh sách việc nhà đơn giản,A1.1,210–240 sec,199,14,DGE_MODULE_M36_PORTRAIT_9X16.jpg,SCM_LOGO.png,FINAL,PASS,DGE0352 — Household chores: making a simple chore list / Việc nhà: lập danh sách việc nhà đơn giản,TIẾNG ANH:,TIẾNG VIỆT:,British English (en-GB) — giọng chuẩn Anh,Vietnamese (vi-VN) — giọng chuẩn địa phương Việt Nam,English communication reflex / Giao tiếp phản xạ,Female EN — Question — British English (en-GB),Female VI — Question translation — Vietnamese (vi-VN),Male EN — Reflex answer — British English (en-GB),Male VI — Answer translation — Vietnamese (vi-VN),F_EN_Q → F_VI_Q → REFLEX_GAP → M_EN_A → M_VI_A
353,DGE0353,M36,Household chores: washing the dishes,Việc nhà: rửa bát đĩa,A1.1,210–240 sec,194,16,DGE_MODULE_M36_PORTRAIT_9X16.jpg,SCM_LOGO.png,FINAL,PASS,DGE0353 — Household chores: washing the dishes / Việc nhà: rửa bát đĩa,TIẾNG ANH:,TIẾNG VIỆT:,British English (en-GB) — giọng chuẩn Anh,Vietnamese (vi-VN) — giọng chuẩn địa phương Việt Nam,English communication reflex / Giao tiếp phản xạ,Female EN — Question — British English (en-GB),Female VI — Question translation — Vietnamese (vi-VN),Male EN — Reflex answer — British English (en-GB),Male VI — Answer translation — Vietnamese (vi-VN),F_EN_Q → F_VI_Q → REFLEX_GAP → M_EN_A → M_VI_A
354,DGE0354,M36,Household chores: cleaning the kitchen,Việc nhà: dọn nhà bếp,A1.1,210–240 sec,194,16,DGE_MODULE_M36_PORTRAIT_9X16.jpg,SCM_LOGO.png,FINAL,PASS,DGE0354 — Household chores: cleaning the kitchen / Việc nhà: dọn nhà bếp,TIẾNG ANH:,TIẾNG VIỆT:,British English (en-GB) — giọng chuẩn Anh,Vietnamese (vi-VN) — giọng chuẩn địa phương Việt Nam,English communication reflex / Giao tiếp phản xạ,Female EN — Question — British English (en-GB),Female VI — Question translation — Vietnamese (vi-VN),Male EN — Reflex answer — British English (en-GB),Male VI — Answer translation — Vietnamese (vi-VN),F_EN_Q → F_VI_Q → REFLEX_GAP → M_EN_A → M_VI_A
355,DGE0355,M36,Household chores: sweeping the floor,Việc nhà: quét sàn,A1.1,210–240 sec,194,16,DGE_MODULE_M36_PORTRAIT_9X16.jpg,SCM_LOGO.png,FINAL,PASS,DGE0355 — Household chores: sweeping the floor / Việc nhà: quét sàn,TIẾNG ANH:,TIẾNG VIỆT:,British English (en-GB) — giọng chuẩn Anh,Vietnamese (vi-VN) — giọng chuẩn địa phương Việt Nam,English communication reflex / Giao tiếp phản xạ,Female EN — Question — British English (en-GB),Female VI — Question translation — Vietnamese (vi-VN),Male EN — Reflex answer — British English (en-GB),Male VI — Answer translation — Vietnamese (vi-VN),F_EN_Q → F_VI_Q → REFLEX_GAP → M_EN_A → M_VI_A
356,DGE0356,M36,Household chores: using a vacuum cleaner,Việc nhà: dùng máy hút bụi,A1.1,210–240 sec,185,14,DGE_MODULE_M36_PORTRAIT_9X16.jpg,SCM_LOGO.png,FINAL,PASS,DGE0356 — Household chores: using a vacuum cleaner / Việc nhà: dùng máy hút bụi,TIẾNG ANH:,TIẾNG VIỆT:,British English (en-GB) — giọng chuẩn Anh,Vietnamese (vi-VN) — giọng chuẩn địa phương Việt Nam,English communication reflex / Giao tiếp phản xạ,Female EN — Question — British English (en-GB),Female VI — Question translation — Vietnamese (vi-VN),Male EN — Reflex answer — British English (en-GB),Male VI — Answer translation — Vietnamese (vi-VN),F_EN_Q → F_VI_Q → REFLEX_GAP → M_EN_A → M_VI_A
357,DGE0357,M36,Household chores: doing the laundry,Việc nhà: giặt quần áo,A1.1,210–240 sec,194,16,DGE_MODULE_M36_PORTRAIT_9X16.jpg,SCM_LOGO.png,FINAL,PASS,DGE0357 — Household chores: doing the laundry / Việc nhà: giặt quần áo,TIẾNG ANH:,TIẾNG VIỆT:,British English (en-GB) — giọng chuẩn Anh,Vietnamese (vi-VN) — giọng chuẩn địa phương Việt Nam,English communication reflex / Giao tiếp phản xạ,Female EN — Question — British English (en-GB),Female VI — Question translation — Vietnamese (vi-VN),Male EN — Reflex answer — British English (en-GB),Male VI — Answer translation — Vietnamese (vi-VN),F_EN_Q → F_VI_Q → REFLEX_GAP → M_EN_A → M_VI_A
358,DGE0358,M36,Household chores: folding clean clothes,Việc nhà: gấp quần áo sạch,A1.1,210–240 sec,194,16,DGE_MODULE_M36_PORTRAIT_9X16.jpg,SCM_LOGO.png,FINAL,PASS,DGE0358 — Household chores: folding clean clothes / Việc nhà: gấp quần áo sạch,TIẾNG ANH:,TIẾNG VIỆT:,British English (en-GB) — giọng chuẩn Anh,Vietnamese (vi-VN) — giọng chuẩn địa phương Việt Nam,English communication reflex / Giao tiếp phản xạ,Female EN — Question — British English (en-GB),Female VI — Question translation — Vietnamese (vi-VN),Male EN — Reflex answer — British English (en-GB),Male VI — Answer translation — Vietnamese (vi-VN),F_EN_Q → F_VI_Q → REFLEX_GAP → M_EN_A → M_VI_A
359,DGE0359,M36,Household chores: taking out the rubbish,Việc nhà: mang rác ra ngoài,A1.1,210–240 sec,185,14,DGE_MODULE_M36_PORTRAIT_9X16.jpg,SCM_LOGO.png,FINAL,PASS,DGE0359 — Household chores: taking out the rubbish / Việc nhà: mang rác ra ngoài,TIẾNG ANH:,TIẾNG VIỆT:,British English (en-GB) — giọng chuẩn Anh,Vietnamese (vi-VN) — giọng chuẩn địa phương Việt Nam,English communication reflex / Giao tiếp phản xạ,Female EN — Question — British English (en-GB),Female VI — Question translation — Vietnamese (vi-VN),Male EN — Reflex answer — British English (en-GB),Male VI — Answer translation — Vietnamese (vi-VN),F_EN_Q → F_VI_Q → REFLEX_GAP → M_EN_A → M_VI_A
360,DGE0360,M36,Household chores: sharing chores fairly,Việc nhà: chia việc nhà công bằng,A1.1,210–240 sec,171,14,DGE_MODULE_M36_PORTRAIT_9X16.jpg,SCM_LOGO.png,FINAL,PASS,DGE0360 — Household chores: sharing chores fairly / Việc nhà: chia việc nhà công bằng,TIẾNG ANH:,TIẾNG VIỆT:,British English (en-GB) — giọng chuẩn Anh,Vietnamese (vi-VN) — giọng chuẩn địa phương Việt Nam,English communication reflex / Giao tiếp phản xạ,Female EN — Question — British English (en-GB),Female VI — Question translation — Vietnamese (vi-VN),Male EN — Reflex answer — British English (en-GB),Male VI — Answer translation — Vietnamese (vi-VN),F_EN_Q → F_VI_Q → REFLEX_GAP → M_EN_A → M_VI_A
361,DGE0361,M36,Household chores: checking that the home is tidy,Việc nhà: kiểm tra nhà cửa gọn gàng,A1.1,210–240 sec,213,14,DGE_MODULE_M36_PORTRAIT_9X16.jpg,SCM_LOGO.png,FINAL,PASS,DGE0361 — Household chores: checking that the home is tidy / Việc nhà: kiểm tra nhà cửa gọn gàng,TIẾNG ANH:,TIẾNG VIỆT:,British English (en-GB) — giọng chuẩn Anh,Vietnamese (vi-VN) — giọng chuẩn địa phương Việt Nam,English communication reflex / Giao tiếp phản xạ,Female EN — Question — British English (en-GB),Female VI — Question translation — Vietnamese (vi-VN),Male EN — Reflex answer — British English (en-GB),Male VI — Answer translation — Vietnamese (vi-VN),F_EN_Q → F_VI_Q → REFLEX_GAP → M_EN_A → M_VI_A
362,DGE0362,M37,Meals at home: setting the table,Bữa ăn tại nhà: dọn bàn ăn,A1.1,210–240 sec,194,16,DGE_MODULE_M37_PORTRAIT_9X16.jpg,SCM_LOGO.png,FINAL,PASS,DGE0362 — Meals at home: setting the table / Bữa ăn tại nhà: dọn bàn ăn,TIẾNG ANH:,TIẾNG VIỆT:,British English (en-GB) — giọng chuẩn Anh,Vietnamese (vi-VN) — giọng chuẩn địa phương Việt Nam,English communication reflex / Giao tiếp phản xạ,Female EN — Question — British English (en-GB),Female VI — Question translation — Vietnamese (vi-VN),Male EN — Reflex answer — British English (en-GB),Male VI — Answer translation — Vietnamese (vi-VN),F_EN_Q → F_VI_Q → REFLEX_GAP → M_EN_A → M_VI_A
363,DGE0363,M37,Meals at home: asking what is for breakfast,Bữa ăn tại nhà: hỏi bữa sáng có gì,A1.1,210–240 sec,199,14,DGE_MODULE_M37_PORTRAIT_9X16.jpg,SCM_LOGO.png,FINAL,PASS,DGE0363 — Meals at home: asking what is for breakfast / Bữa ăn tại nhà: hỏi bữa sáng có gì,TIẾNG ANH:,TIẾNG VIỆT:,British English (en-GB) — giọng chuẩn Anh,Vietnamese (vi-VN) — giọng chuẩn địa phương Việt Nam,English communication reflex / Giao tiếp phản xạ,Female EN — Question — British English (en-GB),Female VI — Question translation — Vietnamese (vi-VN),Male EN — Reflex answer — British English (en-GB),Male VI — Answer translation — Vietnamese (vi-VN),F_EN_Q → F_VI_Q → REFLEX_GAP → M_EN_A → M_VI_A
364,DGE0364,M37,Meals at home: making a simple lunch,Bữa ăn tại nhà: làm bữa trưa đơn giản,A1.1,210–240 sec,185,14,DGE_MODULE_M37_PORTRAIT_9X16.jpg,SCM_LOGO.png,FINAL,PASS,DGE0364 — Meals at home: making a simple lunch / Bữa ăn tại nhà: làm bữa trưa đơn giản,TIẾNG ANH:,TIẾNG VIỆT:,British English (en-GB) — giọng chuẩn Anh,Vietnamese (vi-VN) — giọng chuẩn địa phương Việt Nam,English communication reflex / Giao tiếp phản xạ,Female EN — Question — British English (en-GB),Female VI — Question translation — Vietnamese (vi-VN),Male EN — Reflex answer — British English (en-GB),Male VI — Answer translation — Vietnamese (vi-VN),F_EN_Q → F_VI_Q → REFLEX_GAP → M_EN_A → M_VI_A
365,DGE0365,M37,Meals at home: serving dinner,Bữa ăn tại nhà: dọn bữa tối,A1.1,210–240 sec,178,16,DGE_MODULE_M37_PORTRAIT_9X16.jpg,SCM_LOGO.png,FINAL,PASS,DGE0365 — Meals at home: serving dinner / Bữa ăn tại nhà: dọn bữa tối,TIẾNG ANH:,TIẾNG VIỆT:,British English (en-GB) — giọng chuẩn Anh,Vietnamese (vi-VN) — giọng chuẩn địa phương Việt Nam,English communication reflex / Giao tiếp phản xạ,Female EN — Question — British English (en-GB),Female VI — Question translation — Vietnamese (vi-VN),Male EN — Reflex answer — British English (en-GB),Male VI — Answer translation — Vietnamese (vi-VN),F_EN_Q → F_VI_Q → REFLEX_GAP → M_EN_A → M_VI_A
366,DGE0366,M37,Meals at home: asking someone to pass the water,Bữa ăn tại nhà: nhờ ai đó đưa nước,A1.1,210–240 sec,213,14,DGE_MODULE_M37_PORTRAIT_9X16.jpg,SCM_LOGO.png,FINAL,PASS,DGE0366 — Meals at home: asking someone to pass the water / Bữa ăn tại nhà: nhờ ai đó đưa nước,TIẾNG ANH:,TIẾNG VIỆT:,British English (en-GB) — giọng chuẩn Anh,Vietnamese (vi-VN) — giọng chuẩn địa phương Việt Nam,English communication reflex / Giao tiếp phản xạ,Female EN — Question — British English (en-GB),Female VI — Question translation — Vietnamese (vi-VN),Male EN — Reflex answer — British English (en-GB),Male VI — Answer translation — Vietnamese (vi-VN),F_EN_Q → F_VI_Q → REFLEX_GAP → M_EN_A → M_VI_A
367,DGE0367,M37,Meals at home: offering more food,Bữa ăn tại nhà: mời thêm thức ăn,A1.1,210–240 sec,194,16,DGE_MODULE_M37_PORTRAIT_9X16.jpg,SCM_LOGO.png,FINAL,PASS,DGE0367 — Meals at home: offering more food / Bữa ăn tại nhà: mời thêm thức ăn,TIẾNG ANH:,TIẾNG VIỆT:,British English (en-GB) — giọng chuẩn Anh,Vietnamese (vi-VN) — giọng chuẩn địa phương Việt Nam,English communication reflex / Giao tiếp phản xạ,Female EN — Question — British English (en-GB),Female VI — Question translation — Vietnamese (vi-VN),Male EN — Reflex answer — British English (en-GB),Male VI — Answer translation — Vietnamese (vi-VN),F_EN_Q → F_VI_Q → REFLEX_GAP → M_EN_A → M_VI_A
368,DGE0368,M37,Meals at home: saying what I like to eat,Bữa ăn tại nhà: nói món tôi thích ăn,A1.1,210–240 sec,213,14,DGE_MODULE_M37_PORTRAIT_9X16.jpg,SCM_LOGO.png,FINAL,PASS,DGE0368 — Meals at home: saying what I like to eat / Bữa ăn tại nhà: nói món tôi thích ăn,TIẾNG ANH:,TIẾNG VIỆT:,British English (en-GB) — giọng chuẩn Anh,Vietnamese (vi-VN) — giọng chuẩn địa phương Việt Nam,English communication reflex / Giao tiếp phản xạ,Female EN — Question — British English (en-GB),Female VI — Question translation — Vietnamese (vi-VN),Male EN — Reflex answer — British English (en-GB),Male VI — Answer translation — Vietnamese (vi-VN),F_EN_Q → F_VI_Q → REFLEX_GAP → M_EN_A → M_VI_A
369,DGE0369,M37,Meals at home: talking politely during a meal,Bữa ăn tại nhà: nói chuyện lịch sự trong bữa ăn,A1.1,210–240 sec,199,14,DGE_MODULE_M37_PORTRAIT_9X16.jpg,SCM_LOGO.png,FINAL,PASS,DGE0369 — Meals at home: talking politely during a meal / Bữa ăn tại nhà: nói chuyện lịch sự trong bữa ăn,TIẾNG ANH:,TIẾNG VIỆT:,British English (en-GB) — giọng chuẩn Anh,Vietnamese (vi-VN) — giọng chuẩn địa phương Việt Nam,English communication reflex / Giao tiếp phản xạ,Female EN — Question — British English (en-GB),Female VI — Question translation — Vietnamese (vi-VN),Male EN — Reflex answer — British English (en-GB),Male VI — Answer translation — Vietnamese (vi-VN),F_EN_Q → F_VI_Q → REFLEX_GAP → M_EN_A → M_VI_A
370,DGE0370,M37,Meals at home: clearing the table together,Bữa ăn tại nhà: cùng dọn bàn ăn,A1.1,210–240 sec,185,14,DGE_MODULE_M37_PORTRAIT_9X16.jpg,SCM_LOGO.png,FINAL,PASS,DGE0370 — Meals at home: clearing the table together / Bữa ăn tại nhà: cùng dọn bàn ăn,TIẾNG ANH:,TIẾNG VIỆT:,British English (en-GB) — giọng chuẩn Anh,Vietnamese (vi-VN) — giọng chuẩn địa phương Việt Nam,English communication reflex / Giao tiếp phản xạ,Female EN — Question — British English (en-GB),Female VI — Question translation — Vietnamese (vi-VN),Male EN — Reflex answer — British English (en-GB),Male VI — Answer translation — Vietnamese (vi-VN),F_EN_Q → F_VI_Q → REFLEX_GAP → M_EN_A → M_VI_A
371,DGE0371,M37,Meals at home: reviewing a family meal,Bữa ăn tại nhà: ôn tập một bữa cơm gia đình,A1.1,210–240 sec,185,14,DGE_MODULE_M37_PORTRAIT_9X16.jpg,SCM_LOGO.png,FINAL,PASS,DGE0371 — Meals at home: reviewing a family meal / Bữa ăn tại nhà: ôn tập một bữa cơm gia đình,TIẾNG ANH:,TIẾNG VIỆT:,British English (en-GB) — giọng chuẩn Anh,Vietnamese (vi-VN) — giọng chuẩn địa phương Việt Nam,English communication reflex / Giao tiếp phản xạ,Female EN — Question — British English (en-GB),Female VI — Question translation — Vietnamese (vi-VN),Male EN — Reflex answer — British English (en-GB),Male VI — Answer translation — Vietnamese (vi-VN),F_EN_Q → F_VI_Q → REFLEX_GAP → M_EN_A → M_VI_A
372,DGE0372,M38,Evening routine and sleep: coming home in the evening,Sinh hoạt buổi tối và giấc ngủ: về nhà vào buổi tối,A1.1,210–240 sec,199,14,DGE_MODULE_M38_PORTRAIT_9X16.jpg,SCM_LOGO.png,FINAL,PASS,DGE0372 — Evening routine and sleep: coming home in the evening / Sinh hoạt buổi tối và giấc ngủ: về nhà vào buổi tối,TIẾNG ANH:,TIẾNG VIỆT:,British English (en-GB) — giọng chuẩn Anh,Vietnamese (vi-VN) — giọng chuẩn địa phương Việt Nam,English communication reflex / Giao tiếp phản xạ,Female EN — Question — British English (en-GB),Female VI — Question translation — Vietnamese (vi-VN),Male EN — Reflex answer — British English (en-GB),Male VI — Answer translation — Vietnamese (vi-VN),F_EN_Q → F_VI_Q → REFLEX_GAP → M_EN_A → M_VI_A
373,DGE0373,M38,Evening routine and sleep: changing into comfortable clothes,Sinh hoạt buổi tối và giấc ngủ: thay quần áo thoải mái,A1.1,210–240 sec,185,14,DGE_MODULE_M38_PORTRAIT_9X16.jpg,SCM_LOGO.png,FINAL,PASS,DGE0373 — Evening routine and sleep: changing into comfortable clothes / Sinh hoạt buổi tối và giấc ngủ: thay quần áo thoải mái,TIẾNG ANH:,TIẾNG VIỆT:,British English (en-GB) — giọng chuẩn Anh,Vietnamese (vi-VN) — giọng chuẩn địa phương Việt Nam,English communication reflex / Giao tiếp phản xạ,Female EN — Question — British English (en-GB),Female VI — Question translation — Vietnamese (vi-VN),Male EN — Reflex answer — British English (en-GB),Male VI — Answer translation — Vietnamese (vi-VN),F_EN_Q → F_VI_Q → REFLEX_GAP → M_EN_A → M_VI_A
374,DGE0374,M38,Evening routine and sleep: having a quiet evening meal,Sinh hoạt buổi tối và giấc ngủ: ăn bữa tối yên tĩnh,A1.1,210–240 sec,199,14,DGE_MODULE_M38_PORTRAIT_9X16.jpg,SCM_LOGO.png,FINAL,PASS,DGE0374 — Evening routine and sleep: having a quiet evening meal / Sinh hoạt buổi tối và giấc ngủ: ăn bữa tối yên tĩnh,TIẾNG ANH:,TIẾNG VIỆT:,British English (en-GB) — giọng chuẩn Anh,Vietnamese (vi-VN) — giọng chuẩn địa phương Việt Nam,English communication reflex / Giao tiếp phản xạ,Female EN — Question — British English (en-GB),Female VI — Question translation — Vietnamese (vi-VN),Male EN — Reflex answer — British English (en-GB),Male VI — Answer translation — Vietnamese (vi-VN),F_EN_Q → F_VI_Q → REFLEX_GAP → M_EN_A → M_VI_A
375,DGE0375,M38,Evening routine and sleep: relaxing after a busy day,Sinh hoạt buổi tối và giấc ngủ: thư giãn sau một ngày bận rộn,A1.1,210–240 sec,199,14,DGE_MODULE_M38_PORTRAIT_9X16.jpg,SCM_LOGO.png,FINAL,PASS,DGE0375 — Evening routine and sleep: relaxing after a busy day / Sinh hoạt buổi tối và giấc ngủ: thư giãn sau một ngày bận rộn,TIẾNG ANH:,TIẾNG VIỆT:,British English (en-GB) — giọng chuẩn Anh,Vietnamese (vi-VN) — giọng chuẩn địa phương Việt Nam,English communication reflex / Giao tiếp phản xạ,Female EN — Question — British English (en-GB),Female VI — Question translation — Vietnamese (vi-VN),Male EN — Reflex answer — British English (en-GB),Male VI — Answer translation — Vietnamese (vi-VN),F_EN_Q → F_VI_Q → REFLEX_GAP → M_EN_A → M_VI_A
376,DGE0376,M38,Evening routine and sleep: preparing things for tomorrow,Sinh hoạt buổi tối và giấc ngủ: chuẩn bị đồ cho ngày mai,A1.1,210–240 sec,185,14,DGE_MODULE_M38_PORTRAIT_9X16.jpg,SCM_LOGO.png,FINAL,PASS,DGE0376 — Evening routine and sleep: preparing things for tomorrow / Sinh hoạt buổi tối và giấc ngủ: chuẩn bị đồ cho ngày mai,TIẾNG ANH:,TIẾNG VIỆT:,British English (en-GB) — giọng chuẩn Anh,Vietnamese (vi-VN) — giọng chuẩn địa phương Việt Nam,English communication reflex / Giao tiếp phản xạ,Female EN — Question — British English (en-GB),Female VI — Question translation — Vietnamese (vi-VN),Male EN — Reflex answer — British English (en-GB),Male VI — Answer translation — Vietnamese (vi-VN),F_EN_Q → F_VI_Q → REFLEX_GAP → M_EN_A → M_VI_A
377,DGE0377,M38,Evening routine and sleep: turning off lights and appliances,Sinh hoạt buổi tối và giấc ngủ: tắt đèn và thiết bị,A1.1,210–240 sec,199,14,DGE_MODULE_M38_PORTRAIT_9X16.jpg,SCM_LOGO.png,FINAL,PASS,DGE0377 — Evening routine and sleep: turning off lights and appliances / Sinh hoạt buổi tối và giấc ngủ: tắt đèn và thiết bị,TIẾNG ANH:,TIẾNG VIỆT:,British English (en-GB) — giọng chuẩn Anh,Vietnamese (vi-VN) — giọng chuẩn địa phương Việt Nam,English communication reflex / Giao tiếp phản xạ,Female EN — Question — British English (en-GB),Female VI — Question translation — Vietnamese (vi-VN),Male EN — Reflex answer — British English (en-GB),Male VI — Answer translation — Vietnamese (vi-VN),F_EN_Q → F_VI_Q → REFLEX_GAP → M_EN_A → M_VI_A
378,DGE0378,M38,Evening routine and sleep: putting on pyjamas,Sinh hoạt buổi tối và giấc ngủ: mặc đồ ngủ,A1.1,210–240 sec,194,16,DGE_MODULE_M38_PORTRAIT_9X16.jpg,SCM_LOGO.png,FINAL,PASS,DGE0378 — Evening routine and sleep: putting on pyjamas / Sinh hoạt buổi tối và giấc ngủ: mặc đồ ngủ,TIẾNG ANH:,TIẾNG VIỆT:,British English (en-GB) — giọng chuẩn Anh,Vietnamese (vi-VN) — giọng chuẩn địa phương Việt Nam,English communication reflex / Giao tiếp phản xạ,Female EN — Question — British English (en-GB),Female VI — Question translation — Vietnamese (vi-VN),Male EN — Reflex answer — British English (en-GB),Male VI — Answer translation — Vietnamese (vi-VN),F_EN_Q → F_VI_Q → REFLEX_GAP → M_EN_A → M_VI_A
379,DGE0379,M38,Evening routine and sleep: reading before bed,Sinh hoạt buổi tối và giấc ngủ: đọc sách trước khi ngủ,A1.1,210–240 sec,171,14,DGE_MODULE_M38_PORTRAIT_9X16.jpg,SCM_LOGO.png,FINAL,PASS,DGE0379 — Evening routine and sleep: reading before bed / Sinh hoạt buổi tối và giấc ngủ: đọc sách trước khi ngủ,TIẾNG ANH:,TIẾNG VIỆT:,British English (en-GB) — giọng chuẩn Anh,Vietnamese (vi-VN) — giọng chuẩn địa phương Việt Nam,English communication reflex / Giao tiếp phản xạ,Female EN — Question — British English (en-GB),Female VI — Question translation — Vietnamese (vi-VN),Male EN — Reflex answer — British English (en-GB),Male VI — Answer translation — Vietnamese (vi-VN),F_EN_Q → F_VI_Q → REFLEX_GAP → M_EN_A → M_VI_A
380,DGE0380,M38,Evening routine and sleep: saying good night,Sinh hoạt buổi tối và giấc ngủ: chúc ngủ ngon,A1.1,210–240 sec,194,16,DGE_MODULE_M38_PORTRAIT_9X16.jpg,SCM_LOGO.png,FINAL,PASS,DGE0380 — Evening routine and sleep: saying good night / Sinh hoạt buổi tối và giấc ngủ: chúc ngủ ngon,TIẾNG ANH:,TIẾNG VIỆT:,British English (en-GB) — giọng chuẩn Anh,Vietnamese (vi-VN) — giọng chuẩn địa phương Việt Nam,English communication reflex / Giao tiếp phản xạ,Female EN — Question — British English (en-GB),Female VI — Question translation — Vietnamese (vi-VN),Male EN — Reflex answer — British English (en-GB),Male VI — Answer translation — Vietnamese (vi-VN),F_EN_Q → F_VI_Q → REFLEX_GAP → M_EN_A → M_VI_A
381,DGE0381,M38,Evening routine and sleep: following a healthy sleep routine,Sinh hoạt buổi tối và giấc ngủ: thực hiện thói quen ngủ lành mạnh,A1.1,210–240 sec,199,14,DGE_MODULE_M38_PORTRAIT_9X16.jpg,SCM_LOGO.png,FINAL,PASS,DGE0381 — Evening routine and sleep: following a healthy sleep routine / Sinh hoạt buổi tối và giấc ngủ: thực hiện thói quen ngủ lành mạnh,TIẾNG ANH:,TIẾNG VIỆT:,British English (en-GB) — giọng chuẩn Anh,Vietnamese (vi-VN) — giọng chuẩn địa phương Việt Nam,English communication reflex / Giao tiếp phản xạ,Female EN — Question — British English (en-GB),Female VI — Question translation — Vietnamese (vi-VN),Male EN — Reflex answer — British English (en-GB),Male VI — Answer translation — Vietnamese (vi-VN),F_EN_Q → F_VI_Q → REFLEX_GAP → M_EN_A → M_VI_A
382,DGE0382,M39,Visitors and home manners: answering the door politely,Khách đến nhà và phép lịch sự: mở cửa một cách lịch sự,A1.1,210–240 sec,185,14,DGE_MODULE_M39_PORTRAIT_9X16.jpg,SCM_LOGO.png,FINAL,PASS,DGE0382 — Visitors and home manners: answering the door politely / Khách đến nhà và phép lịch sự: mở cửa một cách lịch sự,TIẾNG ANH:,TIẾNG VIỆT:,British English (en-GB) — giọng chuẩn Anh,Vietnamese (vi-VN) — giọng chuẩn địa phương Việt Nam,English communication reflex / Giao tiếp phản xạ,Female EN — Question — British English (en-GB),Female VI — Question translation — Vietnamese (vi-VN),Male EN — Reflex answer — British English (en-GB),Male VI — Answer translation — Vietnamese (vi-VN),F_EN_Q → F_VI_Q → REFLEX_GAP → M_EN_A → M_VI_A
383,DGE0383,M39,Visitors and home manners: welcoming a visitor,Khách đến nhà và phép lịch sự: chào đón khách,A1.1,210–240 sec,194,16,DGE_MODULE_M39_PORTRAIT_9X16.jpg,SCM_LOGO.png,FINAL,PASS,DGE0383 — Visitors and home manners: welcoming a visitor / Khách đến nhà và phép lịch sự: chào đón khách,TIẾNG ANH:,TIẾNG VIỆT:,British English (en-GB) — giọng chuẩn Anh,Vietnamese (vi-VN) — giọng chuẩn địa phương Việt Nam,English communication reflex / Giao tiếp phản xạ,Female EN — Question — British English (en-GB),Female VI — Question translation — Vietnamese (vi-VN),Male EN — Reflex answer — British English (en-GB),Male VI — Answer translation — Vietnamese (vi-VN),F_EN_Q → F_VI_Q → REFLEX_GAP → M_EN_A → M_VI_A
384,DGE0384,M39,Visitors and home manners: asking a guest to come in,Khách đến nhà và phép lịch sự: mời khách vào nhà,A1.1,210–240 sec,213,14,DGE_MODULE_M39_PORTRAIT_9X16.jpg,SCM_LOGO.png,FINAL,PASS,DGE0384 — Visitors and home manners: asking a guest to come in / Khách đến nhà và phép lịch sự: mời khách vào nhà,TIẾNG ANH:,TIẾNG VIỆT:,British English (en-GB) — giọng chuẩn Anh,Vietnamese (vi-VN) — giọng chuẩn địa phương Việt Nam,English communication reflex / Giao tiếp phản xạ,Female EN — Question — British English (en-GB),Female VI — Question translation — Vietnamese (vi-VN),Male EN — Reflex answer — British English (en-GB),Male VI — Answer translation — Vietnamese (vi-VN),F_EN_Q → F_VI_Q → REFLEX_GAP → M_EN_A → M_VI_A
385,DGE0385,M39,Visitors and home manners: offering a seat,Khách đến nhà và phép lịch sự: mời khách ngồi,A1.1,210–240 sec,194,16,DGE_MODULE_M39_PORTRAIT_9X16.jpg,SCM_LOGO.png,FINAL,PASS,DGE0385 — Visitors and home manners: offering a seat / Khách đến nhà và phép lịch sự: mời khách ngồi,TIẾNG ANH:,TIẾNG VIỆT:,British English (en-GB) — giọng chuẩn Anh,Vietnamese (vi-VN) — giọng chuẩn địa phương Việt Nam,English communication reflex / Giao tiếp phản xạ,Female EN — Question — British English (en-GB),Female VI — Question translation — Vietnamese (vi-VN),Male EN — Reflex answer — British English (en-GB),Male VI — Answer translation — Vietnamese (vi-VN),F_EN_Q → F_VI_Q → REFLEX_GAP → M_EN_A → M_VI_A
386,DGE0386,M39,Visitors and home manners: offering tea or water,Khách đến nhà và phép lịch sự: mời trà hoặc nước,A1.1,210–240 sec,185,14,DGE_MODULE_M39_PORTRAIT_9X16.jpg,SCM_LOGO.png,FINAL,PASS,DGE0386 — Visitors and home manners: offering tea or water / Khách đến nhà và phép lịch sự: mời trà hoặc nước,TIẾNG ANH:,TIẾNG VIỆT:,British English (en-GB) — giọng chuẩn Anh,Vietnamese (vi-VN) — giọng chuẩn địa phương Việt Nam,English communication reflex / Giao tiếp phản xạ,Female EN — Question — British English (en-GB),Female VI — Question translation — Vietnamese (vi-VN),Male EN — Reflex answer — British English (en-GB),Male VI — Answer translation — Vietnamese (vi-VN),F_EN_Q → F_VI_Q → REFLEX_GAP → M_EN_A → M_VI_A
387,DGE0387,M39,Visitors and home manners: showing a guest the bathroom,Khách đến nhà và phép lịch sự: chỉ phòng tắm cho khách,A1.1,210–240 sec,199,14,DGE_MODULE_M39_PORTRAIT_9X16.jpg,SCM_LOGO.png,FINAL,PASS,DGE0387 — Visitors and home manners: showing a guest the bathroom / Khách đến nhà và phép lịch sự: chỉ phòng tắm cho khách,TIẾNG ANH:,TIẾNG VIỆT:,British English (en-GB) — giọng chuẩn Anh,Vietnamese (vi-VN) — giọng chuẩn địa phương Việt Nam,English communication reflex / Giao tiếp phản xạ,Female EN — Question — British English (en-GB),Female VI — Question translation — Vietnamese (vi-VN),Male EN — Reflex answer — British English (en-GB),Male VI — Answer translation — Vietnamese (vi-VN),F_EN_Q → F_VI_Q → REFLEX_GAP → M_EN_A → M_VI_A
388,DGE0388,M39,Visitors and home manners: asking visitors about their journey,Khách đến nhà và phép lịch sự: hỏi khách về chuyến đi,A1.1,210–240 sec,199,14,DGE_MODULE_M39_PORTRAIT_9X16.jpg,SCM_LOGO.png,FINAL,PASS,DGE0388 — Visitors and home manners: asking visitors about their journey / Khách đến nhà và phép lịch sự: hỏi khách về chuyến đi,TIẾNG ANH:,TIẾNG VIỆT:,British English (en-GB) — giọng chuẩn Anh,Vietnamese (vi-VN) — giọng chuẩn địa phương Việt Nam,English communication reflex / Giao tiếp phản xạ,Female EN — Question — British English (en-GB),Female VI — Question translation — Vietnamese (vi-VN),Male EN — Reflex answer — British English (en-GB),Male VI — Answer translation — Vietnamese (vi-VN),F_EN_Q → F_VI_Q → REFLEX_GAP → M_EN_A → M_VI_A
389,DGE0389,M39,Visitors and home manners: keeping the conversation friendly,Khách đến nhà và phép lịch sự: giữ cuộc trò chuyện thân thiện,A1.1,210–240 sec,185,14,DGE_MODULE_M39_PORTRAIT_9X16.jpg,SCM_LOGO.png,FINAL,PASS,DGE0389 — Visitors and home manners: keeping the conversation friendly / Khách đến nhà và phép lịch sự: giữ cuộc trò chuyện thân thiện,TIẾNG ANH:,TIẾNG VIỆT:,British English (en-GB) — giọng chuẩn Anh,Vietnamese (vi-VN) — giọng chuẩn địa phương Việt Nam,English communication reflex / Giao tiếp phản xạ,Female EN — Question — British English (en-GB),Female VI — Question translation — Vietnamese (vi-VN),Male EN — Reflex answer — British English (en-GB),Male VI — Answer translation — Vietnamese (vi-VN),F_EN_Q → F_VI_Q → REFLEX_GAP → M_EN_A → M_VI_A
390,DGE0390,M39,Visitors and home manners: saying goodbye at the door,Khách đến nhà và phép lịch sự: tạm biệt khách ở cửa,A1.1,210–240 sec,199,14,DGE_MODULE_M39_PORTRAIT_9X16.jpg,SCM_LOGO.png,FINAL,PASS,DGE0390 — Visitors and home manners: saying goodbye at the door / Khách đến nhà và phép lịch sự: tạm biệt khách ở cửa,TIẾNG ANH:,TIẾNG VIỆT:,British English (en-GB) — giọng chuẩn Anh,Vietnamese (vi-VN) — giọng chuẩn địa phương Việt Nam,English communication reflex / Giao tiếp phản xạ,Female EN — Question — British English (en-GB),Female VI — Question translation — Vietnamese (vi-VN),Male EN — Reflex answer — British English (en-GB),Male VI — Answer translation — Vietnamese (vi-VN),F_EN_Q → F_VI_Q → REFLEX_GAP → M_EN_A → M_VI_A
391,DGE0391,M39,Visitors and home manners: reviewing good manners at home,Khách đến nhà và phép lịch sự: ôn tập phép lịch sự tại nhà,A1.1,210–240 sec,199,14,DGE_MODULE_M39_PORTRAIT_9X16.jpg,SCM_LOGO.png,FINAL,PASS,DGE0391 — Visitors and home manners: reviewing good manners at home / Khách đến nhà và phép lịch sự: ôn tập phép lịch sự tại nhà,TIẾNG ANH:,TIẾNG VIỆT:,British English (en-GB) — giọng chuẩn Anh,Vietnamese (vi-VN) — giọng chuẩn địa phương Việt Nam,English communication reflex / Giao tiếp phản xạ,Female EN — Question — British English (en-GB),Female VI — Question translation — Vietnamese (vi-VN),Male EN — Reflex answer — British English (en-GB),Male VI — Answer translation — Vietnamese (vi-VN),F_EN_Q → F_VI_Q → REFLEX_GAP → M_EN_A → M_VI_A
392,DGE0392,M40,Home-life checkpoint: introducing family and home together,Kiểm tra giao tiếp tại nhà: giới thiệu gia đình và nhà cửa,A1.1,210–240 sec,199,14,DGE_MODULE_M40_PORTRAIT_9X16.jpg,SCM_LOGO.png,FINAL,PASS,DGE0392 — Home-life checkpoint: introducing family and home together / Kiểm tra giao tiếp tại nhà: giới thiệu gia đình và nhà cửa,TIẾNG ANH:,TIẾNG VIỆT:,British English (en-GB) — giọng chuẩn Anh,Vietnamese (vi-VN) — giọng chuẩn địa phương Việt Nam,English communication reflex / Giao tiếp phản xạ,Female EN — Question — British English (en-GB),Female VI — Question translation — Vietnamese (vi-VN),Male EN — Reflex answer — British English (en-GB),Male VI — Answer translation — Vietnamese (vi-VN),F_EN_Q → F_VI_Q → REFLEX_GAP → M_EN_A → M_VI_A
393,DGE0393,M40,Home-life checkpoint: describing rooms and object locations,Kiểm tra giao tiếp tại nhà: mô tả phòng và vị trí đồ vật,A1.1,210–240 sec,199,14,DGE_MODULE_M40_PORTRAIT_9X16.jpg,SCM_LOGO.png,FINAL,PASS,DGE0393 — Home-life checkpoint: describing rooms and object locations / Kiểm tra giao tiếp tại nhà: mô tả phòng và vị trí đồ vật,TIẾNG ANH:,TIẾNG VIỆT:,British English (en-GB) — giọng chuẩn Anh,Vietnamese (vi-VN) — giọng chuẩn địa phương Việt Nam,English communication reflex / Giao tiếp phản xạ,Female EN — Question — British English (en-GB),Female VI — Question translation — Vietnamese (vi-VN),Male EN — Reflex answer — British English (en-GB),Male VI — Answer translation — Vietnamese (vi-VN),F_EN_Q → F_VI_Q → REFLEX_GAP → M_EN_A → M_VI_A
394,DGE0394,M40,Home-life checkpoint: explaining a morning routine,Kiểm tra giao tiếp tại nhà: trình bày sinh hoạt buổi sáng,A1.1,210–240 sec,185,14,DGE_MODULE_M40_PORTRAIT_9X16.jpg,SCM_LOGO.png,FINAL,PASS,DGE0394 — Home-life checkpoint: explaining a morning routine / Kiểm tra giao tiếp tại nhà: trình bày sinh hoạt buổi sáng,TIẾNG ANH:,TIẾNG VIỆT:,British English (en-GB) — giọng chuẩn Anh,Vietnamese (vi-VN) — giọng chuẩn địa phương Việt Nam,English communication reflex / Giao tiếp phản xạ,Female EN — Question — British English (en-GB),Female VI — Question translation — Vietnamese (vi-VN),Male EN — Reflex answer — British English (en-GB),Male VI — Answer translation — Vietnamese (vi-VN),F_EN_Q → F_VI_Q → REFLEX_GAP → M_EN_A → M_VI_A
395,DGE0395,M40,Home-life checkpoint: explaining hygiene and dressing,Kiểm tra giao tiếp tại nhà: trình bày vệ sinh và mặc quần áo,A1.1,210–240 sec,185,14,DGE_MODULE_M40_PORTRAIT_9X16.jpg,SCM_LOGO.png,FINAL,PASS,DGE0395 — Home-life checkpoint: explaining hygiene and dressing / Kiểm tra giao tiếp tại nhà: trình bày vệ sinh và mặc quần áo,TIẾNG ANH:,TIẾNG VIỆT:,British English (en-GB) — giọng chuẩn Anh,Vietnamese (vi-VN) — giọng chuẩn địa phương Việt Nam,English communication reflex / Giao tiếp phản xạ,Female EN — Question — British English (en-GB),Female VI — Question translation — Vietnamese (vi-VN),Male EN — Reflex answer — British English (en-GB),Male VI — Answer translation — Vietnamese (vi-VN),F_EN_Q → F_VI_Q → REFLEX_GAP → M_EN_A → M_VI_A
396,DGE0396,M40,Home-life checkpoint: talking about household chores,Kiểm tra giao tiếp tại nhà: nói về việc nhà,A1.1,210–240 sec,185,14,DGE_MODULE_M40_PORTRAIT_9X16.jpg,SCM_LOGO.png,FINAL,PASS,DGE0396 — Home-life checkpoint: talking about household chores / Kiểm tra giao tiếp tại nhà: nói về việc nhà,TIẾNG ANH:,TIẾNG VIỆT:,British English (en-GB) — giọng chuẩn Anh,Vietnamese (vi-VN) — giọng chuẩn địa phương Việt Nam,English communication reflex / Giao tiếp phản xạ,Female EN — Question — British English (en-GB),Female VI — Question translation — Vietnamese (vi-VN),Male EN — Reflex answer — British English (en-GB),Male VI — Answer translation — Vietnamese (vi-VN),F_EN_Q → F_VI_Q → REFLEX_GAP → M_EN_A → M_VI_A
397,DGE0397,M40,Home-life checkpoint: describing meals at home,Kiểm tra giao tiếp tại nhà: mô tả các bữa ăn tại nhà,A1.1,210–240 sec,185,14,DGE_MODULE_M40_PORTRAIT_9X16.jpg,SCM_LOGO.png,FINAL,PASS,DGE0397 — Home-life checkpoint: describing meals at home / Kiểm tra giao tiếp tại nhà: mô tả các bữa ăn tại nhà,TIẾNG ANH:,TIẾNG VIỆT:,British English (en-GB) — giọng chuẩn Anh,Vietnamese (vi-VN) — giọng chuẩn địa phương Việt Nam,English communication reflex / Giao tiếp phản xạ,Female EN — Question — British English (en-GB),Female VI — Question translation — Vietnamese (vi-VN),Male EN — Reflex answer — British English (en-GB),Male VI — Answer translation — Vietnamese (vi-VN),F_EN_Q → F_VI_Q → REFLEX_GAP → M_EN_A → M_VI_A
398,DGE0398,M40,Home-life checkpoint: explaining an evening routine,Kiểm tra giao tiếp tại nhà: trình bày sinh hoạt buổi tối,A1.1,210–240 sec,185,14,DGE_MODULE_M40_PORTRAIT_9X16.jpg,SCM_LOGO.png,FINAL,PASS,DGE0398 — Home-life checkpoint: explaining an evening routine / Kiểm tra giao tiếp tại nhà: trình bày sinh hoạt buổi tối,TIẾNG ANH:,TIẾNG VIỆT:,British English (en-GB) — giọng chuẩn Anh,Vietnamese (vi-VN) — giọng chuẩn địa phương Việt Nam,English communication reflex / Giao tiếp phản xạ,Female EN — Question — British English (en-GB),Female VI — Question translation — Vietnamese (vi-VN),Male EN — Reflex answer — British English (en-GB),Male VI — Answer translation — Vietnamese (vi-VN),F_EN_Q → F_VI_Q → REFLEX_GAP → M_EN_A → M_VI_A
399,DGE0399,M40,Home-life checkpoint: welcoming a visitor correctly,Kiểm tra giao tiếp tại nhà: chào đón khách đúng cách,A1.1,210–240 sec,185,14,DGE_MODULE_M40_PORTRAIT_9X16.jpg,SCM_LOGO.png,FINAL,PASS,DGE0399 — Home-life checkpoint: welcoming a visitor correctly / Kiểm tra giao tiếp tại nhà: chào đón khách đúng cách,TIẾNG ANH:,TIẾNG VIỆT:,British English (en-GB) — giọng chuẩn Anh,Vietnamese (vi-VN) — giọng chuẩn địa phương Việt Nam,English communication reflex / Giao tiếp phản xạ,Female EN — Question — British English (en-GB),Female VI — Question translation — Vietnamese (vi-VN),Male EN — Reflex answer — British English (en-GB),Male VI — Answer translation — Vietnamese (vi-VN),F_EN_Q → F_VI_Q → REFLEX_GAP → M_EN_A → M_VI_A
400,DGE0400,M40,Home-life checkpoint: completing the home-life speaking check,Kiểm tra giao tiếp tại nhà: hoàn thành kiểm tra nói về đời sống tại nhà,A1.1,210–240 sec,199,14,DGE_MODULE_M40_PORTRAIT_9X16.jpg,SCM_LOGO.png,FINAL,PASS,DGE0400 — Home-life checkpoint: completing the home-life speaking check / Kiểm tra giao tiếp tại nhà: hoàn thành kiểm tra nói về đời sống tại nhà,TIẾNG ANH:,TIẾNG VIỆT:,British English (en-GB) — giọng chuẩn Anh,Vietnamese (vi-VN) — giọng chuẩn địa phương Việt Nam,English communication reflex / Giao tiếp phản xạ,Female EN — Question — British English (en-GB),Female VI — Question translation — Vietnamese (vi-VN),Male EN — Reflex answer — British English (en-GB),Male VI — Answer translation — Vietnamese (vi-VN),F_EN_Q → F_VI_Q → REFLEX_GAP → M_EN_A → M_VI_A
401,DGE0401,M40,Home-life checkpoint: asking about food and drink preferences,Kiểm tra giao tiếp tại nhà: hỏi về sở thích ăn uống,A1.1,210–240 sec,213,14,DGE_MODULE_M40_PORTRAIT_9X16.jpg,SCM_LOGO.png,FINAL,PASS,DGE0401 — Home-life checkpoint: asking about food and drink preferences / Kiểm tra giao tiếp tại nhà: hỏi về sở thích ăn uống,TIẾNG ANH:,TIẾNG VIỆT:,British English (en-GB) — giọng chuẩn Anh,Vietnamese (vi-VN) — giọng chuẩn địa phương Việt Nam,English communication reflex / Giao tiếp phản xạ,Female EN — Question — British English (en-GB),Female VI — Question translation — Vietnamese (vi-VN),Male EN — Reflex answer — British English (en-GB),Male VI — Answer translation — Vietnamese (vi-VN),F_EN_Q → F_VI_Q → REFLEX_GAP → M_EN_A → M_VI_A
