Lesson ID,CEFR Level,Major Domain,Scenario,English Lesson Title,Vietnamese Lesson Title,Primary Communication Goal,EN Word Target,Actual Bilingual A4 Page Target,Main Character,Secondary Character Rule,Status
0001,A0 / Pre-A1,Personal Identity,your name,Recognising and responding to your name,Giao tiếp nền tảng: personal identity & introductions — your name,recognise and respond to your name; complete the exchange naturally at A0 / Pre-A1.,180–260,2–3,Ms Lan,Mr David (or another context-appropriate named Mr/Ms character),PLANNED
0002,A0 / Pre-A1,Social Basics,saying hello,Recognising and responding to saying hello,Giao tiếp nền tảng: greetings & basic social contact — saying hello,recognise and respond to saying hello; complete the exchange naturally at A0 / Pre-A1.,180–260,2–3,Ms Lan,Ms Emma (or another context-appropriate named Mr/Ms character),PLANNED
0003,A0 / Pre-A1,Numbers and Time,numbers 0–20,Recognising and responding to numbers 0–20,"Giao tiếp nền tảng: numbers, dates & time — numbers 0–20",recognise and respond to numbers 0–20; complete the exchange naturally at A0 / Pre-A1.,180–260,2–3,Ms Lan,Mr James (or another context-appropriate named Mr/Ms character),PLANNED
0004,A0 / Pre-A1,Home,a room in the home,Recognising and responding to a room in the home,Giao tiếp nền tảng: home & household — a room in the home,recognise and respond to a room in the home; complete the exchange naturally at A0 / Pre-A1.,180–260,2–3,Ms Lan,Ms Sarah (or another context-appropriate named Mr/Ms character),PLANNED
0005,A0 / Pre-A1,Family,who a family member is,Recognising and responding to who a family member is,Giao tiếp nền tảng: family & relationships — who a family member is,recognise and respond to who a family member is; complete the exchange naturally at A0 / Pre-A1.,180–260,2–3,Ms Lan,Mr Daniel (or another context-appropriate named Mr/Ms character),PLANNED
0006,A0 / Pre-A1,Food,asking for water,Recognising and responding to asking for water,Giao tiếp nền tảng: food & drink — asking for water,recognise and respond to asking for water; complete the exchange naturally at A0 / Pre-A1.,180–260,2–3,Ms Lan,Ms Olivia (or another context-appropriate named Mr/Ms character),PLANNED
0007,A0 / Pre-A1,Shopping,the first practical exchange about shopping & payments,Recognising and responding to the first practical exchange about shopping & payments,Giao tiếp nền tảng: shopping & payments — the first practical exchange about shopping & payments,recognise and respond to the first practical exchange about shopping & payments; complete the exchange naturally at A0 / Pre-A1.,180–260,2–3,Ms Lan,Mr Thomas (or another context-appropriate named Mr/Ms character),PLANNED
0008,A0 / Pre-A1,Clothing,the first practical exchange about clothing & personal items,Recognising and responding to the first practical exchange about clothing & personal items,Giao tiếp nền tảng: clothing & personal items — the first practical exchange about clothing & personal items,recognise and respond to the first practical exchange about clothing & personal items; complete the exchange naturally at A0 / Pre-A1.,180–260,2–3,Ms Lan,Ms Sophie (or another context-appropriate named Mr/Ms character),PLANNED
0009,A0 / Pre-A1,Neighbourhood,the first practical exchange about neighbourhood & directions,Recognising and responding to the first practical exchange about neighbourhood & directions,Giao tiếp nền tảng: neighbourhood & directions — the first practical exchange about neighbourhood & directions,recognise and respond to the first practical exchange about neighbourhood & directions; complete the exchange naturally at A0 / Pre-A1.,180–260,2–3,Ms Lan,Mr Michael (or another context-appropriate named Mr/Ms character),PLANNED
0010,A0 / Pre-A1,Transport,the first practical exchange about public transport,Recognising and responding to the first practical exchange about public transport,Giao tiếp nền tảng: public transport — the first practical exchange about public transport,recognise and respond to the first practical exchange about public transport; complete the exchange naturally at A0 / Pre-A1.,180–260,2–3,Ms Lan,Ms Grace (or another context-appropriate named Mr/Ms character),PLANNED
0011,A0 / Pre-A1,Transport,the first practical exchange about taxi & ride services,Recognising and responding to the first practical exchange about taxi & ride services,Giao tiếp nền tảng: taxi & ride services — the first practical exchange about taxi & ride services,recognise and respond to the first practical exchange about taxi & ride services; complete the exchange naturally at A0 / Pre-A1.,180–260,2–3,Ms Lan,Mr Henry (or another context-appropriate named Mr/Ms character),PLANNED
0012,A0 / Pre-A1,Mobility,the first practical exchange about walking & getting around,Recognising and responding to the first practical exchange about walking & getting around,Giao tiếp nền tảng: walking & getting around — the first practical exchange about walking & getting around,recognise and respond to the first practical exchange about walking & getting around; complete the exchange naturally at A0 / Pre-A1.,180–260,2–3,Ms Lan,Ms Anna (or another context-appropriate named Mr/Ms character),PLANNED
0013,A0 / Pre-A1,Weather,the first practical exchange about weather & daily plans,Recognising and responding to the first practical exchange about weather & daily plans,Giao tiếp nền tảng: weather & daily plans — the first practical exchange about weather & daily plans,recognise and respond to the first practical exchange about weather & daily plans; complete the exchange naturally at A0 / Pre-A1.,180–260,2–3,Ms Lan,Mr David (or another context-appropriate named Mr/Ms character),PLANNED
0014,A0 / Pre-A1,Daily Life,the first practical exchange about daily routines,Recognising and responding to the first practical exchange about daily routines,Giao tiếp nền tảng: daily routines — the first practical exchange about daily routines,recognise and respond to the first practical exchange about daily routines; complete the exchange naturally at A0 / Pre-A1.,180–260,2–3,Ms Lan,Ms Emma (or another context-appropriate named Mr/Ms character),PLANNED
0015,A0 / Pre-A1,Learning,the first practical exchange about school & learning,Recognising and responding to the first practical exchange about school & learning,Giao tiếp nền tảng: school & learning — the first practical exchange about school & learning,recognise and respond to the first practical exchange about school & learning; complete the exchange naturally at A0 / Pre-A1.,180–260,2–3,Ms Lan,Mr James (or another context-appropriate named Mr/Ms character),PLANNED
0016,A0 / Pre-A1,Work,the first practical exchange about workplace everyday communication,Recognising and responding to the first practical exchange about workplace everyday communication,Giao tiếp nền tảng: workplace everyday communication — the first practical exchange about workplace everyday communication,recognise and respond to the first practical exchange about workplace everyday communication; complete the exchange naturally at A0 / Pre-A1.,180–260,2–3,Ms Lan,Ms Sarah (or another context-appropriate named Mr/Ms character),PLANNED
0017,A0 / Pre-A1,Communication,the first practical exchange about phone calls,Recognising and responding to the first practical exchange about phone calls,Giao tiếp nền tảng: phone calls — the first practical exchange about phone calls,recognise and respond to the first practical exchange about phone calls; complete the exchange naturally at A0 / Pre-A1.,180–260,2–3,Ms Lan,Mr Daniel (or another context-appropriate named Mr/Ms character),PLANNED
0018,A0 / Pre-A1,Communication,the first practical exchange about messages & everyday digital communication,Recognising and responding to the first practical exchange about messages & everyday digital communication,Giao tiếp nền tảng: messages & everyday digital communication — the first practical exchange about messages & everyday digital communication,recognise and respond to the first practical exchange about messages & everyday digital communication; complete the exchange naturally at A0 / Pre-A1.,180–260,2–3,Ms Lan,Ms Olivia (or another context-appropriate named Mr/Ms character),PLANNED
0019,A0 / Pre-A1,Personal Identity,how to spell your name,Recognising and responding to how to spell your name,Giao tiếp nền tảng: personal identity & introductions — how to spell your name,recognise and respond to how to spell your name; complete the exchange naturally at A0 / Pre-A1.,180–260,2–3,Ms Lan,Mr Thomas (or another context-appropriate named Mr/Ms character),PLANNED
0020,A0 / Pre-A1,Social Basics,responding to a greeting,Recognising and responding to responding to a greeting,Giao tiếp nền tảng: greetings & basic social contact — responding to a greeting,recognise and respond to responding to a greeting; complete the exchange naturally at A0 / Pre-A1.,180–260,2–3,Ms Lan,Ms Sophie (or another context-appropriate named Mr/Ms character),PLANNED
0021,A0 / Pre-A1,Numbers and Time,a phone number,Recognising and responding to a phone number,"Giao tiếp nền tảng: numbers, dates & time — a phone number",recognise and respond to a phone number; complete the exchange naturally at A0 / Pre-A1.,180–260,2–3,Ms Lan,Mr Michael (or another context-appropriate named Mr/Ms character),PLANNED
0022,A0 / Pre-A1,Home,a common household object,Recognising and responding to a common household object,Giao tiếp nền tảng: home & household — a common household object,recognise and respond to a common household object; complete the exchange naturally at A0 / Pre-A1.,180–260,2–3,Ms Lan,Ms Grace (or another context-appropriate named Mr/Ms character),PLANNED
0023,A0 / Pre-A1,Family,a family member's name,Recognising and responding to a family member's name,Giao tiếp nền tảng: family & relationships — a family member's name,recognise and respond to a family member's name; complete the exchange naturally at A0 / Pre-A1.,180–260,2–3,Ms Lan,Mr Henry (or another context-appropriate named Mr/Ms character),PLANNED
0024,A0 / Pre-A1,Food,choosing a drink,Recognising and responding to choosing a drink,Giao tiếp nền tảng: food & drink — choosing a drink,recognise and respond to choosing a drink; complete the exchange naturally at A0 / Pre-A1.,180–260,2–3,Ms Lan,Ms Anna (or another context-appropriate named Mr/Ms character),PLANNED
0025,A0 / Pre-A1,Shopping,a routine everyday need involving shopping & payments,Recognising and responding to a routine everyday need involving shopping & payments,Giao tiếp nền tảng: shopping & payments — a routine everyday need involving shopping & payments,recognise and respond to a routine everyday need involving shopping & payments; complete the exchange naturally at A0 / Pre-A1.,180–260,2–3,Ms Lan,Mr David (or another context-appropriate named Mr/Ms character),PLANNED
0026,A0 / Pre-A1,Clothing,a routine everyday need involving clothing & personal items,Recognising and responding to a routine everyday need involving clothing & personal items,Giao tiếp nền tảng: clothing & personal items — a routine everyday need involving clothing & personal items,recognise and respond to a routine everyday need involving clothing & personal items; complete the exchange naturally at A0 / Pre-A1.,180–260,2–3,Ms Lan,Ms Emma (or another context-appropriate named Mr/Ms character),PLANNED
0027,A0 / Pre-A1,Neighbourhood,a routine everyday need involving neighbourhood & directions,Recognising and responding to a routine everyday need involving neighbourhood & directions,Giao tiếp nền tảng: neighbourhood & directions — a routine everyday need involving neighbourhood & directions,recognise and respond to a routine everyday need involving neighbourhood & directions; complete the exchange naturally at A0 / Pre-A1.,180–260,2–3,Ms Lan,Mr James (or another context-appropriate named Mr/Ms character),PLANNED
0028,A0 / Pre-A1,Transport,a routine everyday need involving public transport,Recognising and responding to a routine everyday need involving public transport,Giao tiếp nền tảng: public transport — a routine everyday need involving public transport,recognise and respond to a routine everyday need involving public transport; complete the exchange naturally at A0 / Pre-A1.,180–260,2–3,Ms Lan,Ms Sarah (or another context-appropriate named Mr/Ms character),PLANNED
0029,A0 / Pre-A1,Transport,a routine everyday need involving taxi & ride services,Recognising and responding to a routine everyday need involving taxi & ride services,Giao tiếp nền tảng: taxi & ride services — a routine everyday need involving taxi & ride services,recognise and respond to a routine everyday need involving taxi & ride services; complete the exchange naturally at A0 / Pre-A1.,180–260,2–3,Ms Lan,Mr Daniel (or another context-appropriate named Mr/Ms character),PLANNED
0030,A0 / Pre-A1,Mobility,a routine everyday need involving walking & getting around,Recognising and responding to a routine everyday need involving walking & getting around,Giao tiếp nền tảng: walking & getting around — a routine everyday need involving walking & getting around,recognise and respond to a routine everyday need involving walking & getting around; complete the exchange naturally at A0 / Pre-A1.,180–260,2–3,Ms Lan,Ms Olivia (or another context-appropriate named Mr/Ms character),PLANNED
0031,A0 / Pre-A1,Weather,a routine everyday need involving weather & daily plans,Recognising and responding to a routine everyday need involving weather & daily plans,Giao tiếp nền tảng: weather & daily plans — a routine everyday need involving weather & daily plans,recognise and respond to a routine everyday need involving weather & daily plans; complete the exchange naturally at A0 / Pre-A1.,180–260,2–3,Ms Lan,Mr Thomas (or another context-appropriate named Mr/Ms character),PLANNED
0032,A0 / Pre-A1,Daily Life,a routine everyday need involving daily routines,Recognising and responding to a routine everyday need involving daily routines,Giao tiếp nền tảng: daily routines — a routine everyday need involving daily routines,recognise and respond to a routine everyday need involving daily routines; complete the exchange naturally at A0 / Pre-A1.,180–260,2–3,Ms Lan,Ms Sophie (or another context-appropriate named Mr/Ms character),PLANNED
0033,A0 / Pre-A1,Learning,a routine everyday need involving school & learning,Recognising and responding to a routine everyday need involving school & learning,Giao tiếp nền tảng: school & learning — a routine everyday need involving school & learning,recognise and respond to a routine everyday need involving school & learning; complete the exchange naturally at A0 / Pre-A1.,180–260,2–3,Ms Lan,Mr Michael (or another context-appropriate named Mr/Ms character),PLANNED
0034,A0 / Pre-A1,Work,a routine everyday need involving workplace everyday communication,Recognising and responding to a routine everyday need involving workplace everyday communication,Giao tiếp nền tảng: workplace everyday communication — a routine everyday need involving workplace everyday communication,recognise and respond to a routine everyday need involving workplace everyday communication; complete the exchange naturally at A0 / Pre-A1.,180–260,2–3,Ms Lan,Ms Grace (or another context-appropriate named Mr/Ms character),PLANNED
0035,A0 / Pre-A1,Communication,a routine everyday need involving phone calls,Recognising and responding to a routine everyday need involving phone calls,Giao tiếp nền tảng: phone calls — a routine everyday need involving phone calls,recognise and respond to a routine everyday need involving phone calls; complete the exchange naturally at A0 / Pre-A1.,180–260,2–3,Ms Lan,Mr Henry (or another context-appropriate named Mr/Ms character),PLANNED
0036,A0 / Pre-A1,Communication,a routine everyday need involving messages & everyday digital communication,Recognising and responding to a routine everyday need involving messages & everyday digital communication,Giao tiếp nền tảng: messages & everyday digital communication — a routine everyday need involving messages & everyday digital communication,recognise and respond to a routine everyday need involving messages & everyday digital communication; complete the exchange naturally at A0 / Pre-A1.,180–260,2–3,Ms Lan,Ms Anna (or another context-appropriate named Mr/Ms character),PLANNED
0037,A0 / Pre-A1,Personal Identity,where you are from,Recognising and responding to where you are from,Giao tiếp nền tảng: personal identity & introductions — where you are from,recognise and respond to where you are from; complete the exchange naturally at A0 / Pre-A1.,180–260,2–3,Ms Lan,Mr David (or another context-appropriate named Mr/Ms character),PLANNED
0038,A0 / Pre-A1,Social Basics,saying goodbye,Recognising and responding to saying goodbye,Giao tiếp nền tảng: greetings & basic social contact — saying goodbye,recognise and respond to saying goodbye; complete the exchange naturally at A0 / Pre-A1.,180–260,2–3,Ms Lan,Ms Emma (or another context-appropriate named Mr/Ms character),PLANNED
0039,A0 / Pre-A1,Numbers and Time,a price,Recognising and responding to a price,"Giao tiếp nền tảng: numbers, dates & time — a price",recognise and respond to a price; complete the exchange naturally at A0 / Pre-A1.,180–260,2–3,Ms Lan,Mr James (or another context-appropriate named Mr/Ms character),PLANNED
0040,A0 / Pre-A1,Home,where an object is,Recognising and responding to where an object is,Giao tiếp nền tảng: home & household — where an object is,recognise and respond to where an object is; complete the exchange naturally at A0 / Pre-A1.,180–260,2–3,Ms Lan,Ms Sarah (or another context-appropriate named Mr/Ms character),PLANNED
0041,A0 / Pre-A1,Family,how many people are in the family,Recognising and responding to how many people are in the family,Giao tiếp nền tảng: family & relationships — how many people are in the family,recognise and respond to how many people are in the family; complete the exchange naturally at A0 / Pre-A1.,180–260,2–3,Ms Lan,Mr Daniel (or another context-appropriate named Mr/Ms character),PLANNED
0042,A0 / Pre-A1,Food,choosing a simple food,Recognising and responding to choosing a simple food,Giao tiếp nền tảng: food & drink — choosing a simple food,recognise and respond to choosing a simple food; complete the exchange naturally at A0 / Pre-A1.,180–260,2–3,Ms Lan,Ms Olivia (or another context-appropriate named Mr/Ms character),PLANNED
0043,A0 / Pre-A1,Shopping,checking an important detail about shopping & payments,Recognising and responding to checking an important detail about shopping & payments,Giao tiếp nền tảng: shopping & payments — checking an important detail about shopping & payments,recognise and respond to checking an important detail about shopping & payments; complete the exchange naturally at A0 / Pre-A1.,180–260,2–3,Ms Lan,Mr Thomas (or another context-appropriate named Mr/Ms character),PLANNED
0044,A0 / Pre-A1,Clothing,checking an important detail about clothing & personal items,Recognising and responding to checking an important detail about clothing & personal items,Giao tiếp nền tảng: clothing & personal items — checking an important detail about clothing & personal items,recognise and respond to checking an important detail about clothing & personal items; complete the exchange naturally at A0 / Pre-A1.,180–260,2–3,Ms Lan,Ms Sophie (or another context-appropriate named Mr/Ms character),PLANNED
0045,A0 / Pre-A1,Neighbourhood,checking an important detail about neighbourhood & directions,Recognising and responding to checking an important detail about neighbourhood & directions,Giao tiếp nền tảng: neighbourhood & directions — checking an important detail about neighbourhood & directions,recognise and respond to checking an important detail about neighbourhood & directions; complete the exchange naturally at A0 / Pre-A1.,180–260,2–3,Ms Lan,Mr Michael (or another context-appropriate named Mr/Ms character),PLANNED
0046,A0 / Pre-A1,Transport,checking an important detail about public transport,Recognising and responding to checking an important detail about public transport,Giao tiếp nền tảng: public transport — checking an important detail about public transport,recognise and respond to checking an important detail about public transport; complete the exchange naturally at A0 / Pre-A1.,180–260,2–3,Ms Lan,Ms Grace (or another context-appropriate named Mr/Ms character),PLANNED
0047,A0 / Pre-A1,Transport,checking an important detail about taxi & ride services,Recognising and responding to checking an important detail about taxi & ride services,Giao tiếp nền tảng: taxi & ride services — checking an important detail about taxi & ride services,recognise and respond to checking an important detail about taxi & ride services; complete the exchange naturally at A0 / Pre-A1.,180–260,2–3,Ms Lan,Mr Henry (or another context-appropriate named Mr/Ms character),PLANNED
0048,A0 / Pre-A1,Mobility,checking an important detail about walking & getting around,Recognising and responding to checking an important detail about walking & getting around,Giao tiếp nền tảng: walking & getting around — checking an important detail about walking & getting around,recognise and respond to checking an important detail about walking & getting around; complete the exchange naturally at A0 / Pre-A1.,180–260,2–3,Ms Lan,Ms Anna (or another context-appropriate named Mr/Ms character),PLANNED
0049,A0 / Pre-A1,Weather,checking an important detail about weather & daily plans,Recognising and responding to checking an important detail about weather & daily plans,Giao tiếp nền tảng: weather & daily plans — checking an important detail about weather & daily plans,recognise and respond to checking an important detail about weather & daily plans; complete the exchange naturally at A0 / Pre-A1.,180–260,2–3,Ms Lan,Mr David (or another context-appropriate named Mr/Ms character),PLANNED
0050,A0 / Pre-A1,Daily Life,checking an important detail about daily routines,Recognising and responding to checking an important detail about daily routines,Giao tiếp nền tảng: daily routines — checking an important detail about daily routines,recognise and respond to checking an important detail about daily routines; complete the exchange naturally at A0 / Pre-A1.,180–260,2–3,Ms Lan,Ms Emma (or another context-appropriate named Mr/Ms character),PLANNED
0051,A0 / Pre-A1,Learning,checking an important detail about school & learning,Recognising and responding to checking an important detail about school & learning,Giao tiếp nền tảng: school & learning — checking an important detail about school & learning,recognise and respond to checking an important detail about school & learning; complete the exchange naturally at A0 / Pre-A1.,180–260,2–3,Ms Lan,Mr James (or another context-appropriate named Mr/Ms character),PLANNED
0052,A0 / Pre-A1,Work,checking an important detail about workplace everyday communication,Recognising and responding to checking an important detail about workplace everyday communication,Giao tiếp nền tảng: workplace everyday communication — checking an important detail about workplace everyday communication,recognise and respond to checking an important detail about workplace everyday communication; complete the exchange naturally at A0 / Pre-A1.,180–260,2–3,Ms Lan,Ms Sarah (or another context-appropriate named Mr/Ms character),PLANNED
0053,A0 / Pre-A1,Communication,checking an important detail about phone calls,Recognising and responding to checking an important detail about phone calls,Giao tiếp nền tảng: phone calls — checking an important detail about phone calls,recognise and respond to checking an important detail about phone calls; complete the exchange naturally at A0 / Pre-A1.,180–260,2–3,Ms Lan,Mr Daniel (or another context-appropriate named Mr/Ms character),PLANNED
0054,A0 / Pre-A1,Communication,checking an important detail about messages & everyday digital communication,Recognising and responding to checking an important detail about messages & everyday digital communication,Giao tiếp nền tảng: messages & everyday digital communication — checking an important detail about messages & everyday digital communication,recognise and respond to checking an important detail about messages & everyday digital communication; complete the exchange naturally at A0 / Pre-A1.,180–260,2–3,Ms Lan,Ms Olivia (or another context-appropriate named Mr/Ms character),PLANNED
0055,A0 / Pre-A1,Personal Identity,where you live,Recognising and responding to where you live,Giao tiếp nền tảng: personal identity & introductions — where you live,recognise and respond to where you live; complete the exchange naturally at A0 / Pre-A1.,180–260,2–3,Ms Lan,Mr Thomas (or another context-appropriate named Mr/Ms character),PLANNED
0056,A0 / Pre-A1,Social Basics,saying thank you,Recognising and responding to saying thank you,Giao tiếp nền tảng: greetings & basic social contact — saying thank you,recognise and respond to saying thank you; complete the exchange naturally at A0 / Pre-A1.,180–260,2–3,Ms Lan,Ms Sophie (or another context-appropriate named Mr/Ms character),PLANNED
0057,A0 / Pre-A1,Numbers and Time,today's date,Recognising and responding to today's date,"Giao tiếp nền tảng: numbers, dates & time — today's date",recognise and respond to today's date; complete the exchange naturally at A0 / Pre-A1.,180–260,2–3,Ms Lan,Mr Michael (or another context-appropriate named Mr/Ms character),PLANNED
0058,A0 / Pre-A1,Home,something you need at home,Recognising and responding to something you need at home,Giao tiếp nền tảng: home & household — something you need at home,recognise and respond to something you need at home; complete the exchange naturally at A0 / Pre-A1.,180–260,2–3,Ms Lan,Ms Grace (or another context-appropriate named Mr/Ms character),PLANNED
0059,A0 / Pre-A1,Family,a simple family relationship,Recognising and responding to a simple family relationship,Giao tiếp nền tảng: family & relationships — a simple family relationship,recognise and respond to a simple family relationship; complete the exchange naturally at A0 / Pre-A1.,180–260,2–3,Ms Lan,Mr Henry (or another context-appropriate named Mr/Ms character),PLANNED
0060,A0 / Pre-A1,Food,saying you are hungry or thirsty,Recognising and responding to saying you are hungry or thirsty,Giao tiếp nền tảng: food & drink — saying you are hungry or thirsty,recognise and respond to saying you are hungry or thirsty; complete the exchange naturally at A0 / Pre-A1.,180–260,2–3,Ms Lan,Ms Anna (or another context-appropriate named Mr/Ms character),PLANNED
0061,A0 / Pre-A1,Shopping,asking for help with shopping & payments,Recognising and responding to asking for help with shopping & payments,Giao tiếp nền tảng: shopping & payments — asking for help with shopping & payments,recognise and respond to asking for help with shopping & payments; complete the exchange naturally at A0 / Pre-A1.,180–260,2–3,Ms Lan,Mr David (or another context-appropriate named Mr/Ms character),PLANNED
0062,A0 / Pre-A1,Clothing,asking for help with clothing & personal items,Recognising and responding to asking for help with clothing & personal items,Giao tiếp nền tảng: clothing & personal items — asking for help with clothing & personal items,recognise and respond to asking for help with clothing & personal items; complete the exchange naturally at A0 / Pre-A1.,180–260,2–3,Ms Lan,Ms Emma (or another context-appropriate named Mr/Ms character),PLANNED
0063,A0 / Pre-A1,Neighbourhood,asking for help with neighbourhood & directions,Recognising and responding to asking for help with neighbourhood & directions,Giao tiếp nền tảng: neighbourhood & directions — asking for help with neighbourhood & directions,recognise and respond to asking for help with neighbourhood & directions; complete the exchange naturally at A0 / Pre-A1.,180–260,2–3,Ms Lan,Mr James (or another context-appropriate named Mr/Ms character),PLANNED
0064,A0 / Pre-A1,Transport,asking for help with public transport,Recognising and responding to asking for help with public transport,Giao tiếp nền tảng: public transport — asking for help with public transport,recognise and respond to asking for help with public transport; complete the exchange naturally at A0 / Pre-A1.,180–260,2–3,Ms Lan,Ms Sarah (or another context-appropriate named Mr/Ms character),PLANNED
0065,A0 / Pre-A1,Transport,asking for help with taxi & ride services,Recognising and responding to asking for help with taxi & ride services,Giao tiếp nền tảng: taxi & ride services — asking for help with taxi & ride services,recognise and respond to asking for help with taxi & ride services; complete the exchange naturally at A0 / Pre-A1.,180–260,2–3,Ms Lan,Mr Daniel (or another context-appropriate named Mr/Ms character),PLANNED
0066,A0 / Pre-A1,Mobility,asking for help with walking & getting around,Recognising and responding to asking for help with walking & getting around,Giao tiếp nền tảng: walking & getting around — asking for help with walking & getting around,recognise and respond to asking for help with walking & getting around; complete the exchange naturally at A0 / Pre-A1.,180–260,2–3,Ms Lan,Ms Olivia (or another context-appropriate named Mr/Ms character),PLANNED
0067,A0 / Pre-A1,Weather,asking for help with weather & daily plans,Recognising and responding to asking for help with weather & daily plans,Giao tiếp nền tảng: weather & daily plans — asking for help with weather & daily plans,recognise and respond to asking for help with weather & daily plans; complete the exchange naturally at A0 / Pre-A1.,180–260,2–3,Ms Lan,Mr Thomas (or another context-appropriate named Mr/Ms character),PLANNED
0068,A0 / Pre-A1,Daily Life,asking for help with daily routines,Recognising and responding to asking for help with daily routines,Giao tiếp nền tảng: daily routines — asking for help with daily routines,recognise and respond to asking for help with daily routines; complete the exchange naturally at A0 / Pre-A1.,180–260,2–3,Ms Lan,Ms Sophie (or another context-appropriate named Mr/Ms character),PLANNED
0069,A0 / Pre-A1,Learning,asking for help with school & learning,Recognising and responding to asking for help with school & learning,Giao tiếp nền tảng: school & learning — asking for help with school & learning,recognise and respond to asking for help with school & learning; complete the exchange naturally at A0 / Pre-A1.,180–260,2–3,Ms Lan,Mr Michael (or another context-appropriate named Mr/Ms character),PLANNED
0070,A0 / Pre-A1,Work,asking for help with workplace everyday communication,Recognising and responding to asking for help with workplace everyday communication,Giao tiếp nền tảng: workplace everyday communication — asking for help with workplace everyday communication,recognise and respond to asking for help with workplace everyday communication; complete the exchange naturally at A0 / Pre-A1.,180–260,2–3,Ms Lan,Ms Grace (or another context-appropriate named Mr/Ms character),PLANNED
0071,A0 / Pre-A1,Communication,asking for help with phone calls,Recognising and responding to asking for help with phone calls,Giao tiếp nền tảng: phone calls — asking for help with phone calls,recognise and respond to asking for help with phone calls; complete the exchange naturally at A0 / Pre-A1.,180–260,2–3,Ms Lan,Mr Henry (or another context-appropriate named Mr/Ms character),PLANNED
0072,A0 / Pre-A1,Communication,asking for help with messages & everyday digital communication,Recognising and responding to asking for help with messages & everyday digital communication,Giao tiếp nền tảng: messages & everyday digital communication — asking for help with messages & everyday digital communication,recognise and respond to asking for help with messages & everyday digital communication; complete the exchange naturally at A0 / Pre-A1.,180–260,2–3,Ms Lan,Ms Anna (or another context-appropriate named Mr/Ms character),PLANNED
0073,A0 / Pre-A1,Personal Identity,your age,Recognising and responding to your age,Giao tiếp nền tảng: personal identity & introductions — your age,recognise and respond to your age; complete the exchange naturally at A0 / Pre-A1.,180–260,2–3,Ms Lan,Mr David (or another context-appropriate named Mr/Ms character),PLANNED
0074,A0 / Pre-A1,Social Basics,saying sorry,Recognising and responding to saying sorry,Giao tiếp nền tảng: greetings & basic social contact — saying sorry,recognise and respond to saying sorry; complete the exchange naturally at A0 / Pre-A1.,180–260,2–3,Ms Lan,Ms Emma (or another context-appropriate named Mr/Ms character),PLANNED
0075,A0 / Pre-A1,Numbers and Time,the day of the week,Recognising and responding to the day of the week,"Giao tiếp nền tảng: numbers, dates & time — the day of the week",recognise and respond to the day of the week; complete the exchange naturally at A0 / Pre-A1.,180–260,2–3,Ms Lan,Mr James (or another context-appropriate named Mr/Ms character),PLANNED
0076,A0 / Pre-A1,Home,opening or closing something,Recognising and responding to opening or closing something,Giao tiếp nền tảng: home & household — opening or closing something,recognise and respond to opening or closing something; complete the exchange naturally at A0 / Pre-A1.,180–260,2–3,Ms Lan,Ms Sarah (or another context-appropriate named Mr/Ms character),PLANNED
0077,A0 / Pre-A1,Family,where a family member is,Recognising and responding to where a family member is,Giao tiếp nền tảng: family & relationships — where a family member is,recognise and respond to where a family member is; complete the exchange naturally at A0 / Pre-A1.,180–260,2–3,Ms Lan,Mr Daniel (or another context-appropriate named Mr/Ms character),PLANNED
0078,A0 / Pre-A1,Food,asking what something is,Recognising and responding to asking what something is,Giao tiếp nền tảng: food & drink — asking what something is,recognise and respond to asking what something is; complete the exchange naturally at A0 / Pre-A1.,180–260,2–3,Ms Lan,Ms Olivia (or another context-appropriate named Mr/Ms character),PLANNED
0079,A0 / Pre-A1,Shopping,a change or choice involving shopping & payments,Recognising and responding to a change or choice involving shopping & payments,Giao tiếp nền tảng: shopping & payments — a change or choice involving shopping & payments,recognise and respond to a change or choice involving shopping & payments; complete the exchange naturally at A0 / Pre-A1.,180–260,2–3,Ms Lan,Mr Thomas (or another context-appropriate named Mr/Ms character),PLANNED
0080,A0 / Pre-A1,Clothing,a change or choice involving clothing & personal items,Recognising and responding to a change or choice involving clothing & personal items,Giao tiếp nền tảng: clothing & personal items — a change or choice involving clothing & personal items,recognise and respond to a change or choice involving clothing & personal items; complete the exchange naturally at A0 / Pre-A1.,180–260,2–3,Ms Lan,Ms Sophie (or another context-appropriate named Mr/Ms character),PLANNED
0081,A0 / Pre-A1,Neighbourhood,a change or choice involving neighbourhood & directions,Recognising and responding to a change or choice involving neighbourhood & directions,Giao tiếp nền tảng: neighbourhood & directions — a change or choice involving neighbourhood & directions,recognise and respond to a change or choice involving neighbourhood & directions; complete the exchange naturally at A0 / Pre-A1.,180–260,2–3,Ms Lan,Mr Michael (or another context-appropriate named Mr/Ms character),PLANNED
0082,A0 / Pre-A1,Transport,a change or choice involving public transport,Recognising and responding to a change or choice involving public transport,Giao tiếp nền tảng: public transport — a change or choice involving public transport,recognise and respond to a change or choice involving public transport; complete the exchange naturally at A0 / Pre-A1.,180–260,2–3,Ms Lan,Ms Grace (or another context-appropriate named Mr/Ms character),PLANNED
0083,A0 / Pre-A1,Transport,a change or choice involving taxi & ride services,Recognising and responding to a change or choice involving taxi & ride services,Giao tiếp nền tảng: taxi & ride services — a change or choice involving taxi & ride services,recognise and respond to a change or choice involving taxi & ride services; complete the exchange naturally at A0 / Pre-A1.,180–260,2–3,Ms Lan,Mr Henry (or another context-appropriate named Mr/Ms character),PLANNED
0084,A0 / Pre-A1,Mobility,a change or choice involving walking & getting around,Recognising and responding to a change or choice involving walking & getting around,Giao tiếp nền tảng: walking & getting around — a change or choice involving walking & getting around,recognise and respond to a change or choice involving walking & getting around; complete the exchange naturally at A0 / Pre-A1.,180–260,2–3,Ms Lan,Ms Anna (or another context-appropriate named Mr/Ms character),PLANNED
0085,A0 / Pre-A1,Weather,a change or choice involving weather & daily plans,Recognising and responding to a change or choice involving weather & daily plans,Giao tiếp nền tảng: weather & daily plans — a change or choice involving weather & daily plans,recognise and respond to a change or choice involving weather & daily plans; complete the exchange naturally at A0 / Pre-A1.,180–260,2–3,Ms Lan,Mr David (or another context-appropriate named Mr/Ms character),PLANNED
0086,A0 / Pre-A1,Daily Life,a change or choice involving daily routines,Recognising and responding to a change or choice involving daily routines,Giao tiếp nền tảng: daily routines — a change or choice involving daily routines,recognise and respond to a change or choice involving daily routines; complete the exchange naturally at A0 / Pre-A1.,180–260,2–3,Ms Lan,Ms Emma (or another context-appropriate named Mr/Ms character),PLANNED
0087,A0 / Pre-A1,Learning,a change or choice involving school & learning,Recognising and responding to a change or choice involving school & learning,Giao tiếp nền tảng: school & learning — a change or choice involving school & learning,recognise and respond to a change or choice involving school & learning; complete the exchange naturally at A0 / Pre-A1.,180–260,2–3,Ms Lan,Mr James (or another context-appropriate named Mr/Ms character),PLANNED
0088,A0 / Pre-A1,Work,a change or choice involving workplace everyday communication,Recognising and responding to a change or choice involving workplace everyday communication,Giao tiếp nền tảng: workplace everyday communication — a change or choice involving workplace everyday communication,recognise and respond to a change or choice involving workplace everyday communication; complete the exchange naturally at A0 / Pre-A1.,180–260,2–3,Ms Lan,Ms Sarah (or another context-appropriate named Mr/Ms character),PLANNED
0089,A0 / Pre-A1,Communication,a change or choice involving phone calls,Recognising and responding to a change or choice involving phone calls,Giao tiếp nền tảng: phone calls — a change or choice involving phone calls,recognise and respond to a change or choice involving phone calls; complete the exchange naturally at A0 / Pre-A1.,180–260,2–3,Ms Lan,Mr Daniel (or another context-appropriate named Mr/Ms character),PLANNED
0090,A0 / Pre-A1,Communication,a change or choice involving messages & everyday digital communication,Recognising and responding to a change or choice involving messages & everyday digital communication,Giao tiếp nền tảng: messages & everyday digital communication — a change or choice involving messages & everyday digital communication,recognise and respond to a change or choice involving messages & everyday digital communication; complete the exchange naturally at A0 / Pre-A1.,180–260,2–3,Ms Lan,Ms Olivia (or another context-appropriate named Mr/Ms character),PLANNED
0091,A0 / Pre-A1,Personal Identity,your phone number,Recognising and responding to your phone number,Giao tiếp nền tảng: personal identity & introductions — your phone number,recognise and respond to your phone number; complete the exchange naturally at A0 / Pre-A1.,180–260,2–3,Ms Lan,Mr Thomas (or another context-appropriate named Mr/Ms character),PLANNED
0092,A0 / Pre-A1,Social Basics,getting someone's attention politely,Recognising and responding to getting someone's attention politely,Giao tiếp nền tảng: greetings & basic social contact — getting someone's attention politely,recognise and respond to getting someone's attention politely; complete the exchange naturally at A0 / Pre-A1.,180–260,2–3,Ms Lan,Ms Sophie (or another context-appropriate named Mr/Ms character),PLANNED
0093,A0 / Pre-A1,Numbers and Time,the current time,Recognising and responding to the current time,"Giao tiếp nền tảng: numbers, dates & time — the current time",recognise and respond to the current time; complete the exchange naturally at A0 / Pre-A1.,180–260,2–3,Ms Lan,Mr Michael (or another context-appropriate named Mr/Ms character),PLANNED
0094,A0 / Pre-A1,Home,a simple household instruction,Recognising and responding to a simple household instruction,Giao tiếp nền tảng: home & household — a simple household instruction,recognise and respond to a simple household instruction; complete the exchange naturally at A0 / Pre-A1.,180–260,2–3,Ms Lan,Ms Grace (or another context-appropriate named Mr/Ms character),PLANNED
0095,A0 / Pre-A1,Family,a simple family plan,Recognising and responding to a simple family plan,Giao tiếp nền tảng: family & relationships — a simple family plan,recognise and respond to a simple family plan; complete the exchange naturally at A0 / Pre-A1.,180–260,2–3,Ms Lan,Mr Henry (or another context-appropriate named Mr/Ms character),PLANNED
0096,A0 / Pre-A1,Food,a basic meal choice,Recognising and responding to a basic meal choice,Giao tiếp nền tảng: food & drink — a basic meal choice,recognise and respond to a basic meal choice; complete the exchange naturally at A0 / Pre-A1.,180–260,2–3,Ms Lan,Ms Anna (or another context-appropriate named Mr/Ms character),PLANNED
0097,A0 / Pre-A1,Shopping,a misunderstanding or problem involving shopping & payments,Recognising and responding to a misunderstanding or problem involving shopping & payments,Giao tiếp nền tảng: shopping & payments — a misunderstanding or problem involving shopping & payments,recognise and respond to a misunderstanding or problem involving shopping & payments; complete the exchange naturally at A0 / Pre-A1.,180–260,2–3,Ms Lan,Mr David (or another context-appropriate named Mr/Ms character),PLANNED
0098,A0 / Pre-A1,Clothing,a misunderstanding or problem involving clothing & personal items,Recognising and responding to a misunderstanding or problem involving clothing & personal items,Giao tiếp nền tảng: clothing & personal items — a misunderstanding or problem involving clothing & personal items,recognise and respond to a misunderstanding or problem involving clothing & personal items; complete the exchange naturally at A0 / Pre-A1.,180–260,2–3,Ms Lan,Ms Emma (or another context-appropriate named Mr/Ms character),PLANNED
0099,A0 / Pre-A1,Neighbourhood,a misunderstanding or problem involving neighbourhood & directions,Recognising and responding to a misunderstanding or problem involving neighbourhood & directions,Giao tiếp nền tảng: neighbourhood & directions — a misunderstanding or problem involving neighbourhood & directions,recognise and respond to a misunderstanding or problem involving neighbourhood & directions; complete the exchange naturally at A0 / Pre-A1.,180–260,2–3,Ms Lan,Mr James (or another context-appropriate named Mr/Ms character),PLANNED
0100,A0 / Pre-A1,Transport,a misunderstanding or problem involving public transport,Recognising and responding to a misunderstanding or problem involving public transport,Giao tiếp nền tảng: public transport — a misunderstanding or problem involving public transport,recognise and respond to a misunderstanding or problem involving public transport; complete the exchange naturally at A0 / Pre-A1.,180–260,2–3,Ms Lan,Ms Sarah (or another context-appropriate named Mr/Ms character),PLANNED
0101,A0 / Pre-A1,Transport,a misunderstanding or problem involving taxi & ride services,Recognising and responding to a misunderstanding or problem involving taxi & ride services,Giao tiếp nền tảng: taxi & ride services — a misunderstanding or problem involving taxi & ride services,recognise and respond to a misunderstanding or problem involving taxi & ride services; complete the exchange naturally at A0 / Pre-A1.,180–260,2–3,Ms Lan,Mr Daniel (or another context-appropriate named Mr/Ms character),PLANNED
0102,A0 / Pre-A1,Mobility,a misunderstanding or problem involving walking & getting around,Recognising and responding to a misunderstanding or problem involving walking & getting around,Giao tiếp nền tảng: walking & getting around — a misunderstanding or problem involving walking & getting around,recognise and respond to a misunderstanding or problem involving walking & getting around; complete the exchange naturally at A0 / Pre-A1.,180–260,2–3,Ms Lan,Ms Olivia (or another context-appropriate named Mr/Ms character),PLANNED
0103,A0 / Pre-A1,Weather,a misunderstanding or problem involving weather & daily plans,Recognising and responding to a misunderstanding or problem involving weather & daily plans,Giao tiếp nền tảng: weather & daily plans — a misunderstanding or problem involving weather & daily plans,recognise and respond to a misunderstanding or problem involving weather & daily plans; complete the exchange naturally at A0 / Pre-A1.,180–260,2–3,Ms Lan,Mr Thomas (or another context-appropriate named Mr/Ms character),PLANNED
0104,A0 / Pre-A1,Daily Life,a misunderstanding or problem involving daily routines,Recognising and responding to a misunderstanding or problem involving daily routines,Giao tiếp nền tảng: daily routines — a misunderstanding or problem involving daily routines,recognise and respond to a misunderstanding or problem involving daily routines; complete the exchange naturally at A0 / Pre-A1.,180–260,2–3,Ms Lan,Ms Sophie (or another context-appropriate named Mr/Ms character),PLANNED
0105,A0 / Pre-A1,Learning,a misunderstanding or problem involving school & learning,Recognising and responding to a misunderstanding or problem involving school & learning,Giao tiếp nền tảng: school & learning — a misunderstanding or problem involving school & learning,recognise and respond to a misunderstanding or problem involving school & learning; complete the exchange naturally at A0 / Pre-A1.,180–260,2–3,Ms Lan,Mr Michael (or another context-appropriate named Mr/Ms character),PLANNED
0106,A0 / Pre-A1,Work,a misunderstanding or problem involving workplace everyday communication,Recognising and responding to a misunderstanding or problem involving workplace everyday communication,Giao tiếp nền tảng: workplace everyday communication — a misunderstanding or problem involving workplace everyday communication,recognise and respond to a misunderstanding or problem involving workplace everyday communication; complete the exchange naturally at A0 / Pre-A1.,180–260,2–3,Ms Lan,Ms Grace (or another context-appropriate named Mr/Ms character),PLANNED
0107,A0 / Pre-A1,Communication,a misunderstanding or problem involving phone calls,Recognising and responding to a misunderstanding or problem involving phone calls,Giao tiếp nền tảng: phone calls — a misunderstanding or problem involving phone calls,recognise and respond to a misunderstanding or problem involving phone calls; complete the exchange naturally at A0 / Pre-A1.,180–260,2–3,Ms Lan,Mr Henry (or another context-appropriate named Mr/Ms character),PLANNED
0108,A0 / Pre-A1,Communication,a misunderstanding or problem involving messages & everyday digital communication,Recognising and responding to a misunderstanding or problem involving messages & everyday digital communication,Giao tiếp nền tảng: messages & everyday digital communication — a misunderstanding or problem involving messages & everyday digital communication,recognise and respond to a misunderstanding or problem involving messages & everyday digital communication; complete the exchange naturally at A0 / Pre-A1.,180–260,2–3,Ms Lan,Ms Anna (or another context-appropriate named Mr/Ms character),PLANNED
0109,A0 / Pre-A1,Personal Identity,your name,Asking and answering very simple questions about your name,Giao tiếp nền tảng: personal identity & introductions — your name,ask and answer a very simple question about your name; complete the exchange naturally at A0 / Pre-A1.,180–260,2–3,Ms Lan,Mr David (or another context-appropriate named Mr/Ms character),PLANNED
0110,A0 / Pre-A1,Social Basics,saying hello,Asking and answering very simple questions about saying hello,Giao tiếp nền tảng: greetings & basic social contact — saying hello,ask and answer a very simple question about saying hello; complete the exchange naturally at A0 / Pre-A1.,180–260,2–3,Ms Lan,Ms Emma (or another context-appropriate named Mr/Ms character),PLANNED
0111,A0 / Pre-A1,Numbers and Time,numbers 0–20,Asking and answering very simple questions about numbers 0–20,"Giao tiếp nền tảng: numbers, dates & time — numbers 0–20",ask and answer a very simple question about numbers 0–20; complete the exchange naturally at A0 / Pre-A1.,180–260,2–3,Ms Lan,Mr James (or another context-appropriate named Mr/Ms character),PLANNED
0112,A0 / Pre-A1,Home,a room in the home,Asking and answering very simple questions about a room in the home,Giao tiếp nền tảng: home & household — a room in the home,ask and answer a very simple question about a room in the home; complete the exchange naturally at A0 / Pre-A1.,180–260,2–3,Ms Lan,Ms Sarah (or another context-appropriate named Mr/Ms character),PLANNED
0113,A0 / Pre-A1,Family,who a family member is,Asking and answering very simple questions about who a family member is,Giao tiếp nền tảng: family & relationships — who a family member is,ask and answer a very simple question about who a family member is; complete the exchange naturally at A0 / Pre-A1.,180–260,2–3,Ms Lan,Mr Daniel (or another context-appropriate named Mr/Ms character),PLANNED
0114,A0 / Pre-A1,Food,asking for water,Asking and answering very simple questions about asking for water,Giao tiếp nền tảng: food & drink — asking for water,ask and answer a very simple question about asking for water; complete the exchange naturally at A0 / Pre-A1.,180–260,2–3,Ms Lan,Ms Olivia (or another context-appropriate named Mr/Ms character),PLANNED
0115,A0 / Pre-A1,Shopping,the first practical exchange about shopping & payments,Asking and answering very simple questions about the first practical exchange about shopping & payments,Giao tiếp nền tảng: shopping & payments — the first practical exchange about shopping & payments,ask and answer a very simple question about the first practical exchange about shopping & payments; complete the exchange naturally at A0 / Pre-A1.,180–260,2–3,Ms Lan,Mr Thomas (or another context-appropriate named Mr/Ms character),PLANNED
0116,A0 / Pre-A1,Clothing,the first practical exchange about clothing & personal items,Asking and answering very simple questions about the first practical exchange about clothing & personal items,Giao tiếp nền tảng: clothing & personal items — the first practical exchange about clothing & personal items,ask and answer a very simple question about the first practical exchange about clothing & personal items; complete the exchange naturally at A0 / Pre-A1.,180–260,2–3,Ms Lan,Ms Sophie (or another context-appropriate named Mr/Ms character),PLANNED
0117,A0 / Pre-A1,Neighbourhood,the first practical exchange about neighbourhood & directions,Asking and answering very simple questions about the first practical exchange about neighbourhood & directions,Giao tiếp nền tảng: neighbourhood & directions — the first practical exchange about neighbourhood & directions,ask and answer a very simple question about the first practical exchange about neighbourhood & directions; complete the exchange naturally at A0 / Pre-A1.,180–260,2–3,Ms Lan,Mr Michael (or another context-appropriate named Mr/Ms character),PLANNED
0118,A0 / Pre-A1,Transport,the first practical exchange about public transport,Asking and answering very simple questions about the first practical exchange about public transport,Giao tiếp nền tảng: public transport — the first practical exchange about public transport,ask and answer a very simple question about the first practical exchange about public transport; complete the exchange naturally at A0 / Pre-A1.,180–260,2–3,Ms Lan,Ms Grace (or another context-appropriate named Mr/Ms character),PLANNED
0119,A0 / Pre-A1,Transport,the first practical exchange about taxi & ride services,Asking and answering very simple questions about the first practical exchange about taxi & ride services,Giao tiếp nền tảng: taxi & ride services — the first practical exchange about taxi & ride services,ask and answer a very simple question about the first practical exchange about taxi & ride services; complete the exchange naturally at A0 / Pre-A1.,180–260,2–3,Ms Lan,Mr Henry (or another context-appropriate named Mr/Ms character),PLANNED
0120,A0 / Pre-A1,Mobility,the first practical exchange about walking & getting around,Asking and answering very simple questions about the first practical exchange about walking & getting around,Giao tiếp nền tảng: walking & getting around — the first practical exchange about walking & getting around,ask and answer a very simple question about the first practical exchange about walking & getting around; complete the exchange naturally at A0 / Pre-A1.,180–260,2–3,Ms Lan,Ms Anna (or another context-appropriate named Mr/Ms character),PLANNED
0121,A0 / Pre-A1,Weather,the first practical exchange about weather & daily plans,Asking and answering very simple questions about the first practical exchange about weather & daily plans,Giao tiếp nền tảng: weather & daily plans — the first practical exchange about weather & daily plans,ask and answer a very simple question about the first practical exchange about weather & daily plans; complete the exchange naturally at A0 / Pre-A1.,180–260,2–3,Ms Lan,Mr David (or another context-appropriate named Mr/Ms character),PLANNED
0122,A0 / Pre-A1,Daily Life,the first practical exchange about daily routines,Asking and answering very simple questions about the first practical exchange about daily routines,Giao tiếp nền tảng: daily routines — the first practical exchange about daily routines,ask and answer a very simple question about the first practical exchange about daily routines; complete the exchange naturally at A0 / Pre-A1.,180–260,2–3,Ms Lan,Ms Emma (or another context-appropriate named Mr/Ms character),PLANNED
0123,A0 / Pre-A1,Learning,the first practical exchange about school & learning,Asking and answering very simple questions about the first practical exchange about school & learning,Giao tiếp nền tảng: school & learning — the first practical exchange about school & learning,ask and answer a very simple question about the first practical exchange about school & learning; complete the exchange naturally at A0 / Pre-A1.,180–260,2–3,Ms Lan,Mr James (or another context-appropriate named Mr/Ms character),PLANNED
0124,A0 / Pre-A1,Work,the first practical exchange about workplace everyday communication,Asking and answering very simple questions about the first practical exchange about workplace everyday communication,Giao tiếp nền tảng: workplace everyday communication — the first practical exchange about workplace everyday communication,ask and answer a very simple question about the first practical exchange about workplace everyday communication; complete the exchange naturally at A0 / Pre-A1.,180–260,2–3,Ms Lan,Ms Sarah (or another context-appropriate named Mr/Ms character),PLANNED
0125,A0 / Pre-A1,Communication,the first practical exchange about phone calls,Asking and answering very simple questions about the first practical exchange about phone calls,Giao tiếp nền tảng: phone calls — the first practical exchange about phone calls,ask and answer a very simple question about the first practical exchange about phone calls; complete the exchange naturally at A0 / Pre-A1.,180–260,2–3,Ms Lan,Mr Daniel (or another context-appropriate named Mr/Ms character),PLANNED
0126,A0 / Pre-A1,Communication,the first practical exchange about messages & everyday digital communication,Asking and answering very simple questions about the first practical exchange about messages & everyday digital communication,Giao tiếp nền tảng: messages & everyday digital communication — the first practical exchange about messages & everyday digital communication,ask and answer a very simple question about the first practical exchange about messages & everyday digital communication; complete the exchange naturally at A0 / Pre-A1.,180–260,2–3,Ms Lan,Ms Olivia (or another context-appropriate named Mr/Ms character),PLANNED
0127,A0 / Pre-A1,Personal Identity,how to spell your name,Asking and answering very simple questions about how to spell your name,Giao tiếp nền tảng: personal identity & introductions — how to spell your name,ask and answer a very simple question about how to spell your name; complete the exchange naturally at A0 / Pre-A1.,180–260,2–3,Ms Lan,Mr Thomas (or another context-appropriate named Mr/Ms character),PLANNED
0128,A0 / Pre-A1,Social Basics,responding to a greeting,Asking and answering very simple questions about responding to a greeting,Giao tiếp nền tảng: greetings & basic social contact — responding to a greeting,ask and answer a very simple question about responding to a greeting; complete the exchange naturally at A0 / Pre-A1.,180–260,2–3,Ms Lan,Ms Sophie (or another context-appropriate named Mr/Ms character),PLANNED
0129,A0 / Pre-A1,Numbers and Time,a phone number,Asking and answering very simple questions about a phone number,"Giao tiếp nền tảng: numbers, dates & time — a phone number",ask and answer a very simple question about a phone number; complete the exchange naturally at A0 / Pre-A1.,180–260,2–3,Ms Lan,Mr Michael (or another context-appropriate named Mr/Ms character),PLANNED
0130,A0 / Pre-A1,Home,a common household object,Asking and answering very simple questions about a common household object,Giao tiếp nền tảng: home & household — a common household object,ask and answer a very simple question about a common household object; complete the exchange naturally at A0 / Pre-A1.,180–260,2–3,Ms Lan,Ms Grace (or another context-appropriate named Mr/Ms character),PLANNED
0131,A0 / Pre-A1,Family,a family member's name,Asking and answering very simple questions about a family member's name,Giao tiếp nền tảng: family & relationships — a family member's name,ask and answer a very simple question about a family member's name; complete the exchange naturally at A0 / Pre-A1.,180–260,2–3,Ms Lan,Mr Henry (or another context-appropriate named Mr/Ms character),PLANNED
0132,A0 / Pre-A1,Food,choosing a drink,Asking and answering very simple questions about choosing a drink,Giao tiếp nền tảng: food & drink — choosing a drink,ask and answer a very simple question about choosing a drink; complete the exchange naturally at A0 / Pre-A1.,180–260,2–3,Ms Lan,Ms Anna (or another context-appropriate named Mr/Ms character),PLANNED
0133,A0 / Pre-A1,Shopping,a routine everyday need involving shopping & payments,Asking and answering very simple questions about a routine everyday need involving shopping & payments,Giao tiếp nền tảng: shopping & payments — a routine everyday need involving shopping & payments,ask and answer a very simple question about a routine everyday need involving shopping & payments; complete the exchange naturally at A0 / Pre-A1.,180–260,2–3,Ms Lan,Mr David (or another context-appropriate named Mr/Ms character),PLANNED
0134,A0 / Pre-A1,Clothing,a routine everyday need involving clothing & personal items,Asking and answering very simple questions about a routine everyday need involving clothing & personal items,Giao tiếp nền tảng: clothing & personal items — a routine everyday need involving clothing & personal items,ask and answer a very simple question about a routine everyday need involving clothing & personal items; complete the exchange naturally at A0 / Pre-A1.,180–260,2–3,Ms Lan,Ms Emma (or another context-appropriate named Mr/Ms character),PLANNED
0135,A0 / Pre-A1,Neighbourhood,a routine everyday need involving neighbourhood & directions,Asking and answering very simple questions about a routine everyday need involving neighbourhood & directions,Giao tiếp nền tảng: neighbourhood & directions — a routine everyday need involving neighbourhood & directions,ask and answer a very simple question about a routine everyday need involving neighbourhood & directions; complete the exchange naturally at A0 / Pre-A1.,180–260,2–3,Ms Lan,Mr James (or another context-appropriate named Mr/Ms character),PLANNED
0136,A0 / Pre-A1,Transport,a routine everyday need involving public transport,Asking and answering very simple questions about a routine everyday need involving public transport,Giao tiếp nền tảng: public transport — a routine everyday need involving public transport,ask and answer a very simple question about a routine everyday need involving public transport; complete the exchange naturally at A0 / Pre-A1.,180–260,2–3,Ms Lan,Ms Sarah (or another context-appropriate named Mr/Ms character),PLANNED
0137,A0 / Pre-A1,Transport,a routine everyday need involving taxi & ride services,Asking and answering very simple questions about a routine everyday need involving taxi & ride services,Giao tiếp nền tảng: taxi & ride services — a routine everyday need involving taxi & ride services,ask and answer a very simple question about a routine everyday need involving taxi & ride services; complete the exchange naturally at A0 / Pre-A1.,180–260,2–3,Ms Lan,Mr Daniel (or another context-appropriate named Mr/Ms character),PLANNED
0138,A0 / Pre-A1,Mobility,a routine everyday need involving walking & getting around,Asking and answering very simple questions about a routine everyday need involving walking & getting around,Giao tiếp nền tảng: walking & getting around — a routine everyday need involving walking & getting around,ask and answer a very simple question about a routine everyday need involving walking & getting around; complete the exchange naturally at A0 / Pre-A1.,180–260,2–3,Ms Lan,Ms Olivia (or another context-appropriate named Mr/Ms character),PLANNED
0139,A0 / Pre-A1,Weather,a routine everyday need involving weather & daily plans,Asking and answering very simple questions about a routine everyday need involving weather & daily plans,Giao tiếp nền tảng: weather & daily plans — a routine everyday need involving weather & daily plans,ask and answer a very simple question about a routine everyday need involving weather & daily plans; complete the exchange naturally at A0 / Pre-A1.,180–260,2–3,Ms Lan,Mr Thomas (or another context-appropriate named Mr/Ms character),PLANNED
0140,A0 / Pre-A1,Daily Life,a routine everyday need involving daily routines,Asking and answering very simple questions about a routine everyday need involving daily routines,Giao tiếp nền tảng: daily routines — a routine everyday need involving daily routines,ask and answer a very simple question about a routine everyday need involving daily routines; complete the exchange naturally at A0 / Pre-A1.,180–260,2–3,Ms Lan,Ms Sophie (or another context-appropriate named Mr/Ms character),PLANNED
0141,A0 / Pre-A1,Learning,a routine everyday need involving school & learning,Asking and answering very simple questions about a routine everyday need involving school & learning,Giao tiếp nền tảng: school & learning — a routine everyday need involving school & learning,ask and answer a very simple question about a routine everyday need involving school & learning; complete the exchange naturally at A0 / Pre-A1.,180–260,2–3,Ms Lan,Mr Michael (or another context-appropriate named Mr/Ms character),PLANNED
0142,A0 / Pre-A1,Work,a routine everyday need involving workplace everyday communication,Asking and answering very simple questions about a routine everyday need involving workplace everyday communication,Giao tiếp nền tảng: workplace everyday communication — a routine everyday need involving workplace everyday communication,ask and answer a very simple question about a routine everyday need involving workplace everyday communication; complete the exchange naturally at A0 / Pre-A1.,180–260,2–3,Ms Lan,Ms Grace (or another context-appropriate named Mr/Ms character),PLANNED
0143,A0 / Pre-A1,Communication,a routine everyday need involving phone calls,Asking and answering very simple questions about a routine everyday need involving phone calls,Giao tiếp nền tảng: phone calls — a routine everyday need involving phone calls,ask and answer a very simple question about a routine everyday need involving phone calls; complete the exchange naturally at A0 / Pre-A1.,180–260,2–3,Ms Lan,Mr Henry (or another context-appropriate named Mr/Ms character),PLANNED
0144,A0 / Pre-A1,Communication,a routine everyday need involving messages & everyday digital communication,Asking and answering very simple questions about a routine everyday need involving messages & everyday digital communication,Giao tiếp nền tảng: messages & everyday digital communication — a routine everyday need involving messages & everyday digital communication,ask and answer a very simple question about a routine everyday need involving messages & everyday digital communication; complete the exchange naturally at A0 / Pre-A1.,180–260,2–3,Ms Lan,Ms Anna (or another context-appropriate named Mr/Ms character),PLANNED
0145,A0 / Pre-A1,Personal Identity,where you are from,Asking and answering very simple questions about where you are from,Giao tiếp nền tảng: personal identity & introductions — where you are from,ask and answer a very simple question about where you are from; complete the exchange naturally at A0 / Pre-A1.,180–260,2–3,Ms Lan,Mr David (or another context-appropriate named Mr/Ms character),PLANNED
0146,A0 / Pre-A1,Social Basics,saying goodbye,Asking and answering very simple questions about saying goodbye,Giao tiếp nền tảng: greetings & basic social contact — saying goodbye,ask and answer a very simple question about saying goodbye; complete the exchange naturally at A0 / Pre-A1.,180–260,2–3,Ms Lan,Ms Emma (or another context-appropriate named Mr/Ms character),PLANNED
0147,A0 / Pre-A1,Numbers and Time,a price,Asking and answering very simple questions about a price,"Giao tiếp nền tảng: numbers, dates & time — a price",ask and answer a very simple question about a price; complete the exchange naturally at A0 / Pre-A1.,180–260,2–3,Ms Lan,Mr James (or another context-appropriate named Mr/Ms character),PLANNED
0148,A0 / Pre-A1,Home,where an object is,Asking and answering very simple questions about where an object is,Giao tiếp nền tảng: home & household — where an object is,ask and answer a very simple question about where an object is; complete the exchange naturally at A0 / Pre-A1.,180–260,2–3,Ms Lan,Ms Sarah (or another context-appropriate named Mr/Ms character),PLANNED
0149,A0 / Pre-A1,Family,how many people are in the family,Asking and answering very simple questions about how many people are in the family,Giao tiếp nền tảng: family & relationships — how many people are in the family,ask and answer a very simple question about how many people are in the family; complete the exchange naturally at A0 / Pre-A1.,180–260,2–3,Ms Lan,Mr Daniel (or another context-appropriate named Mr/Ms character),PLANNED
0150,A0 / Pre-A1,Food,choosing a simple food,Asking and answering very simple questions about choosing a simple food,Giao tiếp nền tảng: food & drink — choosing a simple food,ask and answer a very simple question about choosing a simple food; complete the exchange naturally at A0 / Pre-A1.,180–260,2–3,Ms Lan,Ms Olivia (or another context-appropriate named Mr/Ms character),PLANNED
0151,A0 / Pre-A1,Shopping,checking an important detail about shopping & payments,Asking and answering very simple questions about checking an important detail about shopping & payments,Giao tiếp nền tảng: shopping & payments — checking an important detail about shopping & payments,ask and answer a very simple question about checking an important detail about shopping & payments; complete the exchange naturally at A0 / Pre-A1.,180–260,2–3,Ms Lan,Mr Thomas (or another context-appropriate named Mr/Ms character),PLANNED
0152,A0 / Pre-A1,Clothing,checking an important detail about clothing & personal items,Asking and answering very simple questions about checking an important detail about clothing & personal items,Giao tiếp nền tảng: clothing & personal items — checking an important detail about clothing & personal items,ask and answer a very simple question about checking an important detail about clothing & personal items; complete the exchange naturally at A0 / Pre-A1.,180–260,2–3,Ms Lan,Ms Sophie (or another context-appropriate named Mr/Ms character),PLANNED
0153,A0 / Pre-A1,Neighbourhood,checking an important detail about neighbourhood & directions,Asking and answering very simple questions about checking an important detail about neighbourhood & directions,Giao tiếp nền tảng: neighbourhood & directions — checking an important detail about neighbourhood & directions,ask and answer a very simple question about checking an important detail about neighbourhood & directions; complete the exchange naturally at A0 / Pre-A1.,180–260,2–3,Ms Lan,Mr Michael (or another context-appropriate named Mr/Ms character),PLANNED
0154,A0 / Pre-A1,Transport,checking an important detail about public transport,Asking and answering very simple questions about checking an important detail about public transport,Giao tiếp nền tảng: public transport — checking an important detail about public transport,ask and answer a very simple question about checking an important detail about public transport; complete the exchange naturally at A0 / Pre-A1.,180–260,2–3,Ms Lan,Ms Grace (or another context-appropriate named Mr/Ms character),PLANNED
0155,A0 / Pre-A1,Transport,checking an important detail about taxi & ride services,Asking and answering very simple questions about checking an important detail about taxi & ride services,Giao tiếp nền tảng: taxi & ride services — checking an important detail about taxi & ride services,ask and answer a very simple question about checking an important detail about taxi & ride services; complete the exchange naturally at A0 / Pre-A1.,180–260,2–3,Ms Lan,Mr Henry (or another context-appropriate named Mr/Ms character),PLANNED
0156,A0 / Pre-A1,Mobility,checking an important detail about walking & getting around,Asking and answering very simple questions about checking an important detail about walking & getting around,Giao tiếp nền tảng: walking & getting around — checking an important detail about walking & getting around,ask and answer a very simple question about checking an important detail about walking & getting around; complete the exchange naturally at A0 / Pre-A1.,180–260,2–3,Ms Lan,Ms Anna (or another context-appropriate named Mr/Ms character),PLANNED
0157,A0 / Pre-A1,Weather,checking an important detail about weather & daily plans,Asking and answering very simple questions about checking an important detail about weather & daily plans,Giao tiếp nền tảng: weather & daily plans — checking an important detail about weather & daily plans,ask and answer a very simple question about checking an important detail about weather & daily plans; complete the exchange naturally at A0 / Pre-A1.,180–260,2–3,Ms Lan,Mr David (or another context-appropriate named Mr/Ms character),PLANNED
0158,A0 / Pre-A1,Daily Life,checking an important detail about daily routines,Asking and answering very simple questions about checking an important detail about daily routines,Giao tiếp nền tảng: daily routines — checking an important detail about daily routines,ask and answer a very simple question about checking an important detail about daily routines; complete the exchange naturally at A0 / Pre-A1.,180–260,2–3,Ms Lan,Ms Emma (or another context-appropriate named Mr/Ms character),PLANNED
0159,A0 / Pre-A1,Learning,checking an important detail about school & learning,Asking and answering very simple questions about checking an important detail about school & learning,Giao tiếp nền tảng: school & learning — checking an important detail about school & learning,ask and answer a very simple question about checking an important detail about school & learning; complete the exchange naturally at A0 / Pre-A1.,180–260,2–3,Ms Lan,Mr James (or another context-appropriate named Mr/Ms character),PLANNED
0160,A0 / Pre-A1,Work,checking an important detail about workplace everyday communication,Asking and answering very simple questions about checking an important detail about workplace everyday communication,Giao tiếp nền tảng: workplace everyday communication — checking an important detail about workplace everyday communication,ask and answer a very simple question about checking an important detail about workplace everyday communication; complete the exchange naturally at A0 / Pre-A1.,180–260,2–3,Ms Lan,Ms Sarah (or another context-appropriate named Mr/Ms character),PLANNED
0161,A0 / Pre-A1,Communication,checking an important detail about phone calls,Asking and answering very simple questions about checking an important detail about phone calls,Giao tiếp nền tảng: phone calls — checking an important detail about phone calls,ask and answer a very simple question about checking an important detail about phone calls; complete the exchange naturally at A0 / Pre-A1.,180–260,2–3,Ms Lan,Mr Daniel (or another context-appropriate named Mr/Ms character),PLANNED
0162,A0 / Pre-A1,Communication,checking an important detail about messages & everyday digital communication,Asking and answering very simple questions about checking an important detail about messages & everyday digital communication,Giao tiếp nền tảng: messages & everyday digital communication — checking an important detail about messages & everyday digital communication,ask and answer a very simple question about checking an important detail about messages & everyday digital communication; complete the exchange naturally at A0 / Pre-A1.,180–260,2–3,Ms Lan,Ms Olivia (or another context-appropriate named Mr/Ms character),PLANNED
0163,A0 / Pre-A1,Personal Identity,where you live,Asking and answering very simple questions about where you live,Giao tiếp nền tảng: personal identity & introductions — where you live,ask and answer a very simple question about where you live; complete the exchange naturally at A0 / Pre-A1.,180–260,2–3,Ms Lan,Mr Thomas (or another context-appropriate named Mr/Ms character),PLANNED
0164,A0 / Pre-A1,Social Basics,saying thank you,Asking and answering very simple questions about saying thank you,Giao tiếp nền tảng: greetings & basic social contact — saying thank you,ask and answer a very simple question about saying thank you; complete the exchange naturally at A0 / Pre-A1.,180–260,2–3,Ms Lan,Ms Sophie (or another context-appropriate named Mr/Ms character),PLANNED
0165,A0 / Pre-A1,Numbers and Time,today's date,Asking and answering very simple questions about today's date,"Giao tiếp nền tảng: numbers, dates & time — today's date",ask and answer a very simple question about today's date; complete the exchange naturally at A0 / Pre-A1.,180–260,2–3,Ms Lan,Mr Michael (or another context-appropriate named Mr/Ms character),PLANNED
0166,A0 / Pre-A1,Home,something you need at home,Asking and answering very simple questions about something you need at home,Giao tiếp nền tảng: home & household — something you need at home,ask and answer a very simple question about something you need at home; complete the exchange naturally at A0 / Pre-A1.,180–260,2–3,Ms Lan,Ms Grace (or another context-appropriate named Mr/Ms character),PLANNED
0167,A0 / Pre-A1,Family,a simple family relationship,Asking and answering very simple questions about a simple family relationship,Giao tiếp nền tảng: family & relationships — a simple family relationship,ask and answer a very simple question about a simple family relationship; complete the exchange naturally at A0 / Pre-A1.,180–260,2–3,Ms Lan,Mr Henry (or another context-appropriate named Mr/Ms character),PLANNED
0168,A0 / Pre-A1,Food,saying you are hungry or thirsty,Asking and answering very simple questions about saying you are hungry or thirsty,Giao tiếp nền tảng: food & drink — saying you are hungry or thirsty,ask and answer a very simple question about saying you are hungry or thirsty; complete the exchange naturally at A0 / Pre-A1.,180–260,2–3,Ms Lan,Ms Anna (or another context-appropriate named Mr/Ms character),PLANNED
0169,A0 / Pre-A1,Shopping,asking for help with shopping & payments,Asking and answering very simple questions about asking for help with shopping & payments,Giao tiếp nền tảng: shopping & payments — asking for help with shopping & payments,ask and answer a very simple question about asking for help with shopping & payments; complete the exchange naturally at A0 / Pre-A1.,180–260,2–3,Ms Lan,Mr David (or another context-appropriate named Mr/Ms character),PLANNED
0170,A0 / Pre-A1,Clothing,asking for help with clothing & personal items,Asking and answering very simple questions about asking for help with clothing & personal items,Giao tiếp nền tảng: clothing & personal items — asking for help with clothing & personal items,ask and answer a very simple question about asking for help with clothing & personal items; complete the exchange naturally at A0 / Pre-A1.,180–260,2–3,Ms Lan,Ms Emma (or another context-appropriate named Mr/Ms character),PLANNED
0171,A0 / Pre-A1,Neighbourhood,asking for help with neighbourhood & directions,Asking and answering very simple questions about asking for help with neighbourhood & directions,Giao tiếp nền tảng: neighbourhood & directions — asking for help with neighbourhood & directions,ask and answer a very simple question about asking for help with neighbourhood & directions; complete the exchange naturally at A0 / Pre-A1.,180–260,2–3,Ms Lan,Mr James (or another context-appropriate named Mr/Ms character),PLANNED
0172,A0 / Pre-A1,Transport,asking for help with public transport,Asking and answering very simple questions about asking for help with public transport,Giao tiếp nền tảng: public transport — asking for help with public transport,ask and answer a very simple question about asking for help with public transport; complete the exchange naturally at A0 / Pre-A1.,180–260,2–3,Ms Lan,Ms Sarah (or another context-appropriate named Mr/Ms character),PLANNED
0173,A0 / Pre-A1,Transport,asking for help with taxi & ride services,Asking and answering very simple questions about asking for help with taxi & ride services,Giao tiếp nền tảng: taxi & ride services — asking for help with taxi & ride services,ask and answer a very simple question about asking for help with taxi & ride services; complete the exchange naturally at A0 / Pre-A1.,180–260,2–3,Ms Lan,Mr Daniel (or another context-appropriate named Mr/Ms character),PLANNED
0174,A0 / Pre-A1,Mobility,asking for help with walking & getting around,Asking and answering very simple questions about asking for help with walking & getting around,Giao tiếp nền tảng: walking & getting around — asking for help with walking & getting around,ask and answer a very simple question about asking for help with walking & getting around; complete the exchange naturally at A0 / Pre-A1.,180–260,2–3,Ms Lan,Ms Olivia (or another context-appropriate named Mr/Ms character),PLANNED
0175,A0 / Pre-A1,Weather,asking for help with weather & daily plans,Asking and answering very simple questions about asking for help with weather & daily plans,Giao tiếp nền tảng: weather & daily plans — asking for help with weather & daily plans,ask and answer a very simple question about asking for help with weather & daily plans; complete the exchange naturally at A0 / Pre-A1.,180–260,2–3,Ms Lan,Mr Thomas (or another context-appropriate named Mr/Ms character),PLANNED
0176,A0 / Pre-A1,Daily Life,asking for help with daily routines,Asking and answering very simple questions about asking for help with daily routines,Giao tiếp nền tảng: daily routines — asking for help with daily routines,ask and answer a very simple question about asking for help with daily routines; complete the exchange naturally at A0 / Pre-A1.,180–260,2–3,Ms Lan,Ms Sophie (or another context-appropriate named Mr/Ms character),PLANNED
0177,A0 / Pre-A1,Learning,asking for help with school & learning,Asking and answering very simple questions about asking for help with school & learning,Giao tiếp nền tảng: school & learning — asking for help with school & learning,ask and answer a very simple question about asking for help with school & learning; complete the exchange naturally at A0 / Pre-A1.,180–260,2–3,Ms Lan,Mr Michael (or another context-appropriate named Mr/Ms character),PLANNED
0178,A0 / Pre-A1,Work,asking for help with workplace everyday communication,Asking and answering very simple questions about asking for help with workplace everyday communication,Giao tiếp nền tảng: workplace everyday communication — asking for help with workplace everyday communication,ask and answer a very simple question about asking for help with workplace everyday communication; complete the exchange naturally at A0 / Pre-A1.,180–260,2–3,Ms Lan,Ms Grace (or another context-appropriate named Mr/Ms character),PLANNED
0179,A0 / Pre-A1,Communication,asking for help with phone calls,Asking and answering very simple questions about asking for help with phone calls,Giao tiếp nền tảng: phone calls — asking for help with phone calls,ask and answer a very simple question about asking for help with phone calls; complete the exchange naturally at A0 / Pre-A1.,180–260,2–3,Ms Lan,Mr Henry (or another context-appropriate named Mr/Ms character),PLANNED
0180,A0 / Pre-A1,Communication,asking for help with messages & everyday digital communication,Asking and answering very simple questions about asking for help with messages & everyday digital communication,Giao tiếp nền tảng: messages & everyday digital communication — asking for help with messages & everyday digital communication,ask and answer a very simple question about asking for help with messages & everyday digital communication; complete the exchange naturally at A0 / Pre-A1.,180–260,2–3,Ms Lan,Ms Anna (or another context-appropriate named Mr/Ms character),PLANNED
0181,A0 / Pre-A1,Personal Identity,your age,Asking and answering very simple questions about your age,Giao tiếp nền tảng: personal identity & introductions — your age,ask and answer a very simple question about your age; complete the exchange naturally at A0 / Pre-A1.,180–260,2–3,Ms Lan,Mr David (or another context-appropriate named Mr/Ms character),PLANNED
0182,A0 / Pre-A1,Social Basics,saying sorry,Asking and answering very simple questions about saying sorry,Giao tiếp nền tảng: greetings & basic social contact — saying sorry,ask and answer a very simple question about saying sorry; complete the exchange naturally at A0 / Pre-A1.,180–260,2–3,Ms Lan,Ms Emma (or another context-appropriate named Mr/Ms character),PLANNED
0183,A0 / Pre-A1,Numbers and Time,the day of the week,Asking and answering very simple questions about the day of the week,"Giao tiếp nền tảng: numbers, dates & time — the day of the week",ask and answer a very simple question about the day of the week; complete the exchange naturally at A0 / Pre-A1.,180–260,2–3,Ms Lan,Mr James (or another context-appropriate named Mr/Ms character),PLANNED
0184,A0 / Pre-A1,Home,opening or closing something,Asking and answering very simple questions about opening or closing something,Giao tiếp nền tảng: home & household — opening or closing something,ask and answer a very simple question about opening or closing something; complete the exchange naturally at A0 / Pre-A1.,180–260,2–3,Ms Lan,Ms Sarah (or another context-appropriate named Mr/Ms character),PLANNED
0185,A0 / Pre-A1,Family,where a family member is,Asking and answering very simple questions about where a family member is,Giao tiếp nền tảng: family & relationships — where a family member is,ask and answer a very simple question about where a family member is; complete the exchange naturally at A0 / Pre-A1.,180–260,2–3,Ms Lan,Mr Daniel (or another context-appropriate named Mr/Ms character),PLANNED
0186,A0 / Pre-A1,Food,asking what something is,Asking and answering very simple questions about asking what something is,Giao tiếp nền tảng: food & drink — asking what something is,ask and answer a very simple question about asking what something is; complete the exchange naturally at A0 / Pre-A1.,180–260,2–3,Ms Lan,Ms Olivia (or another context-appropriate named Mr/Ms character),PLANNED
0187,A0 / Pre-A1,Shopping,a change or choice involving shopping & payments,Asking and answering very simple questions about a change or choice involving shopping & payments,Giao tiếp nền tảng: shopping & payments — a change or choice involving shopping & payments,ask and answer a very simple question about a change or choice involving shopping & payments; complete the exchange naturally at A0 / Pre-A1.,180–260,2–3,Ms Lan,Mr Thomas (or another context-appropriate named Mr/Ms character),PLANNED
0188,A0 / Pre-A1,Clothing,a change or choice involving clothing & personal items,Asking and answering very simple questions about a change or choice involving clothing & personal items,Giao tiếp nền tảng: clothing & personal items — a change or choice involving clothing & personal items,ask and answer a very simple question about a change or choice involving clothing & personal items; complete the exchange naturally at A0 / Pre-A1.,180–260,2–3,Ms Lan,Ms Sophie (or another context-appropriate named Mr/Ms character),PLANNED
0189,A0 / Pre-A1,Neighbourhood,a change or choice involving neighbourhood & directions,Asking and answering very simple questions about a change or choice involving neighbourhood & directions,Giao tiếp nền tảng: neighbourhood & directions — a change or choice involving neighbourhood & directions,ask and answer a very simple question about a change or choice involving neighbourhood & directions; complete the exchange naturally at A0 / Pre-A1.,180–260,2–3,Ms Lan,Mr Michael (or another context-appropriate named Mr/Ms character),PLANNED
0190,A0 / Pre-A1,Transport,a change or choice involving public transport,Asking and answering very simple questions about a change or choice involving public transport,Giao tiếp nền tảng: public transport — a change or choice involving public transport,ask and answer a very simple question about a change or choice involving public transport; complete the exchange naturally at A0 / Pre-A1.,180–260,2–3,Ms Lan,Ms Grace (or another context-appropriate named Mr/Ms character),PLANNED
0191,A0 / Pre-A1,Transport,a change or choice involving taxi & ride services,Asking and answering very simple questions about a change or choice involving taxi & ride services,Giao tiếp nền tảng: taxi & ride services — a change or choice involving taxi & ride services,ask and answer a very simple question about a change or choice involving taxi & ride services; complete the exchange naturally at A0 / Pre-A1.,180–260,2–3,Ms Lan,Mr Henry (or another context-appropriate named Mr/Ms character),PLANNED
0192,A0 / Pre-A1,Mobility,a change or choice involving walking & getting around,Asking and answering very simple questions about a change or choice involving walking & getting around,Giao tiếp nền tảng: walking & getting around — a change or choice involving walking & getting around,ask and answer a very simple question about a change or choice involving walking & getting around; complete the exchange naturally at A0 / Pre-A1.,180–260,2–3,Ms Lan,Ms Anna (or another context-appropriate named Mr/Ms character),PLANNED
0193,A0 / Pre-A1,Weather,a change or choice involving weather & daily plans,Asking and answering very simple questions about a change or choice involving weather & daily plans,Giao tiếp nền tảng: weather & daily plans — a change or choice involving weather & daily plans,ask and answer a very simple question about a change or choice involving weather & daily plans; complete the exchange naturally at A0 / Pre-A1.,180–260,2–3,Ms Lan,Mr David (or another context-appropriate named Mr/Ms character),PLANNED
0194,A0 / Pre-A1,Daily Life,a change or choice involving daily routines,Asking and answering very simple questions about a change or choice involving daily routines,Giao tiếp nền tảng: daily routines — a change or choice involving daily routines,ask and answer a very simple question about a change or choice involving daily routines; complete the exchange naturally at A0 / Pre-A1.,180–260,2–3,Ms Lan,Ms Emma (or another context-appropriate named Mr/Ms character),PLANNED
0195,A0 / Pre-A1,Learning,a change or choice involving school & learning,Asking and answering very simple questions about a change or choice involving school & learning,Giao tiếp nền tảng: school & learning — a change or choice involving school & learning,ask and answer a very simple question about a change or choice involving school & learning; complete the exchange naturally at A0 / Pre-A1.,180–260,2–3,Ms Lan,Mr James (or another context-appropriate named Mr/Ms character),PLANNED
0196,A0 / Pre-A1,Work,a change or choice involving workplace everyday communication,Asking and answering very simple questions about a change or choice involving workplace everyday communication,Giao tiếp nền tảng: workplace everyday communication — a change or choice involving workplace everyday communication,ask and answer a very simple question about a change or choice involving workplace everyday communication; complete the exchange naturally at A0 / Pre-A1.,180–260,2–3,Ms Lan,Ms Sarah (or another context-appropriate named Mr/Ms character),PLANNED
0197,A0 / Pre-A1,Communication,a change or choice involving phone calls,Asking and answering very simple questions about a change or choice involving phone calls,Giao tiếp nền tảng: phone calls — a change or choice involving phone calls,ask and answer a very simple question about a change or choice involving phone calls; complete the exchange naturally at A0 / Pre-A1.,180–260,2–3,Ms Lan,Mr Daniel (or another context-appropriate named Mr/Ms character),PLANNED
0198,A0 / Pre-A1,Communication,a change or choice involving messages & everyday digital communication,Asking and answering very simple questions about a change or choice involving messages & everyday digital communication,Giao tiếp nền tảng: messages & everyday digital communication — a change or choice involving messages & everyday digital communication,ask and answer a very simple question about a change or choice involving messages & everyday digital communication; complete the exchange naturally at A0 / Pre-A1.,180–260,2–3,Ms Lan,Ms Olivia (or another context-appropriate named Mr/Ms character),PLANNED
0199,A0 / Pre-A1,Personal Identity,your phone number,Asking and answering very simple questions about your phone number,Giao tiếp nền tảng: personal identity & introductions — your phone number,ask and answer a very simple question about your phone number; complete the exchange naturally at A0 / Pre-A1.,180–260,2–3,Ms Lan,Mr Thomas (or another context-appropriate named Mr/Ms character),PLANNED
0200,A0 / Pre-A1,Social Basics,getting someone's attention politely,Asking and answering very simple questions about getting someone's attention politely,Giao tiếp nền tảng: greetings & basic social contact — getting someone's attention politely,ask and answer a very simple question about getting someone's attention politely; complete the exchange naturally at A0 / Pre-A1.,180–260,2–3,Ms Lan,Ms Sophie (or another context-appropriate named Mr/Ms character),PLANNED
0201,A0 / Pre-A1,Numbers and Time,the current time,Asking and answering very simple questions about the current time,"Giao tiếp nền tảng: numbers, dates & time — the current time",ask and answer a very simple question about the current time; complete the exchange naturally at A0 / Pre-A1.,180–260,2–3,Ms Lan,Mr Michael (or another context-appropriate named Mr/Ms character),PLANNED
0202,A0 / Pre-A1,Home,a simple household instruction,Asking and answering very simple questions about a simple household instruction,Giao tiếp nền tảng: home & household — a simple household instruction,ask and answer a very simple question about a simple household instruction; complete the exchange naturally at A0 / Pre-A1.,180–260,2–3,Ms Lan,Ms Grace (or another context-appropriate named Mr/Ms character),PLANNED
0203,A0 / Pre-A1,Family,a simple family plan,Asking and answering very simple questions about a simple family plan,Giao tiếp nền tảng: family & relationships — a simple family plan,ask and answer a very simple question about a simple family plan; complete the exchange naturally at A0 / Pre-A1.,180–260,2–3,Ms Lan,Mr Henry (or another context-appropriate named Mr/Ms character),PLANNED
0204,A0 / Pre-A1,Food,a basic meal choice,Asking and answering very simple questions about a basic meal choice,Giao tiếp nền tảng: food & drink — a basic meal choice,ask and answer a very simple question about a basic meal choice; complete the exchange naturally at A0 / Pre-A1.,180–260,2–3,Ms Lan,Ms Anna (or another context-appropriate named Mr/Ms character),PLANNED
0205,A0 / Pre-A1,Shopping,a misunderstanding or problem involving shopping & payments,Asking and answering very simple questions about a misunderstanding or problem involving shopping & payments,Giao tiếp nền tảng: shopping & payments — a misunderstanding or problem involving shopping & payments,ask and answer a very simple question about a misunderstanding or problem involving shopping & payments; complete the exchange naturally at A0 / Pre-A1.,180–260,2–3,Ms Lan,Mr David (or another context-appropriate named Mr/Ms character),PLANNED
0206,A0 / Pre-A1,Clothing,a misunderstanding or problem involving clothing & personal items,Asking and answering very simple questions about a misunderstanding or problem involving clothing & personal items,Giao tiếp nền tảng: clothing & personal items — a misunderstanding or problem involving clothing & personal items,ask and answer a very simple question about a misunderstanding or problem involving clothing & personal items; complete the exchange naturally at A0 / Pre-A1.,180–260,2–3,Ms Lan,Ms Emma (or another context-appropriate named Mr/Ms character),PLANNED
0207,A0 / Pre-A1,Neighbourhood,a misunderstanding or problem involving neighbourhood & directions,Asking and answering very simple questions about a misunderstanding or problem involving neighbourhood & directions,Giao tiếp nền tảng: neighbourhood & directions — a misunderstanding or problem involving neighbourhood & directions,ask and answer a very simple question about a misunderstanding or problem involving neighbourhood & directions; complete the exchange naturally at A0 / Pre-A1.,180–260,2–3,Ms Lan,Mr James (or another context-appropriate named Mr/Ms character),PLANNED
0208,A0 / Pre-A1,Transport,a misunderstanding or problem involving public transport,Asking and answering very simple questions about a misunderstanding or problem involving public transport,Giao tiếp nền tảng: public transport — a misunderstanding or problem involving public transport,ask and answer a very simple question about a misunderstanding or problem involving public transport; complete the exchange naturally at A0 / Pre-A1.,180–260,2–3,Ms Lan,Ms Sarah (or another context-appropriate named Mr/Ms character),PLANNED
0209,A0 / Pre-A1,Transport,a misunderstanding or problem involving taxi & ride services,Asking and answering very simple questions about a misunderstanding or problem involving taxi & ride services,Giao tiếp nền tảng: taxi & ride services — a misunderstanding or problem involving taxi & ride services,ask and answer a very simple question about a misunderstanding or problem involving taxi & ride services; complete the exchange naturally at A0 / Pre-A1.,180–260,2–3,Ms Lan,Mr Daniel (or another context-appropriate named Mr/Ms character),PLANNED
0210,A0 / Pre-A1,Mobility,a misunderstanding or problem involving walking & getting around,Asking and answering very simple questions about a misunderstanding or problem involving walking & getting around,Giao tiếp nền tảng: walking & getting around — a misunderstanding or problem involving walking & getting around,ask and answer a very simple question about a misunderstanding or problem involving walking & getting around; complete the exchange naturally at A0 / Pre-A1.,180–260,2–3,Ms Lan,Ms Olivia (or another context-appropriate named Mr/Ms character),PLANNED
0211,A0 / Pre-A1,Weather,a misunderstanding or problem involving weather & daily plans,Asking and answering very simple questions about a misunderstanding or problem involving weather & daily plans,Giao tiếp nền tảng: weather & daily plans — a misunderstanding or problem involving weather & daily plans,ask and answer a very simple question about a misunderstanding or problem involving weather & daily plans; complete the exchange naturally at A0 / Pre-A1.,180–260,2–3,Ms Lan,Mr Thomas (or another context-appropriate named Mr/Ms character),PLANNED
0212,A0 / Pre-A1,Daily Life,a misunderstanding or problem involving daily routines,Asking and answering very simple questions about a misunderstanding or problem involving daily routines,Giao tiếp nền tảng: daily routines — a misunderstanding or problem involving daily routines,ask and answer a very simple question about a misunderstanding or problem involving daily routines; complete the exchange naturally at A0 / Pre-A1.,180–260,2–3,Ms Lan,Ms Sophie (or another context-appropriate named Mr/Ms character),PLANNED
0213,A0 / Pre-A1,Learning,a misunderstanding or problem involving school & learning,Asking and answering very simple questions about a misunderstanding or problem involving school & learning,Giao tiếp nền tảng: school & learning — a misunderstanding or problem involving school & learning,ask and answer a very simple question about a misunderstanding or problem involving school & learning; complete the exchange naturally at A0 / Pre-A1.,180–260,2–3,Ms Lan,Mr Michael (or another context-appropriate named Mr/Ms character),PLANNED
0214,A0 / Pre-A1,Work,a misunderstanding or problem involving workplace everyday communication,Asking and answering very simple questions about a misunderstanding or problem involving workplace everyday communication,Giao tiếp nền tảng: workplace everyday communication — a misunderstanding or problem involving workplace everyday communication,ask and answer a very simple question about a misunderstanding or problem involving workplace everyday communication; complete the exchange naturally at A0 / Pre-A1.,180–260,2–3,Ms Lan,Ms Grace (or another context-appropriate named Mr/Ms character),PLANNED
0215,A0 / Pre-A1,Communication,a misunderstanding or problem involving phone calls,Asking and answering very simple questions about a misunderstanding or problem involving phone calls,Giao tiếp nền tảng: phone calls — a misunderstanding or problem involving phone calls,ask and answer a very simple question about a misunderstanding or problem involving phone calls; complete the exchange naturally at A0 / Pre-A1.,180–260,2–3,Ms Lan,Mr Henry (or another context-appropriate named Mr/Ms character),PLANNED
0216,A0 / Pre-A1,Communication,a misunderstanding or problem involving messages & everyday digital communication,Asking and answering very simple questions about a misunderstanding or problem involving messages & everyday digital communication,Giao tiếp nền tảng: messages & everyday digital communication — a misunderstanding or problem involving messages & everyday digital communication,ask and answer a very simple question about a misunderstanding or problem involving messages & everyday digital communication; complete the exchange naturally at A0 / Pre-A1.,180–260,2–3,Ms Lan,Ms Anna (or another context-appropriate named Mr/Ms character),PLANNED
0217,A0 / Pre-A1,Personal Identity,your name,Saying and confirming your name,Giao tiếp nền tảng: personal identity & introductions — your name,say and confirm your name; complete the exchange naturally at A0 / Pre-A1.,180–260,2–3,Ms Lan,Mr David (or another context-appropriate named Mr/Ms character),PLANNED
0218,A0 / Pre-A1,Social Basics,saying hello,Saying and confirming saying hello,Giao tiếp nền tảng: greetings & basic social contact — saying hello,say and confirm saying hello; complete the exchange naturally at A0 / Pre-A1.,180–260,2–3,Ms Lan,Ms Emma (or another context-appropriate named Mr/Ms character),PLANNED
0219,A0 / Pre-A1,Numbers and Time,numbers 0–20,Saying and confirming numbers 0–20,"Giao tiếp nền tảng: numbers, dates & time — numbers 0–20",say and confirm numbers 0–20; complete the exchange naturally at A0 / Pre-A1.,180–260,2–3,Ms Lan,Mr James (or another context-appropriate named Mr/Ms character),PLANNED
0220,A0 / Pre-A1,Home,a room in the home,Saying and confirming a room in the home,Giao tiếp nền tảng: home & household — a room in the home,say and confirm a room in the home; complete the exchange naturally at A0 / Pre-A1.,180–260,2–3,Ms Lan,Ms Sarah (or another context-appropriate named Mr/Ms character),PLANNED
0221,A0 / Pre-A1,Family,who a family member is,Saying and confirming who a family member is,Giao tiếp nền tảng: family & relationships — who a family member is,say and confirm who a family member is; complete the exchange naturally at A0 / Pre-A1.,180–260,2–3,Ms Lan,Mr Daniel (or another context-appropriate named Mr/Ms character),PLANNED
0222,A0 / Pre-A1,Food,asking for water,Saying and confirming asking for water,Giao tiếp nền tảng: food & drink — asking for water,say and confirm asking for water; complete the exchange naturally at A0 / Pre-A1.,180–260,2–3,Ms Lan,Ms Olivia (or another context-appropriate named Mr/Ms character),PLANNED
0223,A0 / Pre-A1,Shopping,the first practical exchange about shopping & payments,Saying and confirming the first practical exchange about shopping & payments,Giao tiếp nền tảng: shopping & payments — the first practical exchange about shopping & payments,say and confirm the first practical exchange about shopping & payments; complete the exchange naturally at A0 / Pre-A1.,180–260,2–3,Ms Lan,Mr Thomas (or another context-appropriate named Mr/Ms character),PLANNED
0224,A0 / Pre-A1,Clothing,the first practical exchange about clothing & personal items,Saying and confirming the first practical exchange about clothing & personal items,Giao tiếp nền tảng: clothing & personal items — the first practical exchange about clothing & personal items,say and confirm the first practical exchange about clothing & personal items; complete the exchange naturally at A0 / Pre-A1.,180–260,2–3,Ms Lan,Ms Sophie (or another context-appropriate named Mr/Ms character),PLANNED
0225,A0 / Pre-A1,Neighbourhood,the first practical exchange about neighbourhood & directions,Saying and confirming the first practical exchange about neighbourhood & directions,Giao tiếp nền tảng: neighbourhood & directions — the first practical exchange about neighbourhood & directions,say and confirm the first practical exchange about neighbourhood & directions; complete the exchange naturally at A0 / Pre-A1.,180–260,2–3,Ms Lan,Mr Michael (or another context-appropriate named Mr/Ms character),PLANNED
0226,A0 / Pre-A1,Transport,the first practical exchange about public transport,Saying and confirming the first practical exchange about public transport,Giao tiếp nền tảng: public transport — the first practical exchange about public transport,say and confirm the first practical exchange about public transport; complete the exchange naturally at A0 / Pre-A1.,180–260,2–3,Ms Lan,Ms Grace (or another context-appropriate named Mr/Ms character),PLANNED
0227,A0 / Pre-A1,Transport,the first practical exchange about taxi & ride services,Saying and confirming the first practical exchange about taxi & ride services,Giao tiếp nền tảng: taxi & ride services — the first practical exchange about taxi & ride services,say and confirm the first practical exchange about taxi & ride services; complete the exchange naturally at A0 / Pre-A1.,180–260,2–3,Ms Lan,Mr Henry (or another context-appropriate named Mr/Ms character),PLANNED
0228,A0 / Pre-A1,Mobility,the first practical exchange about walking & getting around,Saying and confirming the first practical exchange about walking & getting around,Giao tiếp nền tảng: walking & getting around — the first practical exchange about walking & getting around,say and confirm the first practical exchange about walking & getting around; complete the exchange naturally at A0 / Pre-A1.,180–260,2–3,Ms Lan,Ms Anna (or another context-appropriate named Mr/Ms character),PLANNED
0229,A0 / Pre-A1,Weather,the first practical exchange about weather & daily plans,Saying and confirming the first practical exchange about weather & daily plans,Giao tiếp nền tảng: weather & daily plans — the first practical exchange about weather & daily plans,say and confirm the first practical exchange about weather & daily plans; complete the exchange naturally at A0 / Pre-A1.,180–260,2–3,Ms Lan,Mr David (or another context-appropriate named Mr/Ms character),PLANNED
0230,A0 / Pre-A1,Daily Life,the first practical exchange about daily routines,Saying and confirming the first practical exchange about daily routines,Giao tiếp nền tảng: daily routines — the first practical exchange about daily routines,say and confirm the first practical exchange about daily routines; complete the exchange naturally at A0 / Pre-A1.,180–260,2–3,Ms Lan,Ms Emma (or another context-appropriate named Mr/Ms character),PLANNED
0231,A0 / Pre-A1,Learning,the first practical exchange about school & learning,Saying and confirming the first practical exchange about school & learning,Giao tiếp nền tảng: school & learning — the first practical exchange about school & learning,say and confirm the first practical exchange about school & learning; complete the exchange naturally at A0 / Pre-A1.,180–260,2–3,Ms Lan,Mr James (or another context-appropriate named Mr/Ms character),PLANNED
0232,A0 / Pre-A1,Work,the first practical exchange about workplace everyday communication,Saying and confirming the first practical exchange about workplace everyday communication,Giao tiếp nền tảng: workplace everyday communication — the first practical exchange about workplace everyday communication,say and confirm the first practical exchange about workplace everyday communication; complete the exchange naturally at A0 / Pre-A1.,180–260,2–3,Ms Lan,Ms Sarah (or another context-appropriate named Mr/Ms character),PLANNED
0233,A0 / Pre-A1,Communication,the first practical exchange about phone calls,Saying and confirming the first practical exchange about phone calls,Giao tiếp nền tảng: phone calls — the first practical exchange about phone calls,say and confirm the first practical exchange about phone calls; complete the exchange naturally at A0 / Pre-A1.,180–260,2–3,Ms Lan,Mr Daniel (or another context-appropriate named Mr/Ms character),PLANNED
0234,A0 / Pre-A1,Communication,the first practical exchange about messages & everyday digital communication,Saying and confirming the first practical exchange about messages & everyday digital communication,Giao tiếp nền tảng: messages & everyday digital communication — the first practical exchange about messages & everyday digital communication,say and confirm the first practical exchange about messages & everyday digital communication; complete the exchange naturally at A0 / Pre-A1.,180–260,2–3,Ms Lan,Ms Olivia (or another context-appropriate named Mr/Ms character),PLANNED
0235,A0 / Pre-A1,Personal Identity,how to spell your name,Saying and confirming how to spell your name,Giao tiếp nền tảng: personal identity & introductions — how to spell your name,say and confirm how to spell your name; complete the exchange naturally at A0 / Pre-A1.,180–260,2–3,Ms Lan,Mr Thomas (or another context-appropriate named Mr/Ms character),PLANNED
0236,A0 / Pre-A1,Social Basics,responding to a greeting,Saying and confirming responding to a greeting,Giao tiếp nền tảng: greetings & basic social contact — responding to a greeting,say and confirm responding to a greeting; complete the exchange naturally at A0 / Pre-A1.,180–260,2–3,Ms Lan,Ms Sophie (or another context-appropriate named Mr/Ms character),PLANNED
0237,A0 / Pre-A1,Numbers and Time,a phone number,Saying and confirming a phone number,"Giao tiếp nền tảng: numbers, dates & time — a phone number",say and confirm a phone number; complete the exchange naturally at A0 / Pre-A1.,180–260,2–3,Ms Lan,Mr Michael (or another context-appropriate named Mr/Ms character),PLANNED
0238,A0 / Pre-A1,Home,a common household object,Saying and confirming a common household object,Giao tiếp nền tảng: home & household — a common household object,say and confirm a common household object; complete the exchange naturally at A0 / Pre-A1.,180–260,2–3,Ms Lan,Ms Grace (or another context-appropriate named Mr/Ms character),PLANNED
0239,A0 / Pre-A1,Family,a family member's name,Saying and confirming a family member's name,Giao tiếp nền tảng: family & relationships — a family member's name,say and confirm a family member's name; complete the exchange naturally at A0 / Pre-A1.,180–260,2–3,Ms Lan,Mr Henry (or another context-appropriate named Mr/Ms character),PLANNED
0240,A0 / Pre-A1,Food,choosing a drink,Saying and confirming choosing a drink,Giao tiếp nền tảng: food & drink — choosing a drink,say and confirm choosing a drink; complete the exchange naturally at A0 / Pre-A1.,180–260,2–3,Ms Lan,Ms Anna (or another context-appropriate named Mr/Ms character),PLANNED
0241,A0 / Pre-A1,Shopping,a routine everyday need involving shopping & payments,Saying and confirming a routine everyday need involving shopping & payments,Giao tiếp nền tảng: shopping & payments — a routine everyday need involving shopping & payments,say and confirm a routine everyday need involving shopping & payments; complete the exchange naturally at A0 / Pre-A1.,180–260,2–3,Ms Lan,Mr David (or another context-appropriate named Mr/Ms character),PLANNED
0242,A0 / Pre-A1,Clothing,a routine everyday need involving clothing & personal items,Saying and confirming a routine everyday need involving clothing & personal items,Giao tiếp nền tảng: clothing & personal items — a routine everyday need involving clothing & personal items,say and confirm a routine everyday need involving clothing & personal items; complete the exchange naturally at A0 / Pre-A1.,180–260,2–3,Ms Lan,Ms Emma (or another context-appropriate named Mr/Ms character),PLANNED
0243,A0 / Pre-A1,Neighbourhood,a routine everyday need involving neighbourhood & directions,Saying and confirming a routine everyday need involving neighbourhood & directions,Giao tiếp nền tảng: neighbourhood & directions — a routine everyday need involving neighbourhood & directions,say and confirm a routine everyday need involving neighbourhood & directions; complete the exchange naturally at A0 / Pre-A1.,180–260,2–3,Ms Lan,Mr James (or another context-appropriate named Mr/Ms character),PLANNED
0244,A0 / Pre-A1,Transport,a routine everyday need involving public transport,Saying and confirming a routine everyday need involving public transport,Giao tiếp nền tảng: public transport — a routine everyday need involving public transport,say and confirm a routine everyday need involving public transport; complete the exchange naturally at A0 / Pre-A1.,180–260,2–3,Ms Lan,Ms Sarah (or another context-appropriate named Mr/Ms character),PLANNED
0245,A0 / Pre-A1,Transport,a routine everyday need involving taxi & ride services,Saying and confirming a routine everyday need involving taxi & ride services,Giao tiếp nền tảng: taxi & ride services — a routine everyday need involving taxi & ride services,say and confirm a routine everyday need involving taxi & ride services; complete the exchange naturally at A0 / Pre-A1.,180–260,2–3,Ms Lan,Mr Daniel (or another context-appropriate named Mr/Ms character),PLANNED
0246,A0 / Pre-A1,Mobility,a routine everyday need involving walking & getting around,Saying and confirming a routine everyday need involving walking & getting around,Giao tiếp nền tảng: walking & getting around — a routine everyday need involving walking & getting around,say and confirm a routine everyday need involving walking & getting around; complete the exchange naturally at A0 / Pre-A1.,180–260,2–3,Ms Lan,Ms Olivia (or another context-appropriate named Mr/Ms character),PLANNED
0247,A0 / Pre-A1,Weather,a routine everyday need involving weather & daily plans,Saying and confirming a routine everyday need involving weather & daily plans,Giao tiếp nền tảng: weather & daily plans — a routine everyday need involving weather & daily plans,say and confirm a routine everyday need involving weather & daily plans; complete the exchange naturally at A0 / Pre-A1.,180–260,2–3,Ms Lan,Mr Thomas (or another context-appropriate named Mr/Ms character),PLANNED
0248,A0 / Pre-A1,Daily Life,a routine everyday need involving daily routines,Saying and confirming a routine everyday need involving daily routines,Giao tiếp nền tảng: daily routines — a routine everyday need involving daily routines,say and confirm a routine everyday need involving daily routines; complete the exchange naturally at A0 / Pre-A1.,180–260,2–3,Ms Lan,Ms Sophie (or another context-appropriate named Mr/Ms character),PLANNED
0249,A0 / Pre-A1,Learning,a routine everyday need involving school & learning,Saying and confirming a routine everyday need involving school & learning,Giao tiếp nền tảng: school & learning — a routine everyday need involving school & learning,say and confirm a routine everyday need involving school & learning; complete the exchange naturally at A0 / Pre-A1.,180–260,2–3,Ms Lan,Mr Michael (or another context-appropriate named Mr/Ms character),PLANNED
0250,A0 / Pre-A1,Work,a routine everyday need involving workplace everyday communication,Saying and confirming a routine everyday need involving workplace everyday communication,Giao tiếp nền tảng: workplace everyday communication — a routine everyday need involving workplace everyday communication,say and confirm a routine everyday need involving workplace everyday communication; complete the exchange naturally at A0 / Pre-A1.,180–260,2–3,Ms Lan,Ms Grace (or another context-appropriate named Mr/Ms character),PLANNED
0251,A1,Personal Identity,your name,Asking and answering simple questions about your name,Giao tiếp cơ bản: personal identity & introductions — your name,ask and answer simple questions about your name; complete the exchange naturally at A1.,260–380,3,Ms Lan,Mr David (or another context-appropriate named Mr/Ms character),PLANNED
0252,A1,Social Basics,saying hello,Asking and answering simple questions about saying hello,Giao tiếp cơ bản: greetings & basic social contact — saying hello,ask and answer simple questions about saying hello; complete the exchange naturally at A1.,260–380,3,Ms Lan,Ms Emma (or another context-appropriate named Mr/Ms character),PLANNED
0253,A1,Numbers and Time,numbers 0–20,Asking and answering simple questions about numbers 0–20,"Giao tiếp cơ bản: numbers, dates & time — numbers 0–20",ask and answer simple questions about numbers 0–20; complete the exchange naturally at A1.,260–380,3,Ms Lan,Mr James (or another context-appropriate named Mr/Ms character),PLANNED
0254,A1,Home,a room in the home,Asking and answering simple questions about a room in the home,Giao tiếp cơ bản: home & household — a room in the home,ask and answer simple questions about a room in the home; complete the exchange naturally at A1.,260–380,3,Ms Lan,Ms Sarah (or another context-appropriate named Mr/Ms character),PLANNED
0255,A1,Family,who a family member is,Asking and answering simple questions about who a family member is,Giao tiếp cơ bản: family & relationships — who a family member is,ask and answer simple questions about who a family member is; complete the exchange naturally at A1.,260–380,3,Ms Lan,Mr Daniel (or another context-appropriate named Mr/Ms character),PLANNED
0256,A1,Food,asking for water,Asking and answering simple questions about asking for water,Giao tiếp cơ bản: food & drink — asking for water,ask and answer simple questions about asking for water; complete the exchange naturally at A1.,260–380,3,Ms Lan,Ms Olivia (or another context-appropriate named Mr/Ms character),PLANNED
0257,A1,Shopping,the first practical exchange about shopping & payments,Asking and answering simple questions about the first practical exchange about shopping & payments,Giao tiếp cơ bản: shopping & payments — the first practical exchange about shopping & payments,ask and answer simple questions about the first practical exchange about shopping & payments; complete the exchange naturally at A1.,260–380,3,Ms Lan,Mr Thomas (or another context-appropriate named Mr/Ms character),PLANNED
0258,A1,Clothing,the first practical exchange about clothing & personal items,Asking and answering simple questions about the first practical exchange about clothing & personal items,Giao tiếp cơ bản: clothing & personal items — the first practical exchange about clothing & personal items,ask and answer simple questions about the first practical exchange about clothing & personal items; complete the exchange naturally at A1.,260–380,3,Ms Lan,Ms Sophie (or another context-appropriate named Mr/Ms character),PLANNED
0259,A1,Neighbourhood,the first practical exchange about neighbourhood & directions,Asking and answering simple questions about the first practical exchange about neighbourhood & directions,Giao tiếp cơ bản: neighbourhood & directions — the first practical exchange about neighbourhood & directions,ask and answer simple questions about the first practical exchange about neighbourhood & directions; complete the exchange naturally at A1.,260–380,3,Ms Lan,Mr Michael (or another context-appropriate named Mr/Ms character),PLANNED
0260,A1,Transport,the first practical exchange about public transport,Asking and answering simple questions about the first practical exchange about public transport,Giao tiếp cơ bản: public transport — the first practical exchange about public transport,ask and answer simple questions about the first practical exchange about public transport; complete the exchange naturally at A1.,260–380,3,Ms Lan,Ms Grace (or another context-appropriate named Mr/Ms character),PLANNED
0261,A1,Transport,the first practical exchange about taxi & ride services,Asking and answering simple questions about the first practical exchange about taxi & ride services,Giao tiếp cơ bản: taxi & ride services — the first practical exchange about taxi & ride services,ask and answer simple questions about the first practical exchange about taxi & ride services; complete the exchange naturally at A1.,260–380,3,Ms Lan,Mr Henry (or another context-appropriate named Mr/Ms character),PLANNED
0262,A1,Mobility,the first practical exchange about walking & getting around,Asking and answering simple questions about the first practical exchange about walking & getting around,Giao tiếp cơ bản: walking & getting around — the first practical exchange about walking & getting around,ask and answer simple questions about the first practical exchange about walking & getting around; complete the exchange naturally at A1.,260–380,3,Ms Lan,Ms Anna (or another context-appropriate named Mr/Ms character),PLANNED
0263,A1,Weather,the first practical exchange about weather & daily plans,Asking and answering simple questions about the first practical exchange about weather & daily plans,Giao tiếp cơ bản: weather & daily plans — the first practical exchange about weather & daily plans,ask and answer simple questions about the first practical exchange about weather & daily plans; complete the exchange naturally at A1.,260–380,3,Ms Lan,Mr David (or another context-appropriate named Mr/Ms character),PLANNED
0264,A1,Daily Life,the first practical exchange about daily routines,Asking and answering simple questions about the first practical exchange about daily routines,Giao tiếp cơ bản: daily routines — the first practical exchange about daily routines,ask and answer simple questions about the first practical exchange about daily routines; complete the exchange naturally at A1.,260–380,3,Ms Lan,Ms Emma (or another context-appropriate named Mr/Ms character),PLANNED
0265,A1,Learning,the first practical exchange about school & learning,Asking and answering simple questions about the first practical exchange about school & learning,Giao tiếp cơ bản: school & learning — the first practical exchange about school & learning,ask and answer simple questions about the first practical exchange about school & learning; complete the exchange naturally at A1.,260–380,3,Ms Lan,Mr James (or another context-appropriate named Mr/Ms character),PLANNED
0266,A1,Work,the first practical exchange about workplace everyday communication,Asking and answering simple questions about the first practical exchange about workplace everyday communication,Giao tiếp cơ bản: workplace everyday communication — the first practical exchange about workplace everyday communication,ask and answer simple questions about the first practical exchange about workplace everyday communication; complete the exchange naturally at A1.,260–380,3,Ms Lan,Ms Sarah (or another context-appropriate named Mr/Ms character),PLANNED
0267,A1,Communication,the first practical exchange about phone calls,Asking and answering simple questions about the first practical exchange about phone calls,Giao tiếp cơ bản: phone calls — the first practical exchange about phone calls,ask and answer simple questions about the first practical exchange about phone calls; complete the exchange naturally at A1.,260–380,3,Ms Lan,Mr Daniel (or another context-appropriate named Mr/Ms character),PLANNED
0268,A1,Communication,the first practical exchange about messages & everyday digital communication,Asking and answering simple questions about the first practical exchange about messages & everyday digital communication,Giao tiếp cơ bản: messages & everyday digital communication — the first practical exchange about messages & everyday digital communication,ask and answer simple questions about the first practical exchange about messages & everyday digital communication; complete the exchange naturally at A1.,260–380,3,Ms Lan,Ms Olivia (or another context-appropriate named Mr/Ms character),PLANNED
0269,A1,Scheduling,the first practical exchange about appointments & schedules,Asking and answering simple questions about the first practical exchange about appointments & schedules,Giao tiếp cơ bản: appointments & schedules — the first practical exchange about appointments & schedules,ask and answer simple questions about the first practical exchange about appointments & schedules; complete the exchange naturally at A1.,260–380,3,Ms Lan,Mr Thomas (or another context-appropriate named Mr/Ms character),PLANNED
0270,A1,Eating Out,the first practical exchange about restaurants & cafés,Asking and answering simple questions about the first practical exchange about restaurants & cafés,Giao tiếp cơ bản: restaurants & cafés — the first practical exchange about restaurants & cafés,ask and answer simple questions about the first practical exchange about restaurants & cafés; complete the exchange naturally at A1.,260–380,3,Ms Lan,Ms Sophie (or another context-appropriate named Mr/Ms character),PLANNED
0271,A1,Travel,the first practical exchange about hotels & accommodation,Asking and answering simple questions about the first practical exchange about hotels & accommodation,Giao tiếp cơ bản: hotels & accommodation — the first practical exchange about hotels & accommodation,ask and answer simple questions about the first practical exchange about hotels & accommodation; complete the exchange naturally at A1.,260–380,3,Ms Lan,Mr Michael (or another context-appropriate named Mr/Ms character),PLANNED
0272,A1,Travel,the first practical exchange about airports & flights,Asking and answering simple questions about the first practical exchange about airports & flights,Giao tiếp cơ bản: airports & flights — the first practical exchange about airports & flights,ask and answer simple questions about the first practical exchange about airports & flights; complete the exchange naturally at A1.,260–380,3,Ms Lan,Ms Grace (or another context-appropriate named Mr/Ms character),PLANNED
0273,A1,Travel,the first practical exchange about train & coach travel,Asking and answering simple questions about the first practical exchange about train & coach travel,Giao tiếp cơ bản: train & coach travel — the first practical exchange about train & coach travel,ask and answer simple questions about the first practical exchange about train & coach travel; complete the exchange naturally at A1.,260–380,3,Ms Lan,Mr Henry (or another context-appropriate named Mr/Ms character),PLANNED
0274,A1,Driving,"the first practical exchange about driving, parking & fuel","Asking and answering simple questions about the first practical exchange about driving, parking & fuel","Giao tiếp cơ bản: driving, parking & fuel — the first practical exchange about driving, parking & fuel","ask and answer simple questions about the first practical exchange about driving, parking & fuel; complete the exchange naturally at A1.",260–380,3,Ms Lan,Ms Anna (or another context-appropriate named Mr/Ms character),PLANNED
0275,A1,Health Services,the first practical exchange about health services & pharmacy,Asking and answering simple questions about the first practical exchange about health services & pharmacy,Giao tiếp cơ bản: health services & pharmacy — the first practical exchange about health services & pharmacy,ask and answer simple questions about the first practical exchange about health services & pharmacy; complete the exchange naturally at A1.,260–380,3,Ms Lan,Mr David (or another context-appropriate named Mr/Ms character),PLANNED
0276,A1,Wellbeing,the first practical exchange about fitness & wellbeing routines,Asking and answering simple questions about the first practical exchange about fitness & wellbeing routines,Giao tiếp cơ bản: fitness & wellbeing routines — the first practical exchange about fitness & wellbeing routines,ask and answer simple questions about the first practical exchange about fitness & wellbeing routines; complete the exchange naturally at A1.,260–380,3,Ms Lan,Ms Emma (or another context-appropriate named Mr/Ms character),PLANNED
0277,A1,Services,the first practical exchange about personal care services,Asking and answering simple questions about the first practical exchange about personal care services,Giao tiếp cơ bản: personal care services — the first practical exchange about personal care services,ask and answer simple questions about the first practical exchange about personal care services; complete the exchange naturally at A1.,260–380,3,Ms Lan,Mr James (or another context-appropriate named Mr/Ms character),PLANNED
0278,A1,Money,the first practical exchange about banking & everyday money,Asking and answering simple questions about the first practical exchange about banking & everyday money,Giao tiếp cơ bản: banking & everyday money — the first practical exchange about banking & everyday money,ask and answer simple questions about the first practical exchange about banking & everyday money; complete the exchange naturally at A1.,260–380,3,Ms Lan,Ms Sarah (or another context-appropriate named Mr/Ms character),PLANNED
0279,A1,Services,"the first practical exchange about post, courier & deliveries","Asking and answering simple questions about the first practical exchange about post, courier & deliveries","Giao tiếp cơ bản: post, courier & deliveries — the first practical exchange about post, courier & deliveries","ask and answer simple questions about the first practical exchange about post, courier & deliveries; complete the exchange naturally at A1.",260–380,3,Ms Lan,Mr Daniel (or another context-appropriate named Mr/Ms character),PLANNED
0280,A1,Services,the first practical exchange about repairs & home services,Asking and answering simple questions about the first practical exchange about repairs & home services,Giao tiếp cơ bản: repairs & home services — the first practical exchange about repairs & home services,ask and answer simple questions about the first practical exchange about repairs & home services; complete the exchange naturally at A1.,260–380,3,Ms Lan,Ms Olivia (or another context-appropriate named Mr/Ms character),PLANNED
0281,A1,Personal Identity,how to spell your name,Asking and answering simple questions about how to spell your name,Giao tiếp cơ bản: personal identity & introductions — how to spell your name,ask and answer simple questions about how to spell your name; complete the exchange naturally at A1.,260–380,3,Ms Lan,Mr Thomas (or another context-appropriate named Mr/Ms character),PLANNED
0282,A1,Social Basics,responding to a greeting,Asking and answering simple questions about responding to a greeting,Giao tiếp cơ bản: greetings & basic social contact — responding to a greeting,ask and answer simple questions about responding to a greeting; complete the exchange naturally at A1.,260–380,3,Ms Lan,Ms Sophie (or another context-appropriate named Mr/Ms character),PLANNED
0283,A1,Numbers and Time,a phone number,Asking and answering simple questions about a phone number,"Giao tiếp cơ bản: numbers, dates & time — a phone number",ask and answer simple questions about a phone number; complete the exchange naturally at A1.,260–380,3,Ms Lan,Mr Michael (or another context-appropriate named Mr/Ms character),PLANNED
0284,A1,Home,a common household object,Asking and answering simple questions about a common household object,Giao tiếp cơ bản: home & household — a common household object,ask and answer simple questions about a common household object; complete the exchange naturally at A1.,260–380,3,Ms Lan,Ms Grace (or another context-appropriate named Mr/Ms character),PLANNED
0285,A1,Family,a family member's name,Asking and answering simple questions about a family member's name,Giao tiếp cơ bản: family & relationships — a family member's name,ask and answer simple questions about a family member's name; complete the exchange naturally at A1.,260–380,3,Ms Lan,Mr Henry (or another context-appropriate named Mr/Ms character),PLANNED
0286,A1,Food,choosing a drink,Asking and answering simple questions about choosing a drink,Giao tiếp cơ bản: food & drink — choosing a drink,ask and answer simple questions about choosing a drink; complete the exchange naturally at A1.,260–380,3,Ms Lan,Ms Anna (or another context-appropriate named Mr/Ms character),PLANNED
0287,A1,Shopping,a routine everyday need involving shopping & payments,Asking and answering simple questions about a routine everyday need involving shopping & payments,Giao tiếp cơ bản: shopping & payments — a routine everyday need involving shopping & payments,ask and answer simple questions about a routine everyday need involving shopping & payments; complete the exchange naturally at A1.,260–380,3,Ms Lan,Mr David (or another context-appropriate named Mr/Ms character),PLANNED
0288,A1,Clothing,a routine everyday need involving clothing & personal items,Asking and answering simple questions about a routine everyday need involving clothing & personal items,Giao tiếp cơ bản: clothing & personal items — a routine everyday need involving clothing & personal items,ask and answer simple questions about a routine everyday need involving clothing & personal items; complete the exchange naturally at A1.,260–380,3,Ms Lan,Ms Emma (or another context-appropriate named Mr/Ms character),PLANNED
0289,A1,Neighbourhood,a routine everyday need involving neighbourhood & directions,Asking and answering simple questions about a routine everyday need involving neighbourhood & directions,Giao tiếp cơ bản: neighbourhood & directions — a routine everyday need involving neighbourhood & directions,ask and answer simple questions about a routine everyday need involving neighbourhood & directions; complete the exchange naturally at A1.,260–380,3,Ms Lan,Mr James (or another context-appropriate named Mr/Ms character),PLANNED
0290,A1,Transport,a routine everyday need involving public transport,Asking and answering simple questions about a routine everyday need involving public transport,Giao tiếp cơ bản: public transport — a routine everyday need involving public transport,ask and answer simple questions about a routine everyday need involving public transport; complete the exchange naturally at A1.,260–380,3,Ms Lan,Ms Sarah (or another context-appropriate named Mr/Ms character),PLANNED
0291,A1,Transport,a routine everyday need involving taxi & ride services,Asking and answering simple questions about a routine everyday need involving taxi & ride services,Giao tiếp cơ bản: taxi & ride services — a routine everyday need involving taxi & ride services,ask and answer simple questions about a routine everyday need involving taxi & ride services; complete the exchange naturally at A1.,260–380,3,Ms Lan,Mr Daniel (or another context-appropriate named Mr/Ms character),PLANNED
0292,A1,Mobility,a routine everyday need involving walking & getting around,Asking and answering simple questions about a routine everyday need involving walking & getting around,Giao tiếp cơ bản: walking & getting around — a routine everyday need involving walking & getting around,ask and answer simple questions about a routine everyday need involving walking & getting around; complete the exchange naturally at A1.,260–380,3,Ms Lan,Ms Olivia (or another context-appropriate named Mr/Ms character),PLANNED
0293,A1,Weather,a routine everyday need involving weather & daily plans,Asking and answering simple questions about a routine everyday need involving weather & daily plans,Giao tiếp cơ bản: weather & daily plans — a routine everyday need involving weather & daily plans,ask and answer simple questions about a routine everyday need involving weather & daily plans; complete the exchange naturally at A1.,260–380,3,Ms Lan,Mr Thomas (or another context-appropriate named Mr/Ms character),PLANNED
0294,A1,Daily Life,a routine everyday need involving daily routines,Asking and answering simple questions about a routine everyday need involving daily routines,Giao tiếp cơ bản: daily routines — a routine everyday need involving daily routines,ask and answer simple questions about a routine everyday need involving daily routines; complete the exchange naturally at A1.,260–380,3,Ms Lan,Ms Sophie (or another context-appropriate named Mr/Ms character),PLANNED
0295,A1,Learning,a routine everyday need involving school & learning,Asking and answering simple questions about a routine everyday need involving school & learning,Giao tiếp cơ bản: school & learning — a routine everyday need involving school & learning,ask and answer simple questions about a routine everyday need involving school & learning; complete the exchange naturally at A1.,260–380,3,Ms Lan,Mr Michael (or another context-appropriate named Mr/Ms character),PLANNED
0296,A1,Work,a routine everyday need involving workplace everyday communication,Asking and answering simple questions about a routine everyday need involving workplace everyday communication,Giao tiếp cơ bản: workplace everyday communication — a routine everyday need involving workplace everyday communication,ask and answer simple questions about a routine everyday need involving workplace everyday communication; complete the exchange naturally at A1.,260–380,3,Ms Lan,Ms Grace (or another context-appropriate named Mr/Ms character),PLANNED
0297,A1,Communication,a routine everyday need involving phone calls,Asking and answering simple questions about a routine everyday need involving phone calls,Giao tiếp cơ bản: phone calls — a routine everyday need involving phone calls,ask and answer simple questions about a routine everyday need involving phone calls; complete the exchange naturally at A1.,260–380,3,Ms Lan,Mr Henry (or another context-appropriate named Mr/Ms character),PLANNED
0298,A1,Communication,a routine everyday need involving messages & everyday digital communication,Asking and answering simple questions about a routine everyday need involving messages & everyday digital communication,Giao tiếp cơ bản: messages & everyday digital communication — a routine everyday need involving messages & everyday digital communication,ask and answer simple questions about a routine everyday need involving messages & everyday digital communication; complete the exchange naturally at A1.,260–380,3,Ms Lan,Ms Anna (or another context-appropriate named Mr/Ms character),PLANNED
0299,A1,Scheduling,a routine everyday need involving appointments & schedules,Asking and answering simple questions about a routine everyday need involving appointments & schedules,Giao tiếp cơ bản: appointments & schedules — a routine everyday need involving appointments & schedules,ask and answer simple questions about a routine everyday need involving appointments & schedules; complete the exchange naturally at A1.,260–380,3,Ms Lan,Mr David (or another context-appropriate named Mr/Ms character),PLANNED
0300,A1,Eating Out,a routine everyday need involving restaurants & cafés,Asking and answering simple questions about a routine everyday need involving restaurants & cafés,Giao tiếp cơ bản: restaurants & cafés — a routine everyday need involving restaurants & cafés,ask and answer simple questions about a routine everyday need involving restaurants & cafés; complete the exchange naturally at A1.,260–380,3,Ms Lan,Ms Emma (or another context-appropriate named Mr/Ms character),PLANNED
0301,A1,Travel,a routine everyday need involving hotels & accommodation,Asking and answering simple questions about a routine everyday need involving hotels & accommodation,Giao tiếp cơ bản: hotels & accommodation — a routine everyday need involving hotels & accommodation,ask and answer simple questions about a routine everyday need involving hotels & accommodation; complete the exchange naturally at A1.,260–380,3,Ms Lan,Mr James (or another context-appropriate named Mr/Ms character),PLANNED
0302,A1,Travel,a routine everyday need involving airports & flights,Asking and answering simple questions about a routine everyday need involving airports & flights,Giao tiếp cơ bản: airports & flights — a routine everyday need involving airports & flights,ask and answer simple questions about a routine everyday need involving airports & flights; complete the exchange naturally at A1.,260–380,3,Ms Lan,Ms Sarah (or another context-appropriate named Mr/Ms character),PLANNED
0303,A1,Travel,a routine everyday need involving train & coach travel,Asking and answering simple questions about a routine everyday need involving train & coach travel,Giao tiếp cơ bản: train & coach travel — a routine everyday need involving train & coach travel,ask and answer simple questions about a routine everyday need involving train & coach travel; complete the exchange naturally at A1.,260–380,3,Ms Lan,Mr Daniel (or another context-appropriate named Mr/Ms character),PLANNED
0304,A1,Driving,"a routine everyday need involving driving, parking & fuel","Asking and answering simple questions about a routine everyday need involving driving, parking & fuel","Giao tiếp cơ bản: driving, parking & fuel — a routine everyday need involving driving, parking & fuel","ask and answer simple questions about a routine everyday need involving driving, parking & fuel; complete the exchange naturally at A1.",260–380,3,Ms Lan,Ms Olivia (or another context-appropriate named Mr/Ms character),PLANNED
0305,A1,Health Services,a routine everyday need involving health services & pharmacy,Asking and answering simple questions about a routine everyday need involving health services & pharmacy,Giao tiếp cơ bản: health services & pharmacy — a routine everyday need involving health services & pharmacy,ask and answer simple questions about a routine everyday need involving health services & pharmacy; complete the exchange naturally at A1.,260–380,3,Ms Lan,Mr Thomas (or another context-appropriate named Mr/Ms character),PLANNED
0306,A1,Wellbeing,a routine everyday need involving fitness & wellbeing routines,Asking and answering simple questions about a routine everyday need involving fitness & wellbeing routines,Giao tiếp cơ bản: fitness & wellbeing routines — a routine everyday need involving fitness & wellbeing routines,ask and answer simple questions about a routine everyday need involving fitness & wellbeing routines; complete the exchange naturally at A1.,260–380,3,Ms Lan,Ms Sophie (or another context-appropriate named Mr/Ms character),PLANNED
0307,A1,Services,a routine everyday need involving personal care services,Asking and answering simple questions about a routine everyday need involving personal care services,Giao tiếp cơ bản: personal care services — a routine everyday need involving personal care services,ask and answer simple questions about a routine everyday need involving personal care services; complete the exchange naturally at A1.,260–380,3,Ms Lan,Mr Michael (or another context-appropriate named Mr/Ms character),PLANNED
0308,A1,Money,a routine everyday need involving banking & everyday money,Asking and answering simple questions about a routine everyday need involving banking & everyday money,Giao tiếp cơ bản: banking & everyday money — a routine everyday need involving banking & everyday money,ask and answer simple questions about a routine everyday need involving banking & everyday money; complete the exchange naturally at A1.,260–380,3,Ms Lan,Ms Grace (or another context-appropriate named Mr/Ms character),PLANNED
0309,A1,Services,"a routine everyday need involving post, courier & deliveries","Asking and answering simple questions about a routine everyday need involving post, courier & deliveries","Giao tiếp cơ bản: post, courier & deliveries — a routine everyday need involving post, courier & deliveries","ask and answer simple questions about a routine everyday need involving post, courier & deliveries; complete the exchange naturally at A1.",260–380,3,Ms Lan,Mr Henry (or another context-appropriate named Mr/Ms character),PLANNED
0310,A1,Services,a routine everyday need involving repairs & home services,Asking and answering simple questions about a routine everyday need involving repairs & home services,Giao tiếp cơ bản: repairs & home services — a routine everyday need involving repairs & home services,ask and answer simple questions about a routine everyday need involving repairs & home services; complete the exchange naturally at A1.,260–380,3,Ms Lan,Ms Anna (or another context-appropriate named Mr/Ms character),PLANNED
0311,A1,Personal Identity,where you are from,Asking and answering simple questions about where you are from,Giao tiếp cơ bản: personal identity & introductions — where you are from,ask and answer simple questions about where you are from; complete the exchange naturally at A1.,260–380,3,Ms Lan,Mr David (or another context-appropriate named Mr/Ms character),PLANNED
0312,A1,Social Basics,saying goodbye,Asking and answering simple questions about saying goodbye,Giao tiếp cơ bản: greetings & basic social contact — saying goodbye,ask and answer simple questions about saying goodbye; complete the exchange naturally at A1.,260–380,3,Ms Lan,Ms Emma (or another context-appropriate named Mr/Ms character),PLANNED
0313,A1,Numbers and Time,a price,Asking and answering simple questions about a price,"Giao tiếp cơ bản: numbers, dates & time — a price",ask and answer simple questions about a price; complete the exchange naturally at A1.,260–380,3,Ms Lan,Mr James (or another context-appropriate named Mr/Ms character),PLANNED
0314,A1,Home,where an object is,Asking and answering simple questions about where an object is,Giao tiếp cơ bản: home & household — where an object is,ask and answer simple questions about where an object is; complete the exchange naturally at A1.,260–380,3,Ms Lan,Ms Sarah (or another context-appropriate named Mr/Ms character),PLANNED
0315,A1,Family,how many people are in the family,Asking and answering simple questions about how many people are in the family,Giao tiếp cơ bản: family & relationships — how many people are in the family,ask and answer simple questions about how many people are in the family; complete the exchange naturally at A1.,260–380,3,Ms Lan,Mr Daniel (or another context-appropriate named Mr/Ms character),PLANNED
0316,A1,Food,choosing a simple food,Asking and answering simple questions about choosing a simple food,Giao tiếp cơ bản: food & drink — choosing a simple food,ask and answer simple questions about choosing a simple food; complete the exchange naturally at A1.,260–380,3,Ms Lan,Ms Olivia (or another context-appropriate named Mr/Ms character),PLANNED
0317,A1,Shopping,checking an important detail about shopping & payments,Asking and answering simple questions about checking an important detail about shopping & payments,Giao tiếp cơ bản: shopping & payments — checking an important detail about shopping & payments,ask and answer simple questions about checking an important detail about shopping & payments; complete the exchange naturally at A1.,260–380,3,Ms Lan,Mr Thomas (or another context-appropriate named Mr/Ms character),PLANNED
0318,A1,Clothing,checking an important detail about clothing & personal items,Asking and answering simple questions about checking an important detail about clothing & personal items,Giao tiếp cơ bản: clothing & personal items — checking an important detail about clothing & personal items,ask and answer simple questions about checking an important detail about clothing & personal items; complete the exchange naturally at A1.,260–380,3,Ms Lan,Ms Sophie (or another context-appropriate named Mr/Ms character),PLANNED
0319,A1,Neighbourhood,checking an important detail about neighbourhood & directions,Asking and answering simple questions about checking an important detail about neighbourhood & directions,Giao tiếp cơ bản: neighbourhood & directions — checking an important detail about neighbourhood & directions,ask and answer simple questions about checking an important detail about neighbourhood & directions; complete the exchange naturally at A1.,260–380,3,Ms Lan,Mr Michael (or another context-appropriate named Mr/Ms character),PLANNED
0320,A1,Transport,checking an important detail about public transport,Asking and answering simple questions about checking an important detail about public transport,Giao tiếp cơ bản: public transport — checking an important detail about public transport,ask and answer simple questions about checking an important detail about public transport; complete the exchange naturally at A1.,260–380,3,Ms Lan,Ms Grace (or another context-appropriate named Mr/Ms character),PLANNED
0321,A1,Transport,checking an important detail about taxi & ride services,Asking and answering simple questions about checking an important detail about taxi & ride services,Giao tiếp cơ bản: taxi & ride services — checking an important detail about taxi & ride services,ask and answer simple questions about checking an important detail about taxi & ride services; complete the exchange naturally at A1.,260–380,3,Ms Lan,Mr Henry (or another context-appropriate named Mr/Ms character),PLANNED
0322,A1,Mobility,checking an important detail about walking & getting around,Asking and answering simple questions about checking an important detail about walking & getting around,Giao tiếp cơ bản: walking & getting around — checking an important detail about walking & getting around,ask and answer simple questions about checking an important detail about walking & getting around; complete the exchange naturally at A1.,260–380,3,Ms Lan,Ms Anna (or another context-appropriate named Mr/Ms character),PLANNED
0323,A1,Weather,checking an important detail about weather & daily plans,Asking and answering simple questions about checking an important detail about weather & daily plans,Giao tiếp cơ bản: weather & daily plans — checking an important detail about weather & daily plans,ask and answer simple questions about checking an important detail about weather & daily plans; complete the exchange naturally at A1.,260–380,3,Ms Lan,Mr David (or another context-appropriate named Mr/Ms character),PLANNED
0324,A1,Daily Life,checking an important detail about daily routines,Asking and answering simple questions about checking an important detail about daily routines,Giao tiếp cơ bản: daily routines — checking an important detail about daily routines,ask and answer simple questions about checking an important detail about daily routines; complete the exchange naturally at A1.,260–380,3,Ms Lan,Ms Emma (or another context-appropriate named Mr/Ms character),PLANNED
0325,A1,Learning,checking an important detail about school & learning,Asking and answering simple questions about checking an important detail about school & learning,Giao tiếp cơ bản: school & learning — checking an important detail about school & learning,ask and answer simple questions about checking an important detail about school & learning; complete the exchange naturally at A1.,260–380,3,Ms Lan,Mr James (or another context-appropriate named Mr/Ms character),PLANNED
0326,A1,Work,checking an important detail about workplace everyday communication,Asking and answering simple questions about checking an important detail about workplace everyday communication,Giao tiếp cơ bản: workplace everyday communication — checking an important detail about workplace everyday communication,ask and answer simple questions about checking an important detail about workplace everyday communication; complete the exchange naturally at A1.,260–380,3,Ms Lan,Ms Sarah (or another context-appropriate named Mr/Ms character),PLANNED
0327,A1,Communication,checking an important detail about phone calls,Asking and answering simple questions about checking an important detail about phone calls,Giao tiếp cơ bản: phone calls — checking an important detail about phone calls,ask and answer simple questions about checking an important detail about phone calls; complete the exchange naturally at A1.,260–380,3,Ms Lan,Mr Daniel (or another context-appropriate named Mr/Ms character),PLANNED
0328,A1,Communication,checking an important detail about messages & everyday digital communication,Asking and answering simple questions about checking an important detail about messages & everyday digital communication,Giao tiếp cơ bản: messages & everyday digital communication — checking an important detail about messages & everyday digital communication,ask and answer simple questions about checking an important detail about messages & everyday digital communication; complete the exchange naturally at A1.,260–380,3,Ms Lan,Ms Olivia (or another context-appropriate named Mr/Ms character),PLANNED
0329,A1,Scheduling,checking an important detail about appointments & schedules,Asking and answering simple questions about checking an important detail about appointments & schedules,Giao tiếp cơ bản: appointments & schedules — checking an important detail about appointments & schedules,ask and answer simple questions about checking an important detail about appointments & schedules; complete the exchange naturally at A1.,260–380,3,Ms Lan,Mr Thomas (or another context-appropriate named Mr/Ms character),PLANNED
0330,A1,Eating Out,checking an important detail about restaurants & cafés,Asking and answering simple questions about checking an important detail about restaurants & cafés,Giao tiếp cơ bản: restaurants & cafés — checking an important detail about restaurants & cafés,ask and answer simple questions about checking an important detail about restaurants & cafés; complete the exchange naturally at A1.,260–380,3,Ms Lan,Ms Sophie (or another context-appropriate named Mr/Ms character),PLANNED
0331,A1,Travel,checking an important detail about hotels & accommodation,Asking and answering simple questions about checking an important detail about hotels & accommodation,Giao tiếp cơ bản: hotels & accommodation — checking an important detail about hotels & accommodation,ask and answer simple questions about checking an important detail about hotels & accommodation; complete the exchange naturally at A1.,260–380,3,Ms Lan,Mr Michael (or another context-appropriate named Mr/Ms character),PLANNED
0332,A1,Travel,checking an important detail about airports & flights,Asking and answering simple questions about checking an important detail about airports & flights,Giao tiếp cơ bản: airports & flights — checking an important detail about airports & flights,ask and answer simple questions about checking an important detail about airports & flights; complete the exchange naturally at A1.,260–380,3,Ms Lan,Ms Grace (or another context-appropriate named Mr/Ms character),PLANNED
0333,A1,Travel,checking an important detail about train & coach travel,Asking and answering simple questions about checking an important detail about train & coach travel,Giao tiếp cơ bản: train & coach travel — checking an important detail about train & coach travel,ask and answer simple questions about checking an important detail about train & coach travel; complete the exchange naturally at A1.,260–380,3,Ms Lan,Mr Henry (or another context-appropriate named Mr/Ms character),PLANNED
0334,A1,Driving,"checking an important detail about driving, parking & fuel","Asking and answering simple questions about checking an important detail about driving, parking & fuel","Giao tiếp cơ bản: driving, parking & fuel — checking an important detail about driving, parking & fuel","ask and answer simple questions about checking an important detail about driving, parking & fuel; complete the exchange naturally at A1.",260–380,3,Ms Lan,Ms Anna (or another context-appropriate named Mr/Ms character),PLANNED
0335,A1,Health Services,checking an important detail about health services & pharmacy,Asking and answering simple questions about checking an important detail about health services & pharmacy,Giao tiếp cơ bản: health services & pharmacy — checking an important detail about health services & pharmacy,ask and answer simple questions about checking an important detail about health services & pharmacy; complete the exchange naturally at A1.,260–380,3,Ms Lan,Mr David (or another context-appropriate named Mr/Ms character),PLANNED
0336,A1,Wellbeing,checking an important detail about fitness & wellbeing routines,Asking and answering simple questions about checking an important detail about fitness & wellbeing routines,Giao tiếp cơ bản: fitness & wellbeing routines — checking an important detail about fitness & wellbeing routines,ask and answer simple questions about checking an important detail about fitness & wellbeing routines; complete the exchange naturally at A1.,260–380,3,Ms Lan,Ms Emma (or another context-appropriate named Mr/Ms character),PLANNED
0337,A1,Services,checking an important detail about personal care services,Asking and answering simple questions about checking an important detail about personal care services,Giao tiếp cơ bản: personal care services — checking an important detail about personal care services,ask and answer simple questions about checking an important detail about personal care services; complete the exchange naturally at A1.,260–380,3,Ms Lan,Mr James (or another context-appropriate named Mr/Ms character),PLANNED
0338,A1,Money,checking an important detail about banking & everyday money,Asking and answering simple questions about checking an important detail about banking & everyday money,Giao tiếp cơ bản: banking & everyday money — checking an important detail about banking & everyday money,ask and answer simple questions about checking an important detail about banking & everyday money; complete the exchange naturally at A1.,260–380,3,Ms Lan,Ms Sarah (or another context-appropriate named Mr/Ms character),PLANNED
0339,A1,Services,"checking an important detail about post, courier & deliveries","Asking and answering simple questions about checking an important detail about post, courier & deliveries","Giao tiếp cơ bản: post, courier & deliveries — checking an important detail about post, courier & deliveries","ask and answer simple questions about checking an important detail about post, courier & deliveries; complete the exchange naturally at A1.",260–380,3,Ms Lan,Mr Daniel (or another context-appropriate named Mr/Ms character),PLANNED
0340,A1,Services,checking an important detail about repairs & home services,Asking and answering simple questions about checking an important detail about repairs & home services,Giao tiếp cơ bản: repairs & home services — checking an important detail about repairs & home services,ask and answer simple questions about checking an important detail about repairs & home services; complete the exchange naturally at A1.,260–380,3,Ms Lan,Ms Olivia (or another context-appropriate named Mr/Ms character),PLANNED
0341,A1,Personal Identity,where you live,Asking and answering simple questions about where you live,Giao tiếp cơ bản: personal identity & introductions — where you live,ask and answer simple questions about where you live; complete the exchange naturally at A1.,260–380,3,Ms Lan,Mr Thomas (or another context-appropriate named Mr/Ms character),PLANNED
0342,A1,Social Basics,saying thank you,Asking and answering simple questions about saying thank you,Giao tiếp cơ bản: greetings & basic social contact — saying thank you,ask and answer simple questions about saying thank you; complete the exchange naturally at A1.,260–380,3,Ms Lan,Ms Sophie (or another context-appropriate named Mr/Ms character),PLANNED
0343,A1,Numbers and Time,today's date,Asking and answering simple questions about today's date,"Giao tiếp cơ bản: numbers, dates & time — today's date",ask and answer simple questions about today's date; complete the exchange naturally at A1.,260–380,3,Ms Lan,Mr Michael (or another context-appropriate named Mr/Ms character),PLANNED
0344,A1,Home,something you need at home,Asking and answering simple questions about something you need at home,Giao tiếp cơ bản: home & household — something you need at home,ask and answer simple questions about something you need at home; complete the exchange naturally at A1.,260–380,3,Ms Lan,Ms Grace (or another context-appropriate named Mr/Ms character),PLANNED
0345,A1,Family,a simple family relationship,Asking and answering simple questions about a simple family relationship,Giao tiếp cơ bản: family & relationships — a simple family relationship,ask and answer simple questions about a simple family relationship; complete the exchange naturally at A1.,260–380,3,Ms Lan,Mr Henry (or another context-appropriate named Mr/Ms character),PLANNED
0346,A1,Food,saying you are hungry or thirsty,Asking and answering simple questions about saying you are hungry or thirsty,Giao tiếp cơ bản: food & drink — saying you are hungry or thirsty,ask and answer simple questions about saying you are hungry or thirsty; complete the exchange naturally at A1.,260–380,3,Ms Lan,Ms Anna (or another context-appropriate named Mr/Ms character),PLANNED
0347,A1,Shopping,asking for help with shopping & payments,Asking and answering simple questions about asking for help with shopping & payments,Giao tiếp cơ bản: shopping & payments — asking for help with shopping & payments,ask and answer simple questions about asking for help with shopping & payments; complete the exchange naturally at A1.,260–380,3,Ms Lan,Mr David (or another context-appropriate named Mr/Ms character),PLANNED
0348,A1,Clothing,asking for help with clothing & personal items,Asking and answering simple questions about asking for help with clothing & personal items,Giao tiếp cơ bản: clothing & personal items — asking for help with clothing & personal items,ask and answer simple questions about asking for help with clothing & personal items; complete the exchange naturally at A1.,260–380,3,Ms Lan,Ms Emma (or another context-appropriate named Mr/Ms character),PLANNED
0349,A1,Neighbourhood,asking for help with neighbourhood & directions,Asking and answering simple questions about asking for help with neighbourhood & directions,Giao tiếp cơ bản: neighbourhood & directions — asking for help with neighbourhood & directions,ask and answer simple questions about asking for help with neighbourhood & directions; complete the exchange naturally at A1.,260–380,3,Ms Lan,Mr James (or another context-appropriate named Mr/Ms character),PLANNED
0350,A1,Transport,asking for help with public transport,Asking and answering simple questions about asking for help with public transport,Giao tiếp cơ bản: public transport — asking for help with public transport,ask and answer simple questions about asking for help with public transport; complete the exchange naturally at A1.,260–380,3,Ms Lan,Ms Sarah (or another context-appropriate named Mr/Ms character),PLANNED
0351,A1,Transport,asking for help with taxi & ride services,Asking and answering simple questions about asking for help with taxi & ride services,Giao tiếp cơ bản: taxi & ride services — asking for help with taxi & ride services,ask and answer simple questions about asking for help with taxi & ride services; complete the exchange naturally at A1.,260–380,3,Ms Lan,Mr Daniel (or another context-appropriate named Mr/Ms character),PLANNED
0352,A1,Mobility,asking for help with walking & getting around,Asking and answering simple questions about asking for help with walking & getting around,Giao tiếp cơ bản: walking & getting around — asking for help with walking & getting around,ask and answer simple questions about asking for help with walking & getting around; complete the exchange naturally at A1.,260–380,3,Ms Lan,Ms Olivia (or another context-appropriate named Mr/Ms character),PLANNED
0353,A1,Weather,asking for help with weather & daily plans,Asking and answering simple questions about asking for help with weather & daily plans,Giao tiếp cơ bản: weather & daily plans — asking for help with weather & daily plans,ask and answer simple questions about asking for help with weather & daily plans; complete the exchange naturally at A1.,260–380,3,Ms Lan,Mr Thomas (or another context-appropriate named Mr/Ms character),PLANNED
0354,A1,Daily Life,asking for help with daily routines,Asking and answering simple questions about asking for help with daily routines,Giao tiếp cơ bản: daily routines — asking for help with daily routines,ask and answer simple questions about asking for help with daily routines; complete the exchange naturally at A1.,260–380,3,Ms Lan,Ms Sophie (or another context-appropriate named Mr/Ms character),PLANNED
0355,A1,Learning,asking for help with school & learning,Asking and answering simple questions about asking for help with school & learning,Giao tiếp cơ bản: school & learning — asking for help with school & learning,ask and answer simple questions about asking for help with school & learning; complete the exchange naturally at A1.,260–380,3,Ms Lan,Mr Michael (or another context-appropriate named Mr/Ms character),PLANNED
0356,A1,Work,asking for help with workplace everyday communication,Asking and answering simple questions about asking for help with workplace everyday communication,Giao tiếp cơ bản: workplace everyday communication — asking for help with workplace everyday communication,ask and answer simple questions about asking for help with workplace everyday communication; complete the exchange naturally at A1.,260–380,3,Ms Lan,Ms Grace (or another context-appropriate named Mr/Ms character),PLANNED
0357,A1,Communication,asking for help with phone calls,Asking and answering simple questions about asking for help with phone calls,Giao tiếp cơ bản: phone calls — asking for help with phone calls,ask and answer simple questions about asking for help with phone calls; complete the exchange naturally at A1.,260–380,3,Ms Lan,Mr Henry (or another context-appropriate named Mr/Ms character),PLANNED
0358,A1,Communication,asking for help with messages & everyday digital communication,Asking and answering simple questions about asking for help with messages & everyday digital communication,Giao tiếp cơ bản: messages & everyday digital communication — asking for help with messages & everyday digital communication,ask and answer simple questions about asking for help with messages & everyday digital communication; complete the exchange naturally at A1.,260–380,3,Ms Lan,Ms Anna (or another context-appropriate named Mr/Ms character),PLANNED
0359,A1,Scheduling,asking for help with appointments & schedules,Asking and answering simple questions about asking for help with appointments & schedules,Giao tiếp cơ bản: appointments & schedules — asking for help with appointments & schedules,ask and answer simple questions about asking for help with appointments & schedules; complete the exchange naturally at A1.,260–380,3,Ms Lan,Mr David (or another context-appropriate named Mr/Ms character),PLANNED
0360,A1,Eating Out,asking for help with restaurants & cafés,Asking and answering simple questions about asking for help with restaurants & cafés,Giao tiếp cơ bản: restaurants & cafés — asking for help with restaurants & cafés,ask and answer simple questions about asking for help with restaurants & cafés; complete the exchange naturally at A1.,260–380,3,Ms Lan,Ms Emma (or another context-appropriate named Mr/Ms character),PLANNED
0361,A1,Travel,asking for help with hotels & accommodation,Asking and answering simple questions about asking for help with hotels & accommodation,Giao tiếp cơ bản: hotels & accommodation — asking for help with hotels & accommodation,ask and answer simple questions about asking for help with hotels & accommodation; complete the exchange naturally at A1.,260–380,3,Ms Lan,Mr James (or another context-appropriate named Mr/Ms character),PLANNED
0362,A1,Travel,asking for help with airports & flights,Asking and answering simple questions about asking for help with airports & flights,Giao tiếp cơ bản: airports & flights — asking for help with airports & flights,ask and answer simple questions about asking for help with airports & flights; complete the exchange naturally at A1.,260–380,3,Ms Lan,Ms Sarah (or another context-appropriate named Mr/Ms character),PLANNED
0363,A1,Travel,asking for help with train & coach travel,Asking and answering simple questions about asking for help with train & coach travel,Giao tiếp cơ bản: train & coach travel — asking for help with train & coach travel,ask and answer simple questions about asking for help with train & coach travel; complete the exchange naturally at A1.,260–380,3,Ms Lan,Mr Daniel (or another context-appropriate named Mr/Ms character),PLANNED
0364,A1,Driving,"asking for help with driving, parking & fuel","Asking and answering simple questions about asking for help with driving, parking & fuel","Giao tiếp cơ bản: driving, parking & fuel — asking for help with driving, parking & fuel","ask and answer simple questions about asking for help with driving, parking & fuel; complete the exchange naturally at A1.",260–380,3,Ms Lan,Ms Olivia (or another context-appropriate named Mr/Ms character),PLANNED
0365,A1,Health Services,asking for help with health services & pharmacy,Asking and answering simple questions about asking for help with health services & pharmacy,Giao tiếp cơ bản: health services & pharmacy — asking for help with health services & pharmacy,ask and answer simple questions about asking for help with health services & pharmacy; complete the exchange naturally at A1.,260–380,3,Ms Lan,Mr Thomas (or another context-appropriate named Mr/Ms character),PLANNED
0366,A1,Wellbeing,asking for help with fitness & wellbeing routines,Asking and answering simple questions about asking for help with fitness & wellbeing routines,Giao tiếp cơ bản: fitness & wellbeing routines — asking for help with fitness & wellbeing routines,ask and answer simple questions about asking for help with fitness & wellbeing routines; complete the exchange naturally at A1.,260–380,3,Ms Lan,Ms Sophie (or another context-appropriate named Mr/Ms character),PLANNED
0367,A1,Services,asking for help with personal care services,Asking and answering simple questions about asking for help with personal care services,Giao tiếp cơ bản: personal care services — asking for help with personal care services,ask and answer simple questions about asking for help with personal care services; complete the exchange naturally at A1.,260–380,3,Ms Lan,Mr Michael (or another context-appropriate named Mr/Ms character),PLANNED
0368,A1,Money,asking for help with banking & everyday money,Asking and answering simple questions about asking for help with banking & everyday money,Giao tiếp cơ bản: banking & everyday money — asking for help with banking & everyday money,ask and answer simple questions about asking for help with banking & everyday money; complete the exchange naturally at A1.,260–380,3,Ms Lan,Ms Grace (or another context-appropriate named Mr/Ms character),PLANNED
0369,A1,Services,"asking for help with post, courier & deliveries","Asking and answering simple questions about asking for help with post, courier & deliveries","Giao tiếp cơ bản: post, courier & deliveries — asking for help with post, courier & deliveries","ask and answer simple questions about asking for help with post, courier & deliveries; complete the exchange naturally at A1.",260–380,3,Ms Lan,Mr Henry (or another context-appropriate named Mr/Ms character),PLANNED
0370,A1,Services,asking for help with repairs & home services,Asking and answering simple questions about asking for help with repairs & home services,Giao tiếp cơ bản: repairs & home services — asking for help with repairs & home services,ask and answer simple questions about asking for help with repairs & home services; complete the exchange naturally at A1.,260–380,3,Ms Lan,Ms Anna (or another context-appropriate named Mr/Ms character),PLANNED
0371,A1,Personal Identity,your age,Asking and answering simple questions about your age,Giao tiếp cơ bản: personal identity & introductions — your age,ask and answer simple questions about your age; complete the exchange naturally at A1.,260–380,3,Ms Lan,Mr David (or another context-appropriate named Mr/Ms character),PLANNED
0372,A1,Social Basics,saying sorry,Asking and answering simple questions about saying sorry,Giao tiếp cơ bản: greetings & basic social contact — saying sorry,ask and answer simple questions about saying sorry; complete the exchange naturally at A1.,260–380,3,Ms Lan,Ms Emma (or another context-appropriate named Mr/Ms character),PLANNED
0373,A1,Numbers and Time,the day of the week,Asking and answering simple questions about the day of the week,"Giao tiếp cơ bản: numbers, dates & time — the day of the week",ask and answer simple questions about the day of the week; complete the exchange naturally at A1.,260–380,3,Ms Lan,Mr James (or another context-appropriate named Mr/Ms character),PLANNED
0374,A1,Home,opening or closing something,Asking and answering simple questions about opening or closing something,Giao tiếp cơ bản: home & household — opening or closing something,ask and answer simple questions about opening or closing something; complete the exchange naturally at A1.,260–380,3,Ms Lan,Ms Sarah (or another context-appropriate named Mr/Ms character),PLANNED
0375,A1,Family,where a family member is,Asking and answering simple questions about where a family member is,Giao tiếp cơ bản: family & relationships — where a family member is,ask and answer simple questions about where a family member is; complete the exchange naturally at A1.,260–380,3,Ms Lan,Mr Daniel (or another context-appropriate named Mr/Ms character),PLANNED
0376,A1,Food,asking what something is,Asking and answering simple questions about asking what something is,Giao tiếp cơ bản: food & drink — asking what something is,ask and answer simple questions about asking what something is; complete the exchange naturally at A1.,260–380,3,Ms Lan,Ms Olivia (or another context-appropriate named Mr/Ms character),PLANNED
0377,A1,Shopping,a change or choice involving shopping & payments,Asking and answering simple questions about a change or choice involving shopping & payments,Giao tiếp cơ bản: shopping & payments — a change or choice involving shopping & payments,ask and answer simple questions about a change or choice involving shopping & payments; complete the exchange naturally at A1.,260–380,3,Ms Lan,Mr Thomas (or another context-appropriate named Mr/Ms character),PLANNED
0378,A1,Clothing,a change or choice involving clothing & personal items,Asking and answering simple questions about a change or choice involving clothing & personal items,Giao tiếp cơ bản: clothing & personal items — a change or choice involving clothing & personal items,ask and answer simple questions about a change or choice involving clothing & personal items; complete the exchange naturally at A1.,260–380,3,Ms Lan,Ms Sophie (or another context-appropriate named Mr/Ms character),PLANNED
0379,A1,Neighbourhood,a change or choice involving neighbourhood & directions,Asking and answering simple questions about a change or choice involving neighbourhood & directions,Giao tiếp cơ bản: neighbourhood & directions — a change or choice involving neighbourhood & directions,ask and answer simple questions about a change or choice involving neighbourhood & directions; complete the exchange naturally at A1.,260–380,3,Ms Lan,Mr Michael (or another context-appropriate named Mr/Ms character),PLANNED
0380,A1,Transport,a change or choice involving public transport,Asking and answering simple questions about a change or choice involving public transport,Giao tiếp cơ bản: public transport — a change or choice involving public transport,ask and answer simple questions about a change or choice involving public transport; complete the exchange naturally at A1.,260–380,3,Ms Lan,Ms Grace (or another context-appropriate named Mr/Ms character),PLANNED
0381,A1,Transport,a change or choice involving taxi & ride services,Asking and answering simple questions about a change or choice involving taxi & ride services,Giao tiếp cơ bản: taxi & ride services — a change or choice involving taxi & ride services,ask and answer simple questions about a change or choice involving taxi & ride services; complete the exchange naturally at A1.,260–380,3,Ms Lan,Mr Henry (or another context-appropriate named Mr/Ms character),PLANNED
0382,A1,Mobility,a change or choice involving walking & getting around,Asking and answering simple questions about a change or choice involving walking & getting around,Giao tiếp cơ bản: walking & getting around — a change or choice involving walking & getting around,ask and answer simple questions about a change or choice involving walking & getting around; complete the exchange naturally at A1.,260–380,3,Ms Lan,Ms Anna (or another context-appropriate named Mr/Ms character),PLANNED
0383,A1,Weather,a change or choice involving weather & daily plans,Asking and answering simple questions about a change or choice involving weather & daily plans,Giao tiếp cơ bản: weather & daily plans — a change or choice involving weather & daily plans,ask and answer simple questions about a change or choice involving weather & daily plans; complete the exchange naturally at A1.,260–380,3,Ms Lan,Mr David (or another context-appropriate named Mr/Ms character),PLANNED
0384,A1,Daily Life,a change or choice involving daily routines,Asking and answering simple questions about a change or choice involving daily routines,Giao tiếp cơ bản: daily routines — a change or choice involving daily routines,ask and answer simple questions about a change or choice involving daily routines; complete the exchange naturally at A1.,260–380,3,Ms Lan,Ms Emma (or another context-appropriate named Mr/Ms character),PLANNED
0385,A1,Learning,a change or choice involving school & learning,Asking and answering simple questions about a change or choice involving school & learning,Giao tiếp cơ bản: school & learning — a change or choice involving school & learning,ask and answer simple questions about a change or choice involving school & learning; complete the exchange naturally at A1.,260–380,3,Ms Lan,Mr James (or another context-appropriate named Mr/Ms character),PLANNED
0386,A1,Work,a change or choice involving workplace everyday communication,Asking and answering simple questions about a change or choice involving workplace everyday communication,Giao tiếp cơ bản: workplace everyday communication — a change or choice involving workplace everyday communication,ask and answer simple questions about a change or choice involving workplace everyday communication; complete the exchange naturally at A1.,260–380,3,Ms Lan,Ms Sarah (or another context-appropriate named Mr/Ms character),PLANNED
0387,A1,Communication,a change or choice involving phone calls,Asking and answering simple questions about a change or choice involving phone calls,Giao tiếp cơ bản: phone calls — a change or choice involving phone calls,ask and answer simple questions about a change or choice involving phone calls; complete the exchange naturally at A1.,260–380,3,Ms Lan,Mr Daniel (or another context-appropriate named Mr/Ms character),PLANNED
0388,A1,Communication,a change or choice involving messages & everyday digital communication,Asking and answering simple questions about a change or choice involving messages & everyday digital communication,Giao tiếp cơ bản: messages & everyday digital communication — a change or choice involving messages & everyday digital communication,ask and answer simple questions about a change or choice involving messages & everyday digital communication; complete the exchange naturally at A1.,260–380,3,Ms Lan,Ms Olivia (or another context-appropriate named Mr/Ms character),PLANNED
0389,A1,Scheduling,a change or choice involving appointments & schedules,Asking and answering simple questions about a change or choice involving appointments & schedules,Giao tiếp cơ bản: appointments & schedules — a change or choice involving appointments & schedules,ask and answer simple questions about a change or choice involving appointments & schedules; complete the exchange naturally at A1.,260–380,3,Ms Lan,Mr Thomas (or another context-appropriate named Mr/Ms character),PLANNED
0390,A1,Eating Out,a change or choice involving restaurants & cafés,Asking and answering simple questions about a change or choice involving restaurants & cafés,Giao tiếp cơ bản: restaurants & cafés — a change or choice involving restaurants & cafés,ask and answer simple questions about a change or choice involving restaurants & cafés; complete the exchange naturally at A1.,260–380,3,Ms Lan,Ms Sophie (or another context-appropriate named Mr/Ms character),PLANNED
0391,A1,Travel,a change or choice involving hotels & accommodation,Asking and answering simple questions about a change or choice involving hotels & accommodation,Giao tiếp cơ bản: hotels & accommodation — a change or choice involving hotels & accommodation,ask and answer simple questions about a change or choice involving hotels & accommodation; complete the exchange naturally at A1.,260–380,3,Ms Lan,Mr Michael (or another context-appropriate named Mr/Ms character),PLANNED
0392,A1,Travel,a change or choice involving airports & flights,Asking and answering simple questions about a change or choice involving airports & flights,Giao tiếp cơ bản: airports & flights — a change or choice involving airports & flights,ask and answer simple questions about a change or choice involving airports & flights; complete the exchange naturally at A1.,260–380,3,Ms Lan,Ms Grace (or another context-appropriate named Mr/Ms character),PLANNED
0393,A1,Travel,a change or choice involving train & coach travel,Asking and answering simple questions about a change or choice involving train & coach travel,Giao tiếp cơ bản: train & coach travel — a change or choice involving train & coach travel,ask and answer simple questions about a change or choice involving train & coach travel; complete the exchange naturally at A1.,260–380,3,Ms Lan,Mr Henry (or another context-appropriate named Mr/Ms character),PLANNED
0394,A1,Driving,"a change or choice involving driving, parking & fuel","Asking and answering simple questions about a change or choice involving driving, parking & fuel","Giao tiếp cơ bản: driving, parking & fuel — a change or choice involving driving, parking & fuel","ask and answer simple questions about a change or choice involving driving, parking & fuel; complete the exchange naturally at A1.",260–380,3,Ms Lan,Ms Anna (or another context-appropriate named Mr/Ms character),PLANNED
0395,A1,Health Services,a change or choice involving health services & pharmacy,Asking and answering simple questions about a change or choice involving health services & pharmacy,Giao tiếp cơ bản: health services & pharmacy — a change or choice involving health services & pharmacy,ask and answer simple questions about a change or choice involving health services & pharmacy; complete the exchange naturally at A1.,260–380,3,Ms Lan,Mr David (or another context-appropriate named Mr/Ms character),PLANNED
0396,A1,Wellbeing,a change or choice involving fitness & wellbeing routines,Asking and answering simple questions about a change or choice involving fitness & wellbeing routines,Giao tiếp cơ bản: fitness & wellbeing routines — a change or choice involving fitness & wellbeing routines,ask and answer simple questions about a change or choice involving fitness & wellbeing routines; complete the exchange naturally at A1.,260–380,3,Ms Lan,Ms Emma (or another context-appropriate named Mr/Ms character),PLANNED
0397,A1,Services,a change or choice involving personal care services,Asking and answering simple questions about a change or choice involving personal care services,Giao tiếp cơ bản: personal care services — a change or choice involving personal care services,ask and answer simple questions about a change or choice involving personal care services; complete the exchange naturally at A1.,260–380,3,Ms Lan,Mr James (or another context-appropriate named Mr/Ms character),PLANNED
0398,A1,Money,a change or choice involving banking & everyday money,Asking and answering simple questions about a change or choice involving banking & everyday money,Giao tiếp cơ bản: banking & everyday money — a change or choice involving banking & everyday money,ask and answer simple questions about a change or choice involving banking & everyday money; complete the exchange naturally at A1.,260–380,3,Ms Lan,Ms Sarah (or another context-appropriate named Mr/Ms character),PLANNED
0399,A1,Services,"a change or choice involving post, courier & deliveries","Asking and answering simple questions about a change or choice involving post, courier & deliveries","Giao tiếp cơ bản: post, courier & deliveries — a change or choice involving post, courier & deliveries","ask and answer simple questions about a change or choice involving post, courier & deliveries; complete the exchange naturally at A1.",260–380,3,Ms Lan,Mr Daniel (or another context-appropriate named Mr/Ms character),PLANNED
0400,A1,Services,a change or choice involving repairs & home services,Asking and answering simple questions about a change or choice involving repairs & home services,Giao tiếp cơ bản: repairs & home services — a change or choice involving repairs & home services,ask and answer simple questions about a change or choice involving repairs & home services; complete the exchange naturally at A1.,260–380,3,Ms Lan,Ms Olivia (or another context-appropriate named Mr/Ms character),PLANNED
0401,A1,Personal Identity,your phone number,Asking and answering simple questions about your phone number,Giao tiếp cơ bản: personal identity & introductions — your phone number,ask and answer simple questions about your phone number; complete the exchange naturally at A1.,260–380,3,Ms Lan,Mr Thomas (or another context-appropriate named Mr/Ms character),PLANNED
0402,A1,Social Basics,getting someone's attention politely,Asking and answering simple questions about getting someone's attention politely,Giao tiếp cơ bản: greetings & basic social contact — getting someone's attention politely,ask and answer simple questions about getting someone's attention politely; complete the exchange naturally at A1.,260–380,3,Ms Lan,Ms Sophie (or another context-appropriate named Mr/Ms character),PLANNED
0403,A1,Numbers and Time,the current time,Asking and answering simple questions about the current time,"Giao tiếp cơ bản: numbers, dates & time — the current time",ask and answer simple questions about the current time; complete the exchange naturally at A1.,260–380,3,Ms Lan,Mr Michael (or another context-appropriate named Mr/Ms character),PLANNED
0404,A1,Home,a simple household instruction,Asking and answering simple questions about a simple household instruction,Giao tiếp cơ bản: home & household — a simple household instruction,ask and answer simple questions about a simple household instruction; complete the exchange naturally at A1.,260–380,3,Ms Lan,Ms Grace (or another context-appropriate named Mr/Ms character),PLANNED
0405,A1,Family,a simple family plan,Asking and answering simple questions about a simple family plan,Giao tiếp cơ bản: family & relationships — a simple family plan,ask and answer simple questions about a simple family plan; complete the exchange naturally at A1.,260–380,3,Ms Lan,Mr Henry (or another context-appropriate named Mr/Ms character),PLANNED
0406,A1,Food,a basic meal choice,Asking and answering simple questions about a basic meal choice,Giao tiếp cơ bản: food & drink — a basic meal choice,ask and answer simple questions about a basic meal choice; complete the exchange naturally at A1.,260–380,3,Ms Lan,Ms Anna (or another context-appropriate named Mr/Ms character),PLANNED
0407,A1,Shopping,a misunderstanding or problem involving shopping & payments,Asking and answering simple questions about a misunderstanding or problem involving shopping & payments,Giao tiếp cơ bản: shopping & payments — a misunderstanding or problem involving shopping & payments,ask and answer simple questions about a misunderstanding or problem involving shopping & payments; complete the exchange naturally at A1.,260–380,3,Ms Lan,Mr David (or another context-appropriate named Mr/Ms character),PLANNED
0408,A1,Clothing,a misunderstanding or problem involving clothing & personal items,Asking and answering simple questions about a misunderstanding or problem involving clothing & personal items,Giao tiếp cơ bản: clothing & personal items — a misunderstanding or problem involving clothing & personal items,ask and answer simple questions about a misunderstanding or problem involving clothing & personal items; complete the exchange naturally at A1.,260–380,3,Ms Lan,Ms Emma (or another context-appropriate named Mr/Ms character),PLANNED
0409,A1,Neighbourhood,a misunderstanding or problem involving neighbourhood & directions,Asking and answering simple questions about a misunderstanding or problem involving neighbourhood & directions,Giao tiếp cơ bản: neighbourhood & directions — a misunderstanding or problem involving neighbourhood & directions,ask and answer simple questions about a misunderstanding or problem involving neighbourhood & directions; complete the exchange naturally at A1.,260–380,3,Ms Lan,Mr James (or another context-appropriate named Mr/Ms character),PLANNED
0410,A1,Transport,a misunderstanding or problem involving public transport,Asking and answering simple questions about a misunderstanding or problem involving public transport,Giao tiếp cơ bản: public transport — a misunderstanding or problem involving public transport,ask and answer simple questions about a misunderstanding or problem involving public transport; complete the exchange naturally at A1.,260–380,3,Ms Lan,Ms Sarah (or another context-appropriate named Mr/Ms character),PLANNED
0411,A1,Transport,a misunderstanding or problem involving taxi & ride services,Asking and answering simple questions about a misunderstanding or problem involving taxi & ride services,Giao tiếp cơ bản: taxi & ride services — a misunderstanding or problem involving taxi & ride services,ask and answer simple questions about a misunderstanding or problem involving taxi & ride services; complete the exchange naturally at A1.,260–380,3,Ms Lan,Mr Daniel (or another context-appropriate named Mr/Ms character),PLANNED
0412,A1,Mobility,a misunderstanding or problem involving walking & getting around,Asking and answering simple questions about a misunderstanding or problem involving walking & getting around,Giao tiếp cơ bản: walking & getting around — a misunderstanding or problem involving walking & getting around,ask and answer simple questions about a misunderstanding or problem involving walking & getting around; complete the exchange naturally at A1.,260–380,3,Ms Lan,Ms Olivia (or another context-appropriate named Mr/Ms character),PLANNED
0413,A1,Weather,a misunderstanding or problem involving weather & daily plans,Asking and answering simple questions about a misunderstanding or problem involving weather & daily plans,Giao tiếp cơ bản: weather & daily plans — a misunderstanding or problem involving weather & daily plans,ask and answer simple questions about a misunderstanding or problem involving weather & daily plans; complete the exchange naturally at A1.,260–380,3,Ms Lan,Mr Thomas (or another context-appropriate named Mr/Ms character),PLANNED
0414,A1,Daily Life,a misunderstanding or problem involving daily routines,Asking and answering simple questions about a misunderstanding or problem involving daily routines,Giao tiếp cơ bản: daily routines — a misunderstanding or problem involving daily routines,ask and answer simple questions about a misunderstanding or problem involving daily routines; complete the exchange naturally at A1.,260–380,3,Ms Lan,Ms Sophie (or another context-appropriate named Mr/Ms character),PLANNED
0415,A1,Learning,a misunderstanding or problem involving school & learning,Asking and answering simple questions about a misunderstanding or problem involving school & learning,Giao tiếp cơ bản: school & learning — a misunderstanding or problem involving school & learning,ask and answer simple questions about a misunderstanding or problem involving school & learning; complete the exchange naturally at A1.,260–380,3,Ms Lan,Mr Michael (or another context-appropriate named Mr/Ms character),PLANNED
0416,A1,Work,a misunderstanding or problem involving workplace everyday communication,Asking and answering simple questions about a misunderstanding or problem involving workplace everyday communication,Giao tiếp cơ bản: workplace everyday communication — a misunderstanding or problem involving workplace everyday communication,ask and answer simple questions about a misunderstanding or problem involving workplace everyday communication; complete the exchange naturally at A1.,260–380,3,Ms Lan,Ms Grace (or another context-appropriate named Mr/Ms character),PLANNED
0417,A1,Communication,a misunderstanding or problem involving phone calls,Asking and answering simple questions about a misunderstanding or problem involving phone calls,Giao tiếp cơ bản: phone calls — a misunderstanding or problem involving phone calls,ask and answer simple questions about a misunderstanding or problem involving phone calls; complete the exchange naturally at A1.,260–380,3,Ms Lan,Mr Henry (or another context-appropriate named Mr/Ms character),PLANNED
0418,A1,Communication,a misunderstanding or problem involving messages & everyday digital communication,Asking and answering simple questions about a misunderstanding or problem involving messages & everyday digital communication,Giao tiếp cơ bản: messages & everyday digital communication — a misunderstanding or problem involving messages & everyday digital communication,ask and answer simple questions about a misunderstanding or problem involving messages & everyday digital communication; complete the exchange naturally at A1.,260–380,3,Ms Lan,Ms Anna (or another context-appropriate named Mr/Ms character),PLANNED
0419,A1,Scheduling,a misunderstanding or problem involving appointments & schedules,Asking and answering simple questions about a misunderstanding or problem involving appointments & schedules,Giao tiếp cơ bản: appointments & schedules — a misunderstanding or problem involving appointments & schedules,ask and answer simple questions about a misunderstanding or problem involving appointments & schedules; complete the exchange naturally at A1.,260–380,3,Ms Lan,Mr David (or another context-appropriate named Mr/Ms character),PLANNED
0420,A1,Eating Out,a misunderstanding or problem involving restaurants & cafés,Asking and answering simple questions about a misunderstanding or problem involving restaurants & cafés,Giao tiếp cơ bản: restaurants & cafés — a misunderstanding or problem involving restaurants & cafés,ask and answer simple questions about a misunderstanding or problem involving restaurants & cafés; complete the exchange naturally at A1.,260–380,3,Ms Lan,Ms Emma (or another context-appropriate named Mr/Ms character),PLANNED
0421,A1,Travel,a misunderstanding or problem involving hotels & accommodation,Asking and answering simple questions about a misunderstanding or problem involving hotels & accommodation,Giao tiếp cơ bản: hotels & accommodation — a misunderstanding or problem involving hotels & accommodation,ask and answer simple questions about a misunderstanding or problem involving hotels & accommodation; complete the exchange naturally at A1.,260–380,3,Ms Lan,Mr James (or another context-appropriate named Mr/Ms character),PLANNED
0422,A1,Travel,a misunderstanding or problem involving airports & flights,Asking and answering simple questions about a misunderstanding or problem involving airports & flights,Giao tiếp cơ bản: airports & flights — a misunderstanding or problem involving airports & flights,ask and answer simple questions about a misunderstanding or problem involving airports & flights; complete the exchange naturally at A1.,260–380,3,Ms Lan,Ms Sarah (or another context-appropriate named Mr/Ms character),PLANNED
0423,A1,Travel,a misunderstanding or problem involving train & coach travel,Asking and answering simple questions about a misunderstanding or problem involving train & coach travel,Giao tiếp cơ bản: train & coach travel — a misunderstanding or problem involving train & coach travel,ask and answer simple questions about a misunderstanding or problem involving train & coach travel; complete the exchange naturally at A1.,260–380,3,Ms Lan,Mr Daniel (or another context-appropriate named Mr/Ms character),PLANNED
0424,A1,Driving,"a misunderstanding or problem involving driving, parking & fuel","Asking and answering simple questions about a misunderstanding or problem involving driving, parking & fuel","Giao tiếp cơ bản: driving, parking & fuel — a misunderstanding or problem involving driving, parking & fuel","ask and answer simple questions about a misunderstanding or problem involving driving, parking & fuel; complete the exchange naturally at A1.",260–380,3,Ms Lan,Ms Olivia (or another context-appropriate named Mr/Ms character),PLANNED
0425,A1,Health Services,a misunderstanding or problem involving health services & pharmacy,Asking and answering simple questions about a misunderstanding or problem involving health services & pharmacy,Giao tiếp cơ bản: health services & pharmacy — a misunderstanding or problem involving health services & pharmacy,ask and answer simple questions about a misunderstanding or problem involving health services & pharmacy; complete the exchange naturally at A1.,260–380,3,Ms Lan,Mr Thomas (or another context-appropriate named Mr/Ms character),PLANNED
0426,A1,Wellbeing,a misunderstanding or problem involving fitness & wellbeing routines,Asking and answering simple questions about a misunderstanding or problem involving fitness & wellbeing routines,Giao tiếp cơ bản: fitness & wellbeing routines — a misunderstanding or problem involving fitness & wellbeing routines,ask and answer simple questions about a misunderstanding or problem involving fitness & wellbeing routines; complete the exchange naturally at A1.,260–380,3,Ms Lan,Ms Sophie (or another context-appropriate named Mr/Ms character),PLANNED
0427,A1,Services,a misunderstanding or problem involving personal care services,Asking and answering simple questions about a misunderstanding or problem involving personal care services,Giao tiếp cơ bản: personal care services — a misunderstanding or problem involving personal care services,ask and answer simple questions about a misunderstanding or problem involving personal care services; complete the exchange naturally at A1.,260–380,3,Ms Lan,Mr Michael (or another context-appropriate named Mr/Ms character),PLANNED
0428,A1,Money,a misunderstanding or problem involving banking & everyday money,Asking and answering simple questions about a misunderstanding or problem involving banking & everyday money,Giao tiếp cơ bản: banking & everyday money — a misunderstanding or problem involving banking & everyday money,ask and answer simple questions about a misunderstanding or problem involving banking & everyday money; complete the exchange naturally at A1.,260–380,3,Ms Lan,Ms Grace (or another context-appropriate named Mr/Ms character),PLANNED
0429,A1,Services,"a misunderstanding or problem involving post, courier & deliveries","Asking and answering simple questions about a misunderstanding or problem involving post, courier & deliveries","Giao tiếp cơ bản: post, courier & deliveries — a misunderstanding or problem involving post, courier & deliveries","ask and answer simple questions about a misunderstanding or problem involving post, courier & deliveries; complete the exchange naturally at A1.",260–380,3,Ms Lan,Mr Henry (or another context-appropriate named Mr/Ms character),PLANNED
0430,A1,Services,a misunderstanding or problem involving repairs & home services,Asking and answering simple questions about a misunderstanding or problem involving repairs & home services,Giao tiếp cơ bản: repairs & home services — a misunderstanding or problem involving repairs & home services,ask and answer simple questions about a misunderstanding or problem involving repairs & home services; complete the exchange naturally at A1.,260–380,3,Ms Lan,Ms Anna (or another context-appropriate named Mr/Ms character),PLANNED
0431,A1,Personal Identity,your name,Making a simple request about your name,Giao tiếp cơ bản: personal identity & introductions — your name,make a simple request about your name; complete the exchange naturally at A1.,260–380,3,Ms Lan,Mr David (or another context-appropriate named Mr/Ms character),PLANNED
0432,A1,Social Basics,saying hello,Making a simple request about saying hello,Giao tiếp cơ bản: greetings & basic social contact — saying hello,make a simple request about saying hello; complete the exchange naturally at A1.,260–380,3,Ms Lan,Ms Emma (or another context-appropriate named Mr/Ms character),PLANNED
0433,A1,Numbers and Time,numbers 0–20,Making a simple request about numbers 0–20,"Giao tiếp cơ bản: numbers, dates & time — numbers 0–20",make a simple request about numbers 0–20; complete the exchange naturally at A1.,260–380,3,Ms Lan,Mr James (or another context-appropriate named Mr/Ms character),PLANNED
0434,A1,Home,a room in the home,Making a simple request about a room in the home,Giao tiếp cơ bản: home & household — a room in the home,make a simple request about a room in the home; complete the exchange naturally at A1.,260–380,3,Ms Lan,Ms Sarah (or another context-appropriate named Mr/Ms character),PLANNED
0435,A1,Family,who a family member is,Making a simple request about who a family member is,Giao tiếp cơ bản: family & relationships — who a family member is,make a simple request about who a family member is; complete the exchange naturally at A1.,260–380,3,Ms Lan,Mr Daniel (or another context-appropriate named Mr/Ms character),PLANNED
0436,A1,Food,asking for water,Making a simple request about asking for water,Giao tiếp cơ bản: food & drink — asking for water,make a simple request about asking for water; complete the exchange naturally at A1.,260–380,3,Ms Lan,Ms Olivia (or another context-appropriate named Mr/Ms character),PLANNED
0437,A1,Shopping,the first practical exchange about shopping & payments,Making a simple request about the first practical exchange about shopping & payments,Giao tiếp cơ bản: shopping & payments — the first practical exchange about shopping & payments,make a simple request about the first practical exchange about shopping & payments; complete the exchange naturally at A1.,260–380,3,Ms Lan,Mr Thomas (or another context-appropriate named Mr/Ms character),PLANNED
0438,A1,Clothing,the first practical exchange about clothing & personal items,Making a simple request about the first practical exchange about clothing & personal items,Giao tiếp cơ bản: clothing & personal items — the first practical exchange about clothing & personal items,make a simple request about the first practical exchange about clothing & personal items; complete the exchange naturally at A1.,260–380,3,Ms Lan,Ms Sophie (or another context-appropriate named Mr/Ms character),PLANNED
0439,A1,Neighbourhood,the first practical exchange about neighbourhood & directions,Making a simple request about the first practical exchange about neighbourhood & directions,Giao tiếp cơ bản: neighbourhood & directions — the first practical exchange about neighbourhood & directions,make a simple request about the first practical exchange about neighbourhood & directions; complete the exchange naturally at A1.,260–380,3,Ms Lan,Mr Michael (or another context-appropriate named Mr/Ms character),PLANNED
0440,A1,Transport,the first practical exchange about public transport,Making a simple request about the first practical exchange about public transport,Giao tiếp cơ bản: public transport — the first practical exchange about public transport,make a simple request about the first practical exchange about public transport; complete the exchange naturally at A1.,260–380,3,Ms Lan,Ms Grace (or another context-appropriate named Mr/Ms character),PLANNED
0441,A1,Transport,the first practical exchange about taxi & ride services,Making a simple request about the first practical exchange about taxi & ride services,Giao tiếp cơ bản: taxi & ride services — the first practical exchange about taxi & ride services,make a simple request about the first practical exchange about taxi & ride services; complete the exchange naturally at A1.,260–380,3,Ms Lan,Mr Henry (or another context-appropriate named Mr/Ms character),PLANNED
0442,A1,Mobility,the first practical exchange about walking & getting around,Making a simple request about the first practical exchange about walking & getting around,Giao tiếp cơ bản: walking & getting around — the first practical exchange about walking & getting around,make a simple request about the first practical exchange about walking & getting around; complete the exchange naturally at A1.,260–380,3,Ms Lan,Ms Anna (or another context-appropriate named Mr/Ms character),PLANNED
0443,A1,Weather,the first practical exchange about weather & daily plans,Making a simple request about the first practical exchange about weather & daily plans,Giao tiếp cơ bản: weather & daily plans — the first practical exchange about weather & daily plans,make a simple request about the first practical exchange about weather & daily plans; complete the exchange naturally at A1.,260–380,3,Ms Lan,Mr David (or another context-appropriate named Mr/Ms character),PLANNED
0444,A1,Daily Life,the first practical exchange about daily routines,Making a simple request about the first practical exchange about daily routines,Giao tiếp cơ bản: daily routines — the first practical exchange about daily routines,make a simple request about the first practical exchange about daily routines; complete the exchange naturally at A1.,260–380,3,Ms Lan,Ms Emma (or another context-appropriate named Mr/Ms character),PLANNED
0445,A1,Learning,the first practical exchange about school & learning,Making a simple request about the first practical exchange about school & learning,Giao tiếp cơ bản: school & learning — the first practical exchange about school & learning,make a simple request about the first practical exchange about school & learning; complete the exchange naturally at A1.,260–380,3,Ms Lan,Mr James (or another context-appropriate named Mr/Ms character),PLANNED
0446,A1,Work,the first practical exchange about workplace everyday communication,Making a simple request about the first practical exchange about workplace everyday communication,Giao tiếp cơ bản: workplace everyday communication — the first practical exchange about workplace everyday communication,make a simple request about the first practical exchange about workplace everyday communication; complete the exchange naturally at A1.,260–380,3,Ms Lan,Ms Sarah (or another context-appropriate named Mr/Ms character),PLANNED
0447,A1,Communication,the first practical exchange about phone calls,Making a simple request about the first practical exchange about phone calls,Giao tiếp cơ bản: phone calls — the first practical exchange about phone calls,make a simple request about the first practical exchange about phone calls; complete the exchange naturally at A1.,260–380,3,Ms Lan,Mr Daniel (or another context-appropriate named Mr/Ms character),PLANNED
0448,A1,Communication,the first practical exchange about messages & everyday digital communication,Making a simple request about the first practical exchange about messages & everyday digital communication,Giao tiếp cơ bản: messages & everyday digital communication — the first practical exchange about messages & everyday digital communication,make a simple request about the first practical exchange about messages & everyday digital communication; complete the exchange naturally at A1.,260–380,3,Ms Lan,Ms Olivia (or another context-appropriate named Mr/Ms character),PLANNED
0449,A1,Scheduling,the first practical exchange about appointments & schedules,Making a simple request about the first practical exchange about appointments & schedules,Giao tiếp cơ bản: appointments & schedules — the first practical exchange about appointments & schedules,make a simple request about the first practical exchange about appointments & schedules; complete the exchange naturally at A1.,260–380,3,Ms Lan,Mr Thomas (or another context-appropriate named Mr/Ms character),PLANNED
0450,A1,Eating Out,the first practical exchange about restaurants & cafés,Making a simple request about the first practical exchange about restaurants & cafés,Giao tiếp cơ bản: restaurants & cafés — the first practical exchange about restaurants & cafés,make a simple request about the first practical exchange about restaurants & cafés; complete the exchange naturally at A1.,260–380,3,Ms Lan,Ms Sophie (or another context-appropriate named Mr/Ms character),PLANNED
0451,A1,Travel,the first practical exchange about hotels & accommodation,Making a simple request about the first practical exchange about hotels & accommodation,Giao tiếp cơ bản: hotels & accommodation — the first practical exchange about hotels & accommodation,make a simple request about the first practical exchange about hotels & accommodation; complete the exchange naturally at A1.,260–380,3,Ms Lan,Mr Michael (or another context-appropriate named Mr/Ms character),PLANNED
0452,A1,Travel,the first practical exchange about airports & flights,Making a simple request about the first practical exchange about airports & flights,Giao tiếp cơ bản: airports & flights — the first practical exchange about airports & flights,make a simple request about the first practical exchange about airports & flights; complete the exchange naturally at A1.,260–380,3,Ms Lan,Ms Grace (or another context-appropriate named Mr/Ms character),PLANNED
0453,A1,Travel,the first practical exchange about train & coach travel,Making a simple request about the first practical exchange about train & coach travel,Giao tiếp cơ bản: train & coach travel — the first practical exchange about train & coach travel,make a simple request about the first practical exchange about train & coach travel; complete the exchange naturally at A1.,260–380,3,Ms Lan,Mr Henry (or another context-appropriate named Mr/Ms character),PLANNED
0454,A1,Driving,"the first practical exchange about driving, parking & fuel","Making a simple request about the first practical exchange about driving, parking & fuel","Giao tiếp cơ bản: driving, parking & fuel — the first practical exchange about driving, parking & fuel","make a simple request about the first practical exchange about driving, parking & fuel; complete the exchange naturally at A1.",260–380,3,Ms Lan,Ms Anna (or another context-appropriate named Mr/Ms character),PLANNED
0455,A1,Health Services,the first practical exchange about health services & pharmacy,Making a simple request about the first practical exchange about health services & pharmacy,Giao tiếp cơ bản: health services & pharmacy — the first practical exchange about health services & pharmacy,make a simple request about the first practical exchange about health services & pharmacy; complete the exchange naturally at A1.,260–380,3,Ms Lan,Mr David (or another context-appropriate named Mr/Ms character),PLANNED
0456,A1,Wellbeing,the first practical exchange about fitness & wellbeing routines,Making a simple request about the first practical exchange about fitness & wellbeing routines,Giao tiếp cơ bản: fitness & wellbeing routines — the first practical exchange about fitness & wellbeing routines,make a simple request about the first practical exchange about fitness & wellbeing routines; complete the exchange naturally at A1.,260–380,3,Ms Lan,Ms Emma (or another context-appropriate named Mr/Ms character),PLANNED
0457,A1,Services,the first practical exchange about personal care services,Making a simple request about the first practical exchange about personal care services,Giao tiếp cơ bản: personal care services — the first practical exchange about personal care services,make a simple request about the first practical exchange about personal care services; complete the exchange naturally at A1.,260–380,3,Ms Lan,Mr James (or another context-appropriate named Mr/Ms character),PLANNED
0458,A1,Money,the first practical exchange about banking & everyday money,Making a simple request about the first practical exchange about banking & everyday money,Giao tiếp cơ bản: banking & everyday money — the first practical exchange about banking & everyday money,make a simple request about the first practical exchange about banking & everyday money; complete the exchange naturally at A1.,260–380,3,Ms Lan,Ms Sarah (or another context-appropriate named Mr/Ms character),PLANNED
0459,A1,Services,"the first practical exchange about post, courier & deliveries","Making a simple request about the first practical exchange about post, courier & deliveries","Giao tiếp cơ bản: post, courier & deliveries — the first practical exchange about post, courier & deliveries","make a simple request about the first practical exchange about post, courier & deliveries; complete the exchange naturally at A1.",260–380,3,Ms Lan,Mr Daniel (or another context-appropriate named Mr/Ms character),PLANNED
0460,A1,Services,the first practical exchange about repairs & home services,Making a simple request about the first practical exchange about repairs & home services,Giao tiếp cơ bản: repairs & home services — the first practical exchange about repairs & home services,make a simple request about the first practical exchange about repairs & home services; complete the exchange naturally at A1.,260–380,3,Ms Lan,Ms Olivia (or another context-appropriate named Mr/Ms character),PLANNED
0461,A1,Personal Identity,how to spell your name,Making a simple request about how to spell your name,Giao tiếp cơ bản: personal identity & introductions — how to spell your name,make a simple request about how to spell your name; complete the exchange naturally at A1.,260–380,3,Ms Lan,Mr Thomas (or another context-appropriate named Mr/Ms character),PLANNED
0462,A1,Social Basics,responding to a greeting,Making a simple request about responding to a greeting,Giao tiếp cơ bản: greetings & basic social contact — responding to a greeting,make a simple request about responding to a greeting; complete the exchange naturally at A1.,260–380,3,Ms Lan,Ms Sophie (or another context-appropriate named Mr/Ms character),PLANNED
0463,A1,Numbers and Time,a phone number,Making a simple request about a phone number,"Giao tiếp cơ bản: numbers, dates & time — a phone number",make a simple request about a phone number; complete the exchange naturally at A1.,260–380,3,Ms Lan,Mr Michael (or another context-appropriate named Mr/Ms character),PLANNED
0464,A1,Home,a common household object,Making a simple request about a common household object,Giao tiếp cơ bản: home & household — a common household object,make a simple request about a common household object; complete the exchange naturally at A1.,260–380,3,Ms Lan,Ms Grace (or another context-appropriate named Mr/Ms character),PLANNED
0465,A1,Family,a family member's name,Making a simple request about a family member's name,Giao tiếp cơ bản: family & relationships — a family member's name,make a simple request about a family member's name; complete the exchange naturally at A1.,260–380,3,Ms Lan,Mr Henry (or another context-appropriate named Mr/Ms character),PLANNED
0466,A1,Food,choosing a drink,Making a simple request about choosing a drink,Giao tiếp cơ bản: food & drink — choosing a drink,make a simple request about choosing a drink; complete the exchange naturally at A1.,260–380,3,Ms Lan,Ms Anna (or another context-appropriate named Mr/Ms character),PLANNED
0467,A1,Shopping,a routine everyday need involving shopping & payments,Making a simple request about a routine everyday need involving shopping & payments,Giao tiếp cơ bản: shopping & payments — a routine everyday need involving shopping & payments,make a simple request about a routine everyday need involving shopping & payments; complete the exchange naturally at A1.,260–380,3,Ms Lan,Mr David (or another context-appropriate named Mr/Ms character),PLANNED
0468,A1,Clothing,a routine everyday need involving clothing & personal items,Making a simple request about a routine everyday need involving clothing & personal items,Giao tiếp cơ bản: clothing & personal items — a routine everyday need involving clothing & personal items,make a simple request about a routine everyday need involving clothing & personal items; complete the exchange naturally at A1.,260–380,3,Ms Lan,Ms Emma (or another context-appropriate named Mr/Ms character),PLANNED
0469,A1,Neighbourhood,a routine everyday need involving neighbourhood & directions,Making a simple request about a routine everyday need involving neighbourhood & directions,Giao tiếp cơ bản: neighbourhood & directions — a routine everyday need involving neighbourhood & directions,make a simple request about a routine everyday need involving neighbourhood & directions; complete the exchange naturally at A1.,260–380,3,Ms Lan,Mr James (or another context-appropriate named Mr/Ms character),PLANNED
0470,A1,Transport,a routine everyday need involving public transport,Making a simple request about a routine everyday need involving public transport,Giao tiếp cơ bản: public transport — a routine everyday need involving public transport,make a simple request about a routine everyday need involving public transport; complete the exchange naturally at A1.,260–380,3,Ms Lan,Ms Sarah (or another context-appropriate named Mr/Ms character),PLANNED
0471,A1,Transport,a routine everyday need involving taxi & ride services,Making a simple request about a routine everyday need involving taxi & ride services,Giao tiếp cơ bản: taxi & ride services — a routine everyday need involving taxi & ride services,make a simple request about a routine everyday need involving taxi & ride services; complete the exchange naturally at A1.,260–380,3,Ms Lan,Mr Daniel (or another context-appropriate named Mr/Ms character),PLANNED
0472,A1,Mobility,a routine everyday need involving walking & getting around,Making a simple request about a routine everyday need involving walking & getting around,Giao tiếp cơ bản: walking & getting around — a routine everyday need involving walking & getting around,make a simple request about a routine everyday need involving walking & getting around; complete the exchange naturally at A1.,260–380,3,Ms Lan,Ms Olivia (or another context-appropriate named Mr/Ms character),PLANNED
0473,A1,Weather,a routine everyday need involving weather & daily plans,Making a simple request about a routine everyday need involving weather & daily plans,Giao tiếp cơ bản: weather & daily plans — a routine everyday need involving weather & daily plans,make a simple request about a routine everyday need involving weather & daily plans; complete the exchange naturally at A1.,260–380,3,Ms Lan,Mr Thomas (or another context-appropriate named Mr/Ms character),PLANNED
0474,A1,Daily Life,a routine everyday need involving daily routines,Making a simple request about a routine everyday need involving daily routines,Giao tiếp cơ bản: daily routines — a routine everyday need involving daily routines,make a simple request about a routine everyday need involving daily routines; complete the exchange naturally at A1.,260–380,3,Ms Lan,Ms Sophie (or another context-appropriate named Mr/Ms character),PLANNED
0475,A1,Learning,a routine everyday need involving school & learning,Making a simple request about a routine everyday need involving school & learning,Giao tiếp cơ bản: school & learning — a routine everyday need involving school & learning,make a simple request about a routine everyday need involving school & learning; complete the exchange naturally at A1.,260–380,3,Ms Lan,Mr Michael (or another context-appropriate named Mr/Ms character),PLANNED
0476,A1,Work,a routine everyday need involving workplace everyday communication,Making a simple request about a routine everyday need involving workplace everyday communication,Giao tiếp cơ bản: workplace everyday communication — a routine everyday need involving workplace everyday communication,make a simple request about a routine everyday need involving workplace everyday communication; complete the exchange naturally at A1.,260–380,3,Ms Lan,Ms Grace (or another context-appropriate named Mr/Ms character),PLANNED
0477,A1,Communication,a routine everyday need involving phone calls,Making a simple request about a routine everyday need involving phone calls,Giao tiếp cơ bản: phone calls — a routine everyday need involving phone calls,make a simple request about a routine everyday need involving phone calls; complete the exchange naturally at A1.,260–380,3,Ms Lan,Mr Henry (or another context-appropriate named Mr/Ms character),PLANNED
0478,A1,Communication,a routine everyday need involving messages & everyday digital communication,Making a simple request about a routine everyday need involving messages & everyday digital communication,Giao tiếp cơ bản: messages & everyday digital communication — a routine everyday need involving messages & everyday digital communication,make a simple request about a routine everyday need involving messages & everyday digital communication; complete the exchange naturally at A1.,260–380,3,Ms Lan,Ms Anna (or another context-appropriate named Mr/Ms character),PLANNED
0479,A1,Scheduling,a routine everyday need involving appointments & schedules,Making a simple request about a routine everyday need involving appointments & schedules,Giao tiếp cơ bản: appointments & schedules — a routine everyday need involving appointments & schedules,make a simple request about a routine everyday need involving appointments & schedules; complete the exchange naturally at A1.,260–380,3,Ms Lan,Mr David (or another context-appropriate named Mr/Ms character),PLANNED
0480,A1,Eating Out,a routine everyday need involving restaurants & cafés,Making a simple request about a routine everyday need involving restaurants & cafés,Giao tiếp cơ bản: restaurants & cafés — a routine everyday need involving restaurants & cafés,make a simple request about a routine everyday need involving restaurants & cafés; complete the exchange naturally at A1.,260–380,3,Ms Lan,Ms Emma (or another context-appropriate named Mr/Ms character),PLANNED
0481,A1,Travel,a routine everyday need involving hotels & accommodation,Making a simple request about a routine everyday need involving hotels & accommodation,Giao tiếp cơ bản: hotels & accommodation — a routine everyday need involving hotels & accommodation,make a simple request about a routine everyday need involving hotels & accommodation; complete the exchange naturally at A1.,260–380,3,Ms Lan,Mr James (or another context-appropriate named Mr/Ms character),PLANNED
0482,A1,Travel,a routine everyday need involving airports & flights,Making a simple request about a routine everyday need involving airports & flights,Giao tiếp cơ bản: airports & flights — a routine everyday need involving airports & flights,make a simple request about a routine everyday need involving airports & flights; complete the exchange naturally at A1.,260–380,3,Ms Lan,Ms Sarah (or another context-appropriate named Mr/Ms character),PLANNED
0483,A1,Travel,a routine everyday need involving train & coach travel,Making a simple request about a routine everyday need involving train & coach travel,Giao tiếp cơ bản: train & coach travel — a routine everyday need involving train & coach travel,make a simple request about a routine everyday need involving train & coach travel; complete the exchange naturally at A1.,260–380,3,Ms Lan,Mr Daniel (or another context-appropriate named Mr/Ms character),PLANNED
0484,A1,Driving,"a routine everyday need involving driving, parking & fuel","Making a simple request about a routine everyday need involving driving, parking & fuel","Giao tiếp cơ bản: driving, parking & fuel — a routine everyday need involving driving, parking & fuel","make a simple request about a routine everyday need involving driving, parking & fuel; complete the exchange naturally at A1.",260–380,3,Ms Lan,Ms Olivia (or another context-appropriate named Mr/Ms character),PLANNED
0485,A1,Health Services,a routine everyday need involving health services & pharmacy,Making a simple request about a routine everyday need involving health services & pharmacy,Giao tiếp cơ bản: health services & pharmacy — a routine everyday need involving health services & pharmacy,make a simple request about a routine everyday need involving health services & pharmacy; complete the exchange naturally at A1.,260–380,3,Ms Lan,Mr Thomas (or another context-appropriate named Mr/Ms character),PLANNED
0486,A1,Wellbeing,a routine everyday need involving fitness & wellbeing routines,Making a simple request about a routine everyday need involving fitness & wellbeing routines,Giao tiếp cơ bản: fitness & wellbeing routines — a routine everyday need involving fitness & wellbeing routines,make a simple request about a routine everyday need involving fitness & wellbeing routines; complete the exchange naturally at A1.,260–380,3,Ms Lan,Ms Sophie (or another context-appropriate named Mr/Ms character),PLANNED
0487,A1,Services,a routine everyday need involving personal care services,Making a simple request about a routine everyday need involving personal care services,Giao tiếp cơ bản: personal care services — a routine everyday need involving personal care services,make a simple request about a routine everyday need involving personal care services; complete the exchange naturally at A1.,260–380,3,Ms Lan,Mr Michael (or another context-appropriate named Mr/Ms character),PLANNED
0488,A1,Money,a routine everyday need involving banking & everyday money,Making a simple request about a routine everyday need involving banking & everyday money,Giao tiếp cơ bản: banking & everyday money — a routine everyday need involving banking & everyday money,make a simple request about a routine everyday need involving banking & everyday money; complete the exchange naturally at A1.,260–380,3,Ms Lan,Ms Grace (or another context-appropriate named Mr/Ms character),PLANNED
0489,A1,Services,"a routine everyday need involving post, courier & deliveries","Making a simple request about a routine everyday need involving post, courier & deliveries","Giao tiếp cơ bản: post, courier & deliveries — a routine everyday need involving post, courier & deliveries","make a simple request about a routine everyday need involving post, courier & deliveries; complete the exchange naturally at A1.",260–380,3,Ms Lan,Mr Henry (or another context-appropriate named Mr/Ms character),PLANNED
0490,A1,Services,a routine everyday need involving repairs & home services,Making a simple request about a routine everyday need involving repairs & home services,Giao tiếp cơ bản: repairs & home services — a routine everyday need involving repairs & home services,make a simple request about a routine everyday need involving repairs & home services; complete the exchange naturally at A1.,260–380,3,Ms Lan,Ms Anna (or another context-appropriate named Mr/Ms character),PLANNED
0491,A1,Personal Identity,where you are from,Making a simple request about where you are from,Giao tiếp cơ bản: personal identity & introductions — where you are from,make a simple request about where you are from; complete the exchange naturally at A1.,260–380,3,Ms Lan,Mr David (or another context-appropriate named Mr/Ms character),PLANNED
0492,A1,Social Basics,saying goodbye,Making a simple request about saying goodbye,Giao tiếp cơ bản: greetings & basic social contact — saying goodbye,make a simple request about saying goodbye; complete the exchange naturally at A1.,260–380,3,Ms Lan,Ms Emma (or another context-appropriate named Mr/Ms character),PLANNED
0493,A1,Numbers and Time,a price,Making a simple request about a price,"Giao tiếp cơ bản: numbers, dates & time — a price",make a simple request about a price; complete the exchange naturally at A1.,260–380,3,Ms Lan,Mr James (or another context-appropriate named Mr/Ms character),PLANNED
0494,A1,Home,where an object is,Making a simple request about where an object is,Giao tiếp cơ bản: home & household — where an object is,make a simple request about where an object is; complete the exchange naturally at A1.,260–380,3,Ms Lan,Ms Sarah (or another context-appropriate named Mr/Ms character),PLANNED
0495,A1,Family,how many people are in the family,Making a simple request about how many people are in the family,Giao tiếp cơ bản: family & relationships — how many people are in the family,make a simple request about how many people are in the family; complete the exchange naturally at A1.,260–380,3,Ms Lan,Mr Daniel (or another context-appropriate named Mr/Ms character),PLANNED
0496,A1,Food,choosing a simple food,Making a simple request about choosing a simple food,Giao tiếp cơ bản: food & drink — choosing a simple food,make a simple request about choosing a simple food; complete the exchange naturally at A1.,260–380,3,Ms Lan,Ms Olivia (or another context-appropriate named Mr/Ms character),PLANNED
0497,A1,Shopping,checking an important detail about shopping & payments,Making a simple request about checking an important detail about shopping & payments,Giao tiếp cơ bản: shopping & payments — checking an important detail about shopping & payments,make a simple request about checking an important detail about shopping & payments; complete the exchange naturally at A1.,260–380,3,Ms Lan,Mr Thomas (or another context-appropriate named Mr/Ms character),PLANNED
0498,A1,Clothing,checking an important detail about clothing & personal items,Making a simple request about checking an important detail about clothing & personal items,Giao tiếp cơ bản: clothing & personal items — checking an important detail about clothing & personal items,make a simple request about checking an important detail about clothing & personal items; complete the exchange naturally at A1.,260–380,3,Ms Lan,Ms Sophie (or another context-appropriate named Mr/Ms character),PLANNED
0499,A1,Neighbourhood,checking an important detail about neighbourhood & directions,Making a simple request about checking an important detail about neighbourhood & directions,Giao tiếp cơ bản: neighbourhood & directions — checking an important detail about neighbourhood & directions,make a simple request about checking an important detail about neighbourhood & directions; complete the exchange naturally at A1.,260–380,3,Ms Lan,Mr Michael (or another context-appropriate named Mr/Ms character),PLANNED
0500,A1,Transport,checking an important detail about public transport,Making a simple request about checking an important detail about public transport,Giao tiếp cơ bản: public transport — checking an important detail about public transport,make a simple request about checking an important detail about public transport; complete the exchange naturally at A1.,260–380,3,Ms Lan,Ms Grace (or another context-appropriate named Mr/Ms character),PLANNED
0501,A1,Transport,checking an important detail about taxi & ride services,Making a simple request about checking an important detail about taxi & ride services,Giao tiếp cơ bản: taxi & ride services — checking an important detail about taxi & ride services,make a simple request about checking an important detail about taxi & ride services; complete the exchange naturally at A1.,260–380,3,Ms Lan,Mr Henry (or another context-appropriate named Mr/Ms character),PLANNED
0502,A1,Mobility,checking an important detail about walking & getting around,Making a simple request about checking an important detail about walking & getting around,Giao tiếp cơ bản: walking & getting around — checking an important detail about walking & getting around,make a simple request about checking an important detail about walking & getting around; complete the exchange naturally at A1.,260–380,3,Ms Lan,Ms Anna (or another context-appropriate named Mr/Ms character),PLANNED
0503,A1,Weather,checking an important detail about weather & daily plans,Making a simple request about checking an important detail about weather & daily plans,Giao tiếp cơ bản: weather & daily plans — checking an important detail about weather & daily plans,make a simple request about checking an important detail about weather & daily plans; complete the exchange naturally at A1.,260–380,3,Ms Lan,Mr David (or another context-appropriate named Mr/Ms character),PLANNED
0504,A1,Daily Life,checking an important detail about daily routines,Making a simple request about checking an important detail about daily routines,Giao tiếp cơ bản: daily routines — checking an important detail about daily routines,make a simple request about checking an important detail about daily routines; complete the exchange naturally at A1.,260–380,3,Ms Lan,Ms Emma (or another context-appropriate named Mr/Ms character),PLANNED
0505,A1,Learning,checking an important detail about school & learning,Making a simple request about checking an important detail about school & learning,Giao tiếp cơ bản: school & learning — checking an important detail about school & learning,make a simple request about checking an important detail about school & learning; complete the exchange naturally at A1.,260–380,3,Ms Lan,Mr James (or another context-appropriate named Mr/Ms character),PLANNED
0506,A1,Work,checking an important detail about workplace everyday communication,Making a simple request about checking an important detail about workplace everyday communication,Giao tiếp cơ bản: workplace everyday communication — checking an important detail about workplace everyday communication,make a simple request about checking an important detail about workplace everyday communication; complete the exchange naturally at A1.,260–380,3,Ms Lan,Ms Sarah (or another context-appropriate named Mr/Ms character),PLANNED
0507,A1,Communication,checking an important detail about phone calls,Making a simple request about checking an important detail about phone calls,Giao tiếp cơ bản: phone calls — checking an important detail about phone calls,make a simple request about checking an important detail about phone calls; complete the exchange naturally at A1.,260–380,3,Ms Lan,Mr Daniel (or another context-appropriate named Mr/Ms character),PLANNED
0508,A1,Communication,checking an important detail about messages & everyday digital communication,Making a simple request about checking an important detail about messages & everyday digital communication,Giao tiếp cơ bản: messages & everyday digital communication — checking an important detail about messages & everyday digital communication,make a simple request about checking an important detail about messages & everyday digital communication; complete the exchange naturally at A1.,260–380,3,Ms Lan,Ms Olivia (or another context-appropriate named Mr/Ms character),PLANNED
0509,A1,Scheduling,checking an important detail about appointments & schedules,Making a simple request about checking an important detail about appointments & schedules,Giao tiếp cơ bản: appointments & schedules — checking an important detail about appointments & schedules,make a simple request about checking an important detail about appointments & schedules; complete the exchange naturally at A1.,260–380,3,Ms Lan,Mr Thomas (or another context-appropriate named Mr/Ms character),PLANNED
0510,A1,Eating Out,checking an important detail about restaurants & cafés,Making a simple request about checking an important detail about restaurants & cafés,Giao tiếp cơ bản: restaurants & cafés — checking an important detail about restaurants & cafés,make a simple request about checking an important detail about restaurants & cafés; complete the exchange naturally at A1.,260–380,3,Ms Lan,Ms Sophie (or another context-appropriate named Mr/Ms character),PLANNED
0511,A1,Travel,checking an important detail about hotels & accommodation,Making a simple request about checking an important detail about hotels & accommodation,Giao tiếp cơ bản: hotels & accommodation — checking an important detail about hotels & accommodation,make a simple request about checking an important detail about hotels & accommodation; complete the exchange naturally at A1.,260–380,3,Ms Lan,Mr Michael (or another context-appropriate named Mr/Ms character),PLANNED
0512,A1,Travel,checking an important detail about airports & flights,Making a simple request about checking an important detail about airports & flights,Giao tiếp cơ bản: airports & flights — checking an important detail about airports & flights,make a simple request about checking an important detail about airports & flights; complete the exchange naturally at A1.,260–380,3,Ms Lan,Ms Grace (or another context-appropriate named Mr/Ms character),PLANNED
0513,A1,Travel,checking an important detail about train & coach travel,Making a simple request about checking an important detail about train & coach travel,Giao tiếp cơ bản: train & coach travel — checking an important detail about train & coach travel,make a simple request about checking an important detail about train & coach travel; complete the exchange naturally at A1.,260–380,3,Ms Lan,Mr Henry (or another context-appropriate named Mr/Ms character),PLANNED
0514,A1,Driving,"checking an important detail about driving, parking & fuel","Making a simple request about checking an important detail about driving, parking & fuel","Giao tiếp cơ bản: driving, parking & fuel — checking an important detail about driving, parking & fuel","make a simple request about checking an important detail about driving, parking & fuel; complete the exchange naturally at A1.",260–380,3,Ms Lan,Ms Anna (or another context-appropriate named Mr/Ms character),PLANNED
0515,A1,Health Services,checking an important detail about health services & pharmacy,Making a simple request about checking an important detail about health services & pharmacy,Giao tiếp cơ bản: health services & pharmacy — checking an important detail about health services & pharmacy,make a simple request about checking an important detail about health services & pharmacy; complete the exchange naturally at A1.,260–380,3,Ms Lan,Mr David (or another context-appropriate named Mr/Ms character),PLANNED
0516,A1,Wellbeing,checking an important detail about fitness & wellbeing routines,Making a simple request about checking an important detail about fitness & wellbeing routines,Giao tiếp cơ bản: fitness & wellbeing routines — checking an important detail about fitness & wellbeing routines,make a simple request about checking an important detail about fitness & wellbeing routines; complete the exchange naturally at A1.,260–380,3,Ms Lan,Ms Emma (or another context-appropriate named Mr/Ms character),PLANNED
0517,A1,Services,checking an important detail about personal care services,Making a simple request about checking an important detail about personal care services,Giao tiếp cơ bản: personal care services — checking an important detail about personal care services,make a simple request about checking an important detail about personal care services; complete the exchange naturally at A1.,260–380,3,Ms Lan,Mr James (or another context-appropriate named Mr/Ms character),PLANNED
0518,A1,Money,checking an important detail about banking & everyday money,Making a simple request about checking an important detail about banking & everyday money,Giao tiếp cơ bản: banking & everyday money — checking an important detail about banking & everyday money,make a simple request about checking an important detail about banking & everyday money; complete the exchange naturally at A1.,260–380,3,Ms Lan,Ms Sarah (or another context-appropriate named Mr/Ms character),PLANNED
0519,A1,Services,"checking an important detail about post, courier & deliveries","Making a simple request about checking an important detail about post, courier & deliveries","Giao tiếp cơ bản: post, courier & deliveries — checking an important detail about post, courier & deliveries","make a simple request about checking an important detail about post, courier & deliveries; complete the exchange naturally at A1.",260–380,3,Ms Lan,Mr Daniel (or another context-appropriate named Mr/Ms character),PLANNED
0520,A1,Services,checking an important detail about repairs & home services,Making a simple request about checking an important detail about repairs & home services,Giao tiếp cơ bản: repairs & home services — checking an important detail about repairs & home services,make a simple request about checking an important detail about repairs & home services; complete the exchange naturally at A1.,260–380,3,Ms Lan,Ms Olivia (or another context-appropriate named Mr/Ms character),PLANNED
0521,A1,Personal Identity,where you live,Making a simple request about where you live,Giao tiếp cơ bản: personal identity & introductions — where you live,make a simple request about where you live; complete the exchange naturally at A1.,260–380,3,Ms Lan,Mr Thomas (or another context-appropriate named Mr/Ms character),PLANNED
0522,A1,Social Basics,saying thank you,Making a simple request about saying thank you,Giao tiếp cơ bản: greetings & basic social contact — saying thank you,make a simple request about saying thank you; complete the exchange naturally at A1.,260–380,3,Ms Lan,Ms Sophie (or another context-appropriate named Mr/Ms character),PLANNED
0523,A1,Numbers and Time,today's date,Making a simple request about today's date,"Giao tiếp cơ bản: numbers, dates & time — today's date",make a simple request about today's date; complete the exchange naturally at A1.,260–380,3,Ms Lan,Mr Michael (or another context-appropriate named Mr/Ms character),PLANNED
0524,A1,Home,something you need at home,Making a simple request about something you need at home,Giao tiếp cơ bản: home & household — something you need at home,make a simple request about something you need at home; complete the exchange naturally at A1.,260–380,3,Ms Lan,Ms Grace (or another context-appropriate named Mr/Ms character),PLANNED
0525,A1,Family,a simple family relationship,Making a simple request about a simple family relationship,Giao tiếp cơ bản: family & relationships — a simple family relationship,make a simple request about a simple family relationship; complete the exchange naturally at A1.,260–380,3,Ms Lan,Mr Henry (or another context-appropriate named Mr/Ms character),PLANNED
0526,A1,Food,saying you are hungry or thirsty,Making a simple request about saying you are hungry or thirsty,Giao tiếp cơ bản: food & drink — saying you are hungry or thirsty,make a simple request about saying you are hungry or thirsty; complete the exchange naturally at A1.,260–380,3,Ms Lan,Ms Anna (or another context-appropriate named Mr/Ms character),PLANNED
0527,A1,Shopping,asking for help with shopping & payments,Making a simple request about asking for help with shopping & payments,Giao tiếp cơ bản: shopping & payments — asking for help with shopping & payments,make a simple request about asking for help with shopping & payments; complete the exchange naturally at A1.,260–380,3,Ms Lan,Mr David (or another context-appropriate named Mr/Ms character),PLANNED
0528,A1,Clothing,asking for help with clothing & personal items,Making a simple request about asking for help with clothing & personal items,Giao tiếp cơ bản: clothing & personal items — asking for help with clothing & personal items,make a simple request about asking for help with clothing & personal items; complete the exchange naturally at A1.,260–380,3,Ms Lan,Ms Emma (or another context-appropriate named Mr/Ms character),PLANNED
0529,A1,Neighbourhood,asking for help with neighbourhood & directions,Making a simple request about asking for help with neighbourhood & directions,Giao tiếp cơ bản: neighbourhood & directions — asking for help with neighbourhood & directions,make a simple request about asking for help with neighbourhood & directions; complete the exchange naturally at A1.,260–380,3,Ms Lan,Mr James (or another context-appropriate named Mr/Ms character),PLANNED
0530,A1,Transport,asking for help with public transport,Making a simple request about asking for help with public transport,Giao tiếp cơ bản: public transport — asking for help with public transport,make a simple request about asking for help with public transport; complete the exchange naturally at A1.,260–380,3,Ms Lan,Ms Sarah (or another context-appropriate named Mr/Ms character),PLANNED
0531,A1,Transport,asking for help with taxi & ride services,Making a simple request about asking for help with taxi & ride services,Giao tiếp cơ bản: taxi & ride services — asking for help with taxi & ride services,make a simple request about asking for help with taxi & ride services; complete the exchange naturally at A1.,260–380,3,Ms Lan,Mr Daniel (or another context-appropriate named Mr/Ms character),PLANNED
0532,A1,Mobility,asking for help with walking & getting around,Making a simple request about asking for help with walking & getting around,Giao tiếp cơ bản: walking & getting around — asking for help with walking & getting around,make a simple request about asking for help with walking & getting around; complete the exchange naturally at A1.,260–380,3,Ms Lan,Ms Olivia (or another context-appropriate named Mr/Ms character),PLANNED
0533,A1,Weather,asking for help with weather & daily plans,Making a simple request about asking for help with weather & daily plans,Giao tiếp cơ bản: weather & daily plans — asking for help with weather & daily plans,make a simple request about asking for help with weather & daily plans; complete the exchange naturally at A1.,260–380,3,Ms Lan,Mr Thomas (or another context-appropriate named Mr/Ms character),PLANNED
0534,A1,Daily Life,asking for help with daily routines,Making a simple request about asking for help with daily routines,Giao tiếp cơ bản: daily routines — asking for help with daily routines,make a simple request about asking for help with daily routines; complete the exchange naturally at A1.,260–380,3,Ms Lan,Ms Sophie (or another context-appropriate named Mr/Ms character),PLANNED
0535,A1,Learning,asking for help with school & learning,Making a simple request about asking for help with school & learning,Giao tiếp cơ bản: school & learning — asking for help with school & learning,make a simple request about asking for help with school & learning; complete the exchange naturally at A1.,260–380,3,Ms Lan,Mr Michael (or another context-appropriate named Mr/Ms character),PLANNED
0536,A1,Work,asking for help with workplace everyday communication,Making a simple request about asking for help with workplace everyday communication,Giao tiếp cơ bản: workplace everyday communication — asking for help with workplace everyday communication,make a simple request about asking for help with workplace everyday communication; complete the exchange naturally at A1.,260–380,3,Ms Lan,Ms Grace (or another context-appropriate named Mr/Ms character),PLANNED
0537,A1,Communication,asking for help with phone calls,Making a simple request about asking for help with phone calls,Giao tiếp cơ bản: phone calls — asking for help with phone calls,make a simple request about asking for help with phone calls; complete the exchange naturally at A1.,260–380,3,Ms Lan,Mr Henry (or another context-appropriate named Mr/Ms character),PLANNED
0538,A1,Communication,asking for help with messages & everyday digital communication,Making a simple request about asking for help with messages & everyday digital communication,Giao tiếp cơ bản: messages & everyday digital communication — asking for help with messages & everyday digital communication,make a simple request about asking for help with messages & everyday digital communication; complete the exchange naturally at A1.,260–380,3,Ms Lan,Ms Anna (or another context-appropriate named Mr/Ms character),PLANNED
0539,A1,Scheduling,asking for help with appointments & schedules,Making a simple request about asking for help with appointments & schedules,Giao tiếp cơ bản: appointments & schedules — asking for help with appointments & schedules,make a simple request about asking for help with appointments & schedules; complete the exchange naturally at A1.,260–380,3,Ms Lan,Mr David (or another context-appropriate named Mr/Ms character),PLANNED
0540,A1,Eating Out,asking for help with restaurants & cafés,Making a simple request about asking for help with restaurants & cafés,Giao tiếp cơ bản: restaurants & cafés — asking for help with restaurants & cafés,make a simple request about asking for help with restaurants & cafés; complete the exchange naturally at A1.,260–380,3,Ms Lan,Ms Emma (or another context-appropriate named Mr/Ms character),PLANNED
0541,A1,Travel,asking for help with hotels & accommodation,Making a simple request about asking for help with hotels & accommodation,Giao tiếp cơ bản: hotels & accommodation — asking for help with hotels & accommodation,make a simple request about asking for help with hotels & accommodation; complete the exchange naturally at A1.,260–380,3,Ms Lan,Mr James (or another context-appropriate named Mr/Ms character),PLANNED
0542,A1,Travel,asking for help with airports & flights,Making a simple request about asking for help with airports & flights,Giao tiếp cơ bản: airports & flights — asking for help with airports & flights,make a simple request about asking for help with airports & flights; complete the exchange naturally at A1.,260–380,3,Ms Lan,Ms Sarah (or another context-appropriate named Mr/Ms character),PLANNED
0543,A1,Travel,asking for help with train & coach travel,Making a simple request about asking for help with train & coach travel,Giao tiếp cơ bản: train & coach travel — asking for help with train & coach travel,make a simple request about asking for help with train & coach travel; complete the exchange naturally at A1.,260–380,3,Ms Lan,Mr Daniel (or another context-appropriate named Mr/Ms character),PLANNED
0544,A1,Driving,"asking for help with driving, parking & fuel","Making a simple request about asking for help with driving, parking & fuel","Giao tiếp cơ bản: driving, parking & fuel — asking for help with driving, parking & fuel","make a simple request about asking for help with driving, parking & fuel; complete the exchange naturally at A1.",260–380,3,Ms Lan,Ms Olivia (or another context-appropriate named Mr/Ms character),PLANNED
0545,A1,Health Services,asking for help with health services & pharmacy,Making a simple request about asking for help with health services & pharmacy,Giao tiếp cơ bản: health services & pharmacy — asking for help with health services & pharmacy,make a simple request about asking for help with health services & pharmacy; complete the exchange naturally at A1.,260–380,3,Ms Lan,Mr Thomas (or another context-appropriate named Mr/Ms character),PLANNED
0546,A1,Wellbeing,asking for help with fitness & wellbeing routines,Making a simple request about asking for help with fitness & wellbeing routines,Giao tiếp cơ bản: fitness & wellbeing routines — asking for help with fitness & wellbeing routines,make a simple request about asking for help with fitness & wellbeing routines; complete the exchange naturally at A1.,260–380,3,Ms Lan,Ms Sophie (or another context-appropriate named Mr/Ms character),PLANNED
0547,A1,Services,asking for help with personal care services,Making a simple request about asking for help with personal care services,Giao tiếp cơ bản: personal care services — asking for help with personal care services,make a simple request about asking for help with personal care services; complete the exchange naturally at A1.,260–380,3,Ms Lan,Mr Michael (or another context-appropriate named Mr/Ms character),PLANNED
0548,A1,Money,asking for help with banking & everyday money,Making a simple request about asking for help with banking & everyday money,Giao tiếp cơ bản: banking & everyday money — asking for help with banking & everyday money,make a simple request about asking for help with banking & everyday money; complete the exchange naturally at A1.,260–380,3,Ms Lan,Ms Grace (or another context-appropriate named Mr/Ms character),PLANNED
0549,A1,Services,"asking for help with post, courier & deliveries","Making a simple request about asking for help with post, courier & deliveries","Giao tiếp cơ bản: post, courier & deliveries — asking for help with post, courier & deliveries","make a simple request about asking for help with post, courier & deliveries; complete the exchange naturally at A1.",260–380,3,Ms Lan,Mr Henry (or another context-appropriate named Mr/Ms character),PLANNED
0550,A1,Services,asking for help with repairs & home services,Making a simple request about asking for help with repairs & home services,Giao tiếp cơ bản: repairs & home services — asking for help with repairs & home services,make a simple request about asking for help with repairs & home services; complete the exchange naturally at A1.,260–380,3,Ms Lan,Ms Anna (or another context-appropriate named Mr/Ms character),PLANNED
0551,A1,Personal Identity,your age,Making a simple request about your age,Giao tiếp cơ bản: personal identity & introductions — your age,make a simple request about your age; complete the exchange naturally at A1.,260–380,3,Ms Lan,Mr David (or another context-appropriate named Mr/Ms character),PLANNED
0552,A1,Social Basics,saying sorry,Making a simple request about saying sorry,Giao tiếp cơ bản: greetings & basic social contact — saying sorry,make a simple request about saying sorry; complete the exchange naturally at A1.,260–380,3,Ms Lan,Ms Emma (or another context-appropriate named Mr/Ms character),PLANNED
0553,A1,Numbers and Time,the day of the week,Making a simple request about the day of the week,"Giao tiếp cơ bản: numbers, dates & time — the day of the week",make a simple request about the day of the week; complete the exchange naturally at A1.,260–380,3,Ms Lan,Mr James (or another context-appropriate named Mr/Ms character),PLANNED
0554,A1,Home,opening or closing something,Making a simple request about opening or closing something,Giao tiếp cơ bản: home & household — opening or closing something,make a simple request about opening or closing something; complete the exchange naturally at A1.,260–380,3,Ms Lan,Ms Sarah (or another context-appropriate named Mr/Ms character),PLANNED
0555,A1,Family,where a family member is,Making a simple request about where a family member is,Giao tiếp cơ bản: family & relationships — where a family member is,make a simple request about where a family member is; complete the exchange naturally at A1.,260–380,3,Ms Lan,Mr Daniel (or another context-appropriate named Mr/Ms character),PLANNED
0556,A1,Food,asking what something is,Making a simple request about asking what something is,Giao tiếp cơ bản: food & drink — asking what something is,make a simple request about asking what something is; complete the exchange naturally at A1.,260–380,3,Ms Lan,Ms Olivia (or another context-appropriate named Mr/Ms character),PLANNED
0557,A1,Shopping,a change or choice involving shopping & payments,Making a simple request about a change or choice involving shopping & payments,Giao tiếp cơ bản: shopping & payments — a change or choice involving shopping & payments,make a simple request about a change or choice involving shopping & payments; complete the exchange naturally at A1.,260–380,3,Ms Lan,Mr Thomas (or another context-appropriate named Mr/Ms character),PLANNED
0558,A1,Clothing,a change or choice involving clothing & personal items,Making a simple request about a change or choice involving clothing & personal items,Giao tiếp cơ bản: clothing & personal items — a change or choice involving clothing & personal items,make a simple request about a change or choice involving clothing & personal items; complete the exchange naturally at A1.,260–380,3,Ms Lan,Ms Sophie (or another context-appropriate named Mr/Ms character),PLANNED
0559,A1,Neighbourhood,a change or choice involving neighbourhood & directions,Making a simple request about a change or choice involving neighbourhood & directions,Giao tiếp cơ bản: neighbourhood & directions — a change or choice involving neighbourhood & directions,make a simple request about a change or choice involving neighbourhood & directions; complete the exchange naturally at A1.,260–380,3,Ms Lan,Mr Michael (or another context-appropriate named Mr/Ms character),PLANNED
0560,A1,Transport,a change or choice involving public transport,Making a simple request about a change or choice involving public transport,Giao tiếp cơ bản: public transport — a change or choice involving public transport,make a simple request about a change or choice involving public transport; complete the exchange naturally at A1.,260–380,3,Ms Lan,Ms Grace (or another context-appropriate named Mr/Ms character),PLANNED
0561,A1,Transport,a change or choice involving taxi & ride services,Making a simple request about a change or choice involving taxi & ride services,Giao tiếp cơ bản: taxi & ride services — a change or choice involving taxi & ride services,make a simple request about a change or choice involving taxi & ride services; complete the exchange naturally at A1.,260–380,3,Ms Lan,Mr Henry (or another context-appropriate named Mr/Ms character),PLANNED
0562,A1,Mobility,a change or choice involving walking & getting around,Making a simple request about a change or choice involving walking & getting around,Giao tiếp cơ bản: walking & getting around — a change or choice involving walking & getting around,make a simple request about a change or choice involving walking & getting around; complete the exchange naturally at A1.,260–380,3,Ms Lan,Ms Anna (or another context-appropriate named Mr/Ms character),PLANNED
0563,A1,Weather,a change or choice involving weather & daily plans,Making a simple request about a change or choice involving weather & daily plans,Giao tiếp cơ bản: weather & daily plans — a change or choice involving weather & daily plans,make a simple request about a change or choice involving weather & daily plans; complete the exchange naturally at A1.,260–380,3,Ms Lan,Mr David (or another context-appropriate named Mr/Ms character),PLANNED
0564,A1,Daily Life,a change or choice involving daily routines,Making a simple request about a change or choice involving daily routines,Giao tiếp cơ bản: daily routines — a change or choice involving daily routines,make a simple request about a change or choice involving daily routines; complete the exchange naturally at A1.,260–380,3,Ms Lan,Ms Emma (or another context-appropriate named Mr/Ms character),PLANNED
0565,A1,Learning,a change or choice involving school & learning,Making a simple request about a change or choice involving school & learning,Giao tiếp cơ bản: school & learning — a change or choice involving school & learning,make a simple request about a change or choice involving school & learning; complete the exchange naturally at A1.,260–380,3,Ms Lan,Mr James (or another context-appropriate named Mr/Ms character),PLANNED
0566,A1,Work,a change or choice involving workplace everyday communication,Making a simple request about a change or choice involving workplace everyday communication,Giao tiếp cơ bản: workplace everyday communication — a change or choice involving workplace everyday communication,make a simple request about a change or choice involving workplace everyday communication; complete the exchange naturally at A1.,260–380,3,Ms Lan,Ms Sarah (or another context-appropriate named Mr/Ms character),PLANNED
0567,A1,Communication,a change or choice involving phone calls,Making a simple request about a change or choice involving phone calls,Giao tiếp cơ bản: phone calls — a change or choice involving phone calls,make a simple request about a change or choice involving phone calls; complete the exchange naturally at A1.,260–380,3,Ms Lan,Mr Daniel (or another context-appropriate named Mr/Ms character),PLANNED
0568,A1,Communication,a change or choice involving messages & everyday digital communication,Making a simple request about a change or choice involving messages & everyday digital communication,Giao tiếp cơ bản: messages & everyday digital communication — a change or choice involving messages & everyday digital communication,make a simple request about a change or choice involving messages & everyday digital communication; complete the exchange naturally at A1.,260–380,3,Ms Lan,Ms Olivia (or another context-appropriate named Mr/Ms character),PLANNED
0569,A1,Scheduling,a change or choice involving appointments & schedules,Making a simple request about a change or choice involving appointments & schedules,Giao tiếp cơ bản: appointments & schedules — a change or choice involving appointments & schedules,make a simple request about a change or choice involving appointments & schedules; complete the exchange naturally at A1.,260–380,3,Ms Lan,Mr Thomas (or another context-appropriate named Mr/Ms character),PLANNED
0570,A1,Eating Out,a change or choice involving restaurants & cafés,Making a simple request about a change or choice involving restaurants & cafés,Giao tiếp cơ bản: restaurants & cafés — a change or choice involving restaurants & cafés,make a simple request about a change or choice involving restaurants & cafés; complete the exchange naturally at A1.,260–380,3,Ms Lan,Ms Sophie (or another context-appropriate named Mr/Ms character),PLANNED
0571,A1,Travel,a change or choice involving hotels & accommodation,Making a simple request about a change or choice involving hotels & accommodation,Giao tiếp cơ bản: hotels & accommodation — a change or choice involving hotels & accommodation,make a simple request about a change or choice involving hotels & accommodation; complete the exchange naturally at A1.,260–380,3,Ms Lan,Mr Michael (or another context-appropriate named Mr/Ms character),PLANNED
0572,A1,Travel,a change or choice involving airports & flights,Making a simple request about a change or choice involving airports & flights,Giao tiếp cơ bản: airports & flights — a change or choice involving airports & flights,make a simple request about a change or choice involving airports & flights; complete the exchange naturally at A1.,260–380,3,Ms Lan,Ms Grace (or another context-appropriate named Mr/Ms character),PLANNED
0573,A1,Travel,a change or choice involving train & coach travel,Making a simple request about a change or choice involving train & coach travel,Giao tiếp cơ bản: train & coach travel — a change or choice involving train & coach travel,make a simple request about a change or choice involving train & coach travel; complete the exchange naturally at A1.,260–380,3,Ms Lan,Mr Henry (or another context-appropriate named Mr/Ms character),PLANNED
0574,A1,Driving,"a change or choice involving driving, parking & fuel","Making a simple request about a change or choice involving driving, parking & fuel","Giao tiếp cơ bản: driving, parking & fuel — a change or choice involving driving, parking & fuel","make a simple request about a change or choice involving driving, parking & fuel; complete the exchange naturally at A1.",260–380,3,Ms Lan,Ms Anna (or another context-appropriate named Mr/Ms character),PLANNED
0575,A1,Health Services,a change or choice involving health services & pharmacy,Making a simple request about a change or choice involving health services & pharmacy,Giao tiếp cơ bản: health services & pharmacy — a change or choice involving health services & pharmacy,make a simple request about a change or choice involving health services & pharmacy; complete the exchange naturally at A1.,260–380,3,Ms Lan,Mr David (or another context-appropriate named Mr/Ms character),PLANNED
0576,A1,Wellbeing,a change or choice involving fitness & wellbeing routines,Making a simple request about a change or choice involving fitness & wellbeing routines,Giao tiếp cơ bản: fitness & wellbeing routines — a change or choice involving fitness & wellbeing routines,make a simple request about a change or choice involving fitness & wellbeing routines; complete the exchange naturally at A1.,260–380,3,Ms Lan,Ms Emma (or another context-appropriate named Mr/Ms character),PLANNED
0577,A1,Services,a change or choice involving personal care services,Making a simple request about a change or choice involving personal care services,Giao tiếp cơ bản: personal care services — a change or choice involving personal care services,make a simple request about a change or choice involving personal care services; complete the exchange naturally at A1.,260–380,3,Ms Lan,Mr James (or another context-appropriate named Mr/Ms character),PLANNED
0578,A1,Money,a change or choice involving banking & everyday money,Making a simple request about a change or choice involving banking & everyday money,Giao tiếp cơ bản: banking & everyday money — a change or choice involving banking & everyday money,make a simple request about a change or choice involving banking & everyday money; complete the exchange naturally at A1.,260–380,3,Ms Lan,Ms Sarah (or another context-appropriate named Mr/Ms character),PLANNED
0579,A1,Services,"a change or choice involving post, courier & deliveries","Making a simple request about a change or choice involving post, courier & deliveries","Giao tiếp cơ bản: post, courier & deliveries — a change or choice involving post, courier & deliveries","make a simple request about a change or choice involving post, courier & deliveries; complete the exchange naturally at A1.",260–380,3,Ms Lan,Mr Daniel (or another context-appropriate named Mr/Ms character),PLANNED
0580,A1,Services,a change or choice involving repairs & home services,Making a simple request about a change or choice involving repairs & home services,Giao tiếp cơ bản: repairs & home services — a change or choice involving repairs & home services,make a simple request about a change or choice involving repairs & home services; complete the exchange naturally at A1.,260–380,3,Ms Lan,Ms Olivia (or another context-appropriate named Mr/Ms character),PLANNED
0581,A1,Personal Identity,your phone number,Making a simple request about your phone number,Giao tiếp cơ bản: personal identity & introductions — your phone number,make a simple request about your phone number; complete the exchange naturally at A1.,260–380,3,Ms Lan,Mr Thomas (or another context-appropriate named Mr/Ms character),PLANNED
0582,A1,Social Basics,getting someone's attention politely,Making a simple request about getting someone's attention politely,Giao tiếp cơ bản: greetings & basic social contact — getting someone's attention politely,make a simple request about getting someone's attention politely; complete the exchange naturally at A1.,260–380,3,Ms Lan,Ms Sophie (or another context-appropriate named Mr/Ms character),PLANNED
0583,A1,Numbers and Time,the current time,Making a simple request about the current time,"Giao tiếp cơ bản: numbers, dates & time — the current time",make a simple request about the current time; complete the exchange naturally at A1.,260–380,3,Ms Lan,Mr Michael (or another context-appropriate named Mr/Ms character),PLANNED
0584,A1,Home,a simple household instruction,Making a simple request about a simple household instruction,Giao tiếp cơ bản: home & household — a simple household instruction,make a simple request about a simple household instruction; complete the exchange naturally at A1.,260–380,3,Ms Lan,Ms Grace (or another context-appropriate named Mr/Ms character),PLANNED
0585,A1,Family,a simple family plan,Making a simple request about a simple family plan,Giao tiếp cơ bản: family & relationships — a simple family plan,make a simple request about a simple family plan; complete the exchange naturally at A1.,260–380,3,Ms Lan,Mr Henry (or another context-appropriate named Mr/Ms character),PLANNED
0586,A1,Food,a basic meal choice,Making a simple request about a basic meal choice,Giao tiếp cơ bản: food & drink — a basic meal choice,make a simple request about a basic meal choice; complete the exchange naturally at A1.,260–380,3,Ms Lan,Ms Anna (or another context-appropriate named Mr/Ms character),PLANNED
0587,A1,Shopping,a misunderstanding or problem involving shopping & payments,Making a simple request about a misunderstanding or problem involving shopping & payments,Giao tiếp cơ bản: shopping & payments — a misunderstanding or problem involving shopping & payments,make a simple request about a misunderstanding or problem involving shopping & payments; complete the exchange naturally at A1.,260–380,3,Ms Lan,Mr David (or another context-appropriate named Mr/Ms character),PLANNED
0588,A1,Clothing,a misunderstanding or problem involving clothing & personal items,Making a simple request about a misunderstanding or problem involving clothing & personal items,Giao tiếp cơ bản: clothing & personal items — a misunderstanding or problem involving clothing & personal items,make a simple request about a misunderstanding or problem involving clothing & personal items; complete the exchange naturally at A1.,260–380,3,Ms Lan,Ms Emma (or another context-appropriate named Mr/Ms character),PLANNED
0589,A1,Neighbourhood,a misunderstanding or problem involving neighbourhood & directions,Making a simple request about a misunderstanding or problem involving neighbourhood & directions,Giao tiếp cơ bản: neighbourhood & directions — a misunderstanding or problem involving neighbourhood & directions,make a simple request about a misunderstanding or problem involving neighbourhood & directions; complete the exchange naturally at A1.,260–380,3,Ms Lan,Mr James (or another context-appropriate named Mr/Ms character),PLANNED
0590,A1,Transport,a misunderstanding or problem involving public transport,Making a simple request about a misunderstanding or problem involving public transport,Giao tiếp cơ bản: public transport — a misunderstanding or problem involving public transport,make a simple request about a misunderstanding or problem involving public transport; complete the exchange naturally at A1.,260–380,3,Ms Lan,Ms Sarah (or another context-appropriate named Mr/Ms character),PLANNED
0591,A1,Transport,a misunderstanding or problem involving taxi & ride services,Making a simple request about a misunderstanding or problem involving taxi & ride services,Giao tiếp cơ bản: taxi & ride services — a misunderstanding or problem involving taxi & ride services,make a simple request about a misunderstanding or problem involving taxi & ride services; complete the exchange naturally at A1.,260–380,3,Ms Lan,Mr Daniel (or another context-appropriate named Mr/Ms character),PLANNED
0592,A1,Mobility,a misunderstanding or problem involving walking & getting around,Making a simple request about a misunderstanding or problem involving walking & getting around,Giao tiếp cơ bản: walking & getting around — a misunderstanding or problem involving walking & getting around,make a simple request about a misunderstanding or problem involving walking & getting around; complete the exchange naturally at A1.,260–380,3,Ms Lan,Ms Olivia (or another context-appropriate named Mr/Ms character),PLANNED
0593,A1,Weather,a misunderstanding or problem involving weather & daily plans,Making a simple request about a misunderstanding or problem involving weather & daily plans,Giao tiếp cơ bản: weather & daily plans — a misunderstanding or problem involving weather & daily plans,make a simple request about a misunderstanding or problem involving weather & daily plans; complete the exchange naturally at A1.,260–380,3,Ms Lan,Mr Thomas (or another context-appropriate named Mr/Ms character),PLANNED
0594,A1,Daily Life,a misunderstanding or problem involving daily routines,Making a simple request about a misunderstanding or problem involving daily routines,Giao tiếp cơ bản: daily routines — a misunderstanding or problem involving daily routines,make a simple request about a misunderstanding or problem involving daily routines; complete the exchange naturally at A1.,260–380,3,Ms Lan,Ms Sophie (or another context-appropriate named Mr/Ms character),PLANNED
0595,A1,Learning,a misunderstanding or problem involving school & learning,Making a simple request about a misunderstanding or problem involving school & learning,Giao tiếp cơ bản: school & learning — a misunderstanding or problem involving school & learning,make a simple request about a misunderstanding or problem involving school & learning; complete the exchange naturally at A1.,260–380,3,Ms Lan,Mr Michael (or another context-appropriate named Mr/Ms character),PLANNED
0596,A1,Work,a misunderstanding or problem involving workplace everyday communication,Making a simple request about a misunderstanding or problem involving workplace everyday communication,Giao tiếp cơ bản: workplace everyday communication — a misunderstanding or problem involving workplace everyday communication,make a simple request about a misunderstanding or problem involving workplace everyday communication; complete the exchange naturally at A1.,260–380,3,Ms Lan,Ms Grace (or another context-appropriate named Mr/Ms character),PLANNED
0597,A1,Communication,a misunderstanding or problem involving phone calls,Making a simple request about a misunderstanding or problem involving phone calls,Giao tiếp cơ bản: phone calls — a misunderstanding or problem involving phone calls,make a simple request about a misunderstanding or problem involving phone calls; complete the exchange naturally at A1.,260–380,3,Ms Lan,Mr Henry (or another context-appropriate named Mr/Ms character),PLANNED
0598,A1,Communication,a misunderstanding or problem involving messages & everyday digital communication,Making a simple request about a misunderstanding or problem involving messages & everyday digital communication,Giao tiếp cơ bản: messages & everyday digital communication — a misunderstanding or problem involving messages & everyday digital communication,make a simple request about a misunderstanding or problem involving messages & everyday digital communication; complete the exchange naturally at A1.,260–380,3,Ms Lan,Ms Anna (or another context-appropriate named Mr/Ms character),PLANNED
0599,A1,Scheduling,a misunderstanding or problem involving appointments & schedules,Making a simple request about a misunderstanding or problem involving appointments & schedules,Giao tiếp cơ bản: appointments & schedules — a misunderstanding or problem involving appointments & schedules,make a simple request about a misunderstanding or problem involving appointments & schedules; complete the exchange naturally at A1.,260–380,3,Ms Lan,Mr David (or another context-appropriate named Mr/Ms character),PLANNED
0600,A1,Eating Out,a misunderstanding or problem involving restaurants & cafés,Making a simple request about a misunderstanding or problem involving restaurants & cafés,Giao tiếp cơ bản: restaurants & cafés — a misunderstanding or problem involving restaurants & cafés,make a simple request about a misunderstanding or problem involving restaurants & cafés; complete the exchange naturally at A1.,260–380,3,Ms Lan,Ms Emma (or another context-appropriate named Mr/Ms character),PLANNED
0601,A2,Personal Identity,your name,Completing a routine exchange about your name,Giao tiếp thường ngày: personal identity & introductions — your name,complete a routine exchange about your name; complete the exchange naturally at A2.,380–520,3–4,Ms Lan,Mr David (or another context-appropriate named Mr/Ms character),PLANNED
0602,A2,Social Basics,saying hello,Completing a routine exchange about saying hello,Giao tiếp thường ngày: greetings & basic social contact — saying hello,complete a routine exchange about saying hello; complete the exchange naturally at A2.,380–520,3–4,Ms Lan,Ms Emma (or another context-appropriate named Mr/Ms character),PLANNED
0603,A2,Numbers and Time,numbers 0–20,Completing a routine exchange about numbers 0–20,"Giao tiếp thường ngày: numbers, dates & time — numbers 0–20",complete a routine exchange about numbers 0–20; complete the exchange naturally at A2.,380–520,3–4,Ms Lan,Mr James (or another context-appropriate named Mr/Ms character),PLANNED
0604,A2,Home,a room in the home,Completing a routine exchange about a room in the home,Giao tiếp thường ngày: home & household — a room in the home,complete a routine exchange about a room in the home; complete the exchange naturally at A2.,380–520,3–4,Ms Lan,Ms Sarah (or another context-appropriate named Mr/Ms character),PLANNED
0605,A2,Family,who a family member is,Completing a routine exchange about who a family member is,Giao tiếp thường ngày: family & relationships — who a family member is,complete a routine exchange about who a family member is; complete the exchange naturally at A2.,380–520,3–4,Ms Lan,Mr Daniel (or another context-appropriate named Mr/Ms character),PLANNED
0606,A2,Food,asking for water,Completing a routine exchange about asking for water,Giao tiếp thường ngày: food & drink — asking for water,complete a routine exchange about asking for water; complete the exchange naturally at A2.,380–520,3–4,Ms Lan,Ms Olivia (or another context-appropriate named Mr/Ms character),PLANNED
0607,A2,Shopping,the first practical exchange about shopping & payments,Completing a routine exchange about the first practical exchange about shopping & payments,Giao tiếp thường ngày: shopping & payments — the first practical exchange about shopping & payments,complete a routine exchange about the first practical exchange about shopping & payments; complete the exchange naturally at A2.,380–520,3–4,Ms Lan,Mr Thomas (or another context-appropriate named Mr/Ms character),PLANNED
0608,A2,Clothing,the first practical exchange about clothing & personal items,Completing a routine exchange about the first practical exchange about clothing & personal items,Giao tiếp thường ngày: clothing & personal items — the first practical exchange about clothing & personal items,complete a routine exchange about the first practical exchange about clothing & personal items; complete the exchange naturally at A2.,380–520,3–4,Ms Lan,Ms Sophie (or another context-appropriate named Mr/Ms character),PLANNED
0609,A2,Neighbourhood,the first practical exchange about neighbourhood & directions,Completing a routine exchange about the first practical exchange about neighbourhood & directions,Giao tiếp thường ngày: neighbourhood & directions — the first practical exchange about neighbourhood & directions,complete a routine exchange about the first practical exchange about neighbourhood & directions; complete the exchange naturally at A2.,380–520,3–4,Ms Lan,Mr Michael (or another context-appropriate named Mr/Ms character),PLANNED
0610,A2,Transport,the first practical exchange about public transport,Completing a routine exchange about the first practical exchange about public transport,Giao tiếp thường ngày: public transport — the first practical exchange about public transport,complete a routine exchange about the first practical exchange about public transport; complete the exchange naturally at A2.,380–520,3–4,Ms Lan,Ms Grace (or another context-appropriate named Mr/Ms character),PLANNED
0611,A2,Transport,the first practical exchange about taxi & ride services,Completing a routine exchange about the first practical exchange about taxi & ride services,Giao tiếp thường ngày: taxi & ride services — the first practical exchange about taxi & ride services,complete a routine exchange about the first practical exchange about taxi & ride services; complete the exchange naturally at A2.,380–520,3–4,Ms Lan,Mr Henry (or another context-appropriate named Mr/Ms character),PLANNED
0612,A2,Mobility,the first practical exchange about walking & getting around,Completing a routine exchange about the first practical exchange about walking & getting around,Giao tiếp thường ngày: walking & getting around — the first practical exchange about walking & getting around,complete a routine exchange about the first practical exchange about walking & getting around; complete the exchange naturally at A2.,380–520,3–4,Ms Lan,Ms Anna (or another context-appropriate named Mr/Ms character),PLANNED
0613,A2,Weather,the first practical exchange about weather & daily plans,Completing a routine exchange about the first practical exchange about weather & daily plans,Giao tiếp thường ngày: weather & daily plans — the first practical exchange about weather & daily plans,complete a routine exchange about the first practical exchange about weather & daily plans; complete the exchange naturally at A2.,380–520,3–4,Ms Lan,Mr David (or another context-appropriate named Mr/Ms character),PLANNED
0614,A2,Daily Life,the first practical exchange about daily routines,Completing a routine exchange about the first practical exchange about daily routines,Giao tiếp thường ngày: daily routines — the first practical exchange about daily routines,complete a routine exchange about the first practical exchange about daily routines; complete the exchange naturally at A2.,380–520,3–4,Ms Lan,Ms Emma (or another context-appropriate named Mr/Ms character),PLANNED
0615,A2,Learning,the first practical exchange about school & learning,Completing a routine exchange about the first practical exchange about school & learning,Giao tiếp thường ngày: school & learning — the first practical exchange about school & learning,complete a routine exchange about the first practical exchange about school & learning; complete the exchange naturally at A2.,380–520,3–4,Ms Lan,Mr James (or another context-appropriate named Mr/Ms character),PLANNED
0616,A2,Work,the first practical exchange about workplace everyday communication,Completing a routine exchange about the first practical exchange about workplace everyday communication,Giao tiếp thường ngày: workplace everyday communication — the first practical exchange about workplace everyday communication,complete a routine exchange about the first practical exchange about workplace everyday communication; complete the exchange naturally at A2.,380–520,3–4,Ms Lan,Ms Sarah (or another context-appropriate named Mr/Ms character),PLANNED
0617,A2,Communication,the first practical exchange about phone calls,Completing a routine exchange about the first practical exchange about phone calls,Giao tiếp thường ngày: phone calls — the first practical exchange about phone calls,complete a routine exchange about the first practical exchange about phone calls; complete the exchange naturally at A2.,380–520,3–4,Ms Lan,Mr Daniel (or another context-appropriate named Mr/Ms character),PLANNED
0618,A2,Communication,the first practical exchange about messages & everyday digital communication,Completing a routine exchange about the first practical exchange about messages & everyday digital communication,Giao tiếp thường ngày: messages & everyday digital communication — the first practical exchange about messages & everyday digital communication,complete a routine exchange about the first practical exchange about messages & everyday digital communication; complete the exchange naturally at A2.,380–520,3–4,Ms Lan,Ms Olivia (or another context-appropriate named Mr/Ms character),PLANNED
0619,A2,Scheduling,the first practical exchange about appointments & schedules,Completing a routine exchange about the first practical exchange about appointments & schedules,Giao tiếp thường ngày: appointments & schedules — the first practical exchange about appointments & schedules,complete a routine exchange about the first practical exchange about appointments & schedules; complete the exchange naturally at A2.,380–520,3–4,Ms Lan,Mr Thomas (or another context-appropriate named Mr/Ms character),PLANNED
0620,A2,Eating Out,the first practical exchange about restaurants & cafés,Completing a routine exchange about the first practical exchange about restaurants & cafés,Giao tiếp thường ngày: restaurants & cafés — the first practical exchange about restaurants & cafés,complete a routine exchange about the first practical exchange about restaurants & cafés; complete the exchange naturally at A2.,380–520,3–4,Ms Lan,Ms Sophie (or another context-appropriate named Mr/Ms character),PLANNED
0621,A2,Travel,the first practical exchange about hotels & accommodation,Completing a routine exchange about the first practical exchange about hotels & accommodation,Giao tiếp thường ngày: hotels & accommodation — the first practical exchange about hotels & accommodation,complete a routine exchange about the first practical exchange about hotels & accommodation; complete the exchange naturally at A2.,380–520,3–4,Ms Lan,Mr Michael (or another context-appropriate named Mr/Ms character),PLANNED
0622,A2,Travel,the first practical exchange about airports & flights,Completing a routine exchange about the first practical exchange about airports & flights,Giao tiếp thường ngày: airports & flights — the first practical exchange about airports & flights,complete a routine exchange about the first practical exchange about airports & flights; complete the exchange naturally at A2.,380–520,3–4,Ms Lan,Ms Grace (or another context-appropriate named Mr/Ms character),PLANNED
0623,A2,Travel,the first practical exchange about train & coach travel,Completing a routine exchange about the first practical exchange about train & coach travel,Giao tiếp thường ngày: train & coach travel — the first practical exchange about train & coach travel,complete a routine exchange about the first practical exchange about train & coach travel; complete the exchange naturally at A2.,380–520,3–4,Ms Lan,Mr Henry (or another context-appropriate named Mr/Ms character),PLANNED
0624,A2,Driving,"the first practical exchange about driving, parking & fuel","Completing a routine exchange about the first practical exchange about driving, parking & fuel","Giao tiếp thường ngày: driving, parking & fuel — the first practical exchange about driving, parking & fuel","complete a routine exchange about the first practical exchange about driving, parking & fuel; complete the exchange naturally at A2.",380–520,3–4,Ms Lan,Ms Anna (or another context-appropriate named Mr/Ms character),PLANNED
0625,A2,Health Services,the first practical exchange about health services & pharmacy,Completing a routine exchange about the first practical exchange about health services & pharmacy,Giao tiếp thường ngày: health services & pharmacy — the first practical exchange about health services & pharmacy,complete a routine exchange about the first practical exchange about health services & pharmacy; complete the exchange naturally at A2.,380–520,3–4,Ms Lan,Mr David (or another context-appropriate named Mr/Ms character),PLANNED
0626,A2,Wellbeing,the first practical exchange about fitness & wellbeing routines,Completing a routine exchange about the first practical exchange about fitness & wellbeing routines,Giao tiếp thường ngày: fitness & wellbeing routines — the first practical exchange about fitness & wellbeing routines,complete a routine exchange about the first practical exchange about fitness & wellbeing routines; complete the exchange naturally at A2.,380–520,3–4,Ms Lan,Ms Emma (or another context-appropriate named Mr/Ms character),PLANNED
0627,A2,Services,the first practical exchange about personal care services,Completing a routine exchange about the first practical exchange about personal care services,Giao tiếp thường ngày: personal care services — the first practical exchange about personal care services,complete a routine exchange about the first practical exchange about personal care services; complete the exchange naturally at A2.,380–520,3–4,Ms Lan,Mr James (or another context-appropriate named Mr/Ms character),PLANNED
0628,A2,Money,the first practical exchange about banking & everyday money,Completing a routine exchange about the first practical exchange about banking & everyday money,Giao tiếp thường ngày: banking & everyday money — the first practical exchange about banking & everyday money,complete a routine exchange about the first practical exchange about banking & everyday money; complete the exchange naturally at A2.,380–520,3–4,Ms Lan,Ms Sarah (or another context-appropriate named Mr/Ms character),PLANNED
0629,A2,Services,"the first practical exchange about post, courier & deliveries","Completing a routine exchange about the first practical exchange about post, courier & deliveries","Giao tiếp thường ngày: post, courier & deliveries — the first practical exchange about post, courier & deliveries","complete a routine exchange about the first practical exchange about post, courier & deliveries; complete the exchange naturally at A2.",380–520,3–4,Ms Lan,Mr Daniel (or another context-appropriate named Mr/Ms character),PLANNED
0630,A2,Services,the first practical exchange about repairs & home services,Completing a routine exchange about the first practical exchange about repairs & home services,Giao tiếp thường ngày: repairs & home services — the first practical exchange about repairs & home services,complete a routine exchange about the first practical exchange about repairs & home services; complete the exchange naturally at A2.,380–520,3–4,Ms Lan,Ms Olivia (or another context-appropriate named Mr/Ms character),PLANNED
0631,A2,Customer Service,the first practical exchange about customer service & complaints,Completing a routine exchange about the first practical exchange about customer service & complaints,Giao tiếp thường ngày: customer service & complaints — the first practical exchange about customer service & complaints,complete a routine exchange about the first practical exchange about customer service & complaints; complete the exchange naturally at A2.,380–520,3–4,Ms Lan,Mr Thomas (or another context-appropriate named Mr/Ms character),PLANNED
0632,A2,Technology,the first practical exchange about technology & devices,Completing a routine exchange about the first practical exchange about technology & devices,Giao tiếp thường ngày: technology & devices — the first practical exchange about technology & devices,complete a routine exchange about the first practical exchange about technology & devices; complete the exchange naturally at A2.,380–520,3–4,Ms Lan,Ms Sophie (or another context-appropriate named Mr/Ms character),PLANNED
0633,A2,Technology,the first practical exchange about internet & online accounts,Completing a routine exchange about the first practical exchange about internet & online accounts,Giao tiếp thường ngày: internet & online accounts — the first practical exchange about internet & online accounts,complete a routine exchange about the first practical exchange about internet & online accounts; complete the exchange naturally at A2.,380–520,3–4,Ms Lan,Mr Michael (or another context-appropriate named Mr/Ms character),PLANNED
0634,A2,Leisure,the first practical exchange about entertainment & events,Completing a routine exchange about the first practical exchange about entertainment & events,Giao tiếp thường ngày: entertainment & events — the first practical exchange about entertainment & events,complete a routine exchange about the first practical exchange about entertainment & events; complete the exchange naturally at A2.,380–520,3–4,Ms Lan,Ms Grace (or another context-appropriate named Mr/Ms character),PLANNED
0635,A2,Leisure,the first practical exchange about sports & hobbies,Completing a routine exchange about the first practical exchange about sports & hobbies,Giao tiếp thường ngày: sports & hobbies — the first practical exchange about sports & hobbies,complete a routine exchange about the first practical exchange about sports & hobbies; complete the exchange naturally at A2.,380–520,3–4,Ms Lan,Mr Henry (or another context-appropriate named Mr/Ms character),PLANNED
0636,A2,Relationships,the first practical exchange about friends & social plans,Completing a routine exchange about the first practical exchange about friends & social plans,Giao tiếp thường ngày: friends & social plans — the first practical exchange about friends & social plans,complete a routine exchange about the first practical exchange about friends & social plans; complete the exchange naturally at A2.,380–520,3–4,Ms Lan,Ms Anna (or another context-appropriate named Mr/Ms character),PLANNED
0637,A2,Social Life,the first practical exchange about invitations & visits,Completing a routine exchange about the first practical exchange about invitations & visits,Giao tiếp thường ngày: invitations & visits — the first practical exchange about invitations & visits,complete a routine exchange about the first practical exchange about invitations & visits; complete the exchange naturally at A2.,380–520,3–4,Ms Lan,Mr David (or another context-appropriate named Mr/Ms character),PLANNED
0638,A2,Community,the first practical exchange about community & neighbours,Completing a routine exchange about the first practical exchange about community & neighbours,Giao tiếp thường ngày: community & neighbours — the first practical exchange about community & neighbours,complete a routine exchange about the first practical exchange about community & neighbours; complete the exchange naturally at A2.,380–520,3–4,Ms Lan,Ms Emma (or another context-appropriate named Mr/Ms character),PLANNED
0639,A2,Travel Problems,the first practical exchange about travel problems & changes,Completing a routine exchange about the first practical exchange about travel problems & changes,Giao tiếp thường ngày: travel problems & changes — the first practical exchange about travel problems & changes,complete a routine exchange about the first practical exchange about travel problems & changes; complete the exchange naturally at A2.,380–520,3–4,Ms Lan,Mr James (or another context-appropriate named Mr/Ms character),PLANNED
0640,A2,Problems,the first practical exchange about lost property & missing items,Completing a routine exchange about the first practical exchange about lost property & missing items,Giao tiếp thường ngày: lost property & missing items — the first practical exchange about lost property & missing items,complete a routine exchange about the first practical exchange about lost property & missing items; complete the exchange naturally at A2.,380–520,3–4,Ms Lan,Ms Sarah (or another context-appropriate named Mr/Ms character),PLANNED
0641,A2,Emergencies,the first practical exchange about emergencies & asking for help,Completing a routine exchange about the first practical exchange about emergencies & asking for help,Giao tiếp thường ngày: emergencies & asking for help — the first practical exchange about emergencies & asking for help,complete a routine exchange about the first practical exchange about emergencies & asking for help; complete the exchange naturally at A2.,380–520,3–4,Ms Lan,Mr Daniel (or another context-appropriate named Mr/Ms character),PLANNED
0642,A2,Public Life,"the first practical exchange about rules, permission & public places","Completing a routine exchange about the first practical exchange about rules, permission & public places","Giao tiếp thường ngày: rules, permission & public places — the first practical exchange about rules, permission & public places","complete a routine exchange about the first practical exchange about rules, permission & public places; complete the exchange naturally at A2.",380–520,3–4,Ms Lan,Ms Olivia (or another context-appropriate named Mr/Ms character),PLANNED
0643,A2,Housing,the first practical exchange about renting & moving home,Completing a routine exchange about the first practical exchange about renting & moving home,Giao tiếp thường ngày: renting & moving home — the first practical exchange about renting & moving home,complete a routine exchange about the first practical exchange about renting & moving home; complete the exchange naturally at A2.,380–520,3–4,Ms Lan,Mr Thomas (or another context-appropriate named Mr/Ms character),PLANNED
0644,A2,Personal Identity,how to spell your name,Completing a routine exchange about how to spell your name,Giao tiếp thường ngày: personal identity & introductions — how to spell your name,complete a routine exchange about how to spell your name; complete the exchange naturally at A2.,380–520,3–4,Ms Lan,Ms Sophie (or another context-appropriate named Mr/Ms character),PLANNED
0645,A2,Social Basics,responding to a greeting,Completing a routine exchange about responding to a greeting,Giao tiếp thường ngày: greetings & basic social contact — responding to a greeting,complete a routine exchange about responding to a greeting; complete the exchange naturally at A2.,380–520,3–4,Ms Lan,Mr Michael (or another context-appropriate named Mr/Ms character),PLANNED
0646,A2,Numbers and Time,a phone number,Completing a routine exchange about a phone number,"Giao tiếp thường ngày: numbers, dates & time — a phone number",complete a routine exchange about a phone number; complete the exchange naturally at A2.,380–520,3–4,Ms Lan,Ms Grace (or another context-appropriate named Mr/Ms character),PLANNED
0647,A2,Home,a common household object,Completing a routine exchange about a common household object,Giao tiếp thường ngày: home & household — a common household object,complete a routine exchange about a common household object; complete the exchange naturally at A2.,380–520,3–4,Ms Lan,Mr Henry (or another context-appropriate named Mr/Ms character),PLANNED
0648,A2,Family,a family member's name,Completing a routine exchange about a family member's name,Giao tiếp thường ngày: family & relationships — a family member's name,complete a routine exchange about a family member's name; complete the exchange naturally at A2.,380–520,3–4,Ms Lan,Ms Anna (or another context-appropriate named Mr/Ms character),PLANNED
0649,A2,Food,choosing a drink,Completing a routine exchange about choosing a drink,Giao tiếp thường ngày: food & drink — choosing a drink,complete a routine exchange about choosing a drink; complete the exchange naturally at A2.,380–520,3–4,Ms Lan,Mr David (or another context-appropriate named Mr/Ms character),PLANNED
0650,A2,Shopping,a routine everyday need involving shopping & payments,Completing a routine exchange about a routine everyday need involving shopping & payments,Giao tiếp thường ngày: shopping & payments — a routine everyday need involving shopping & payments,complete a routine exchange about a routine everyday need involving shopping & payments; complete the exchange naturally at A2.,380–520,3–4,Ms Lan,Ms Emma (or another context-appropriate named Mr/Ms character),PLANNED
0651,A2,Clothing,a routine everyday need involving clothing & personal items,Completing a routine exchange about a routine everyday need involving clothing & personal items,Giao tiếp thường ngày: clothing & personal items — a routine everyday need involving clothing & personal items,complete a routine exchange about a routine everyday need involving clothing & personal items; complete the exchange naturally at A2.,380–520,3–4,Ms Lan,Mr James (or another context-appropriate named Mr/Ms character),PLANNED
0652,A2,Neighbourhood,a routine everyday need involving neighbourhood & directions,Completing a routine exchange about a routine everyday need involving neighbourhood & directions,Giao tiếp thường ngày: neighbourhood & directions — a routine everyday need involving neighbourhood & directions,complete a routine exchange about a routine everyday need involving neighbourhood & directions; complete the exchange naturally at A2.,380–520,3–4,Ms Lan,Ms Sarah (or another context-appropriate named Mr/Ms character),PLANNED
0653,A2,Transport,a routine everyday need involving public transport,Completing a routine exchange about a routine everyday need involving public transport,Giao tiếp thường ngày: public transport — a routine everyday need involving public transport,complete a routine exchange about a routine everyday need involving public transport; complete the exchange naturally at A2.,380–520,3–4,Ms Lan,Mr Daniel (or another context-appropriate named Mr/Ms character),PLANNED
0654,A2,Transport,a routine everyday need involving taxi & ride services,Completing a routine exchange about a routine everyday need involving taxi & ride services,Giao tiếp thường ngày: taxi & ride services — a routine everyday need involving taxi & ride services,complete a routine exchange about a routine everyday need involving taxi & ride services; complete the exchange naturally at A2.,380–520,3–4,Ms Lan,Ms Olivia (or another context-appropriate named Mr/Ms character),PLANNED
0655,A2,Mobility,a routine everyday need involving walking & getting around,Completing a routine exchange about a routine everyday need involving walking & getting around,Giao tiếp thường ngày: walking & getting around — a routine everyday need involving walking & getting around,complete a routine exchange about a routine everyday need involving walking & getting around; complete the exchange naturally at A2.,380–520,3–4,Ms Lan,Mr Thomas (or another context-appropriate named Mr/Ms character),PLANNED
0656,A2,Weather,a routine everyday need involving weather & daily plans,Completing a routine exchange about a routine everyday need involving weather & daily plans,Giao tiếp thường ngày: weather & daily plans — a routine everyday need involving weather & daily plans,complete a routine exchange about a routine everyday need involving weather & daily plans; complete the exchange naturally at A2.,380–520,3–4,Ms Lan,Ms Sophie (or another context-appropriate named Mr/Ms character),PLANNED
0657,A2,Daily Life,a routine everyday need involving daily routines,Completing a routine exchange about a routine everyday need involving daily routines,Giao tiếp thường ngày: daily routines — a routine everyday need involving daily routines,complete a routine exchange about a routine everyday need involving daily routines; complete the exchange naturally at A2.,380–520,3–4,Ms Lan,Mr Michael (or another context-appropriate named Mr/Ms character),PLANNED
0658,A2,Learning,a routine everyday need involving school & learning,Completing a routine exchange about a routine everyday need involving school & learning,Giao tiếp thường ngày: school & learning — a routine everyday need involving school & learning,complete a routine exchange about a routine everyday need involving school & learning; complete the exchange naturally at A2.,380–520,3–4,Ms Lan,Ms Grace (or another context-appropriate named Mr/Ms character),PLANNED
0659,A2,Work,a routine everyday need involving workplace everyday communication,Completing a routine exchange about a routine everyday need involving workplace everyday communication,Giao tiếp thường ngày: workplace everyday communication — a routine everyday need involving workplace everyday communication,complete a routine exchange about a routine everyday need involving workplace everyday communication; complete the exchange naturally at A2.,380–520,3–4,Ms Lan,Mr Henry (or another context-appropriate named Mr/Ms character),PLANNED
0660,A2,Communication,a routine everyday need involving phone calls,Completing a routine exchange about a routine everyday need involving phone calls,Giao tiếp thường ngày: phone calls — a routine everyday need involving phone calls,complete a routine exchange about a routine everyday need involving phone calls; complete the exchange naturally at A2.,380–520,3–4,Ms Lan,Ms Anna (or another context-appropriate named Mr/Ms character),PLANNED
0661,A2,Communication,a routine everyday need involving messages & everyday digital communication,Completing a routine exchange about a routine everyday need involving messages & everyday digital communication,Giao tiếp thường ngày: messages & everyday digital communication — a routine everyday need involving messages & everyday digital communication,complete a routine exchange about a routine everyday need involving messages & everyday digital communication; complete the exchange naturally at A2.,380–520,3–4,Ms Lan,Mr David (or another context-appropriate named Mr/Ms character),PLANNED
0662,A2,Scheduling,a routine everyday need involving appointments & schedules,Completing a routine exchange about a routine everyday need involving appointments & schedules,Giao tiếp thường ngày: appointments & schedules — a routine everyday need involving appointments & schedules,complete a routine exchange about a routine everyday need involving appointments & schedules; complete the exchange naturally at A2.,380–520,3–4,Ms Lan,Ms Emma (or another context-appropriate named Mr/Ms character),PLANNED
0663,A2,Eating Out,a routine everyday need involving restaurants & cafés,Completing a routine exchange about a routine everyday need involving restaurants & cafés,Giao tiếp thường ngày: restaurants & cafés — a routine everyday need involving restaurants & cafés,complete a routine exchange about a routine everyday need involving restaurants & cafés; complete the exchange naturally at A2.,380–520,3–4,Ms Lan,Mr James (or another context-appropriate named Mr/Ms character),PLANNED
0664,A2,Travel,a routine everyday need involving hotels & accommodation,Completing a routine exchange about a routine everyday need involving hotels & accommodation,Giao tiếp thường ngày: hotels & accommodation — a routine everyday need involving hotels & accommodation,complete a routine exchange about a routine everyday need involving hotels & accommodation; complete the exchange naturally at A2.,380–520,3–4,Ms Lan,Ms Sarah (or another context-appropriate named Mr/Ms character),PLANNED
0665,A2,Travel,a routine everyday need involving airports & flights,Completing a routine exchange about a routine everyday need involving airports & flights,Giao tiếp thường ngày: airports & flights — a routine everyday need involving airports & flights,complete a routine exchange about a routine everyday need involving airports & flights; complete the exchange naturally at A2.,380–520,3–4,Ms Lan,Mr Daniel (or another context-appropriate named Mr/Ms character),PLANNED
0666,A2,Travel,a routine everyday need involving train & coach travel,Completing a routine exchange about a routine everyday need involving train & coach travel,Giao tiếp thường ngày: train & coach travel — a routine everyday need involving train & coach travel,complete a routine exchange about a routine everyday need involving train & coach travel; complete the exchange naturally at A2.,380–520,3–4,Ms Lan,Ms Olivia (or another context-appropriate named Mr/Ms character),PLANNED
0667,A2,Driving,"a routine everyday need involving driving, parking & fuel","Completing a routine exchange about a routine everyday need involving driving, parking & fuel","Giao tiếp thường ngày: driving, parking & fuel — a routine everyday need involving driving, parking & fuel","complete a routine exchange about a routine everyday need involving driving, parking & fuel; complete the exchange naturally at A2.",380–520,3–4,Ms Lan,Mr Thomas (or another context-appropriate named Mr/Ms character),PLANNED
0668,A2,Health Services,a routine everyday need involving health services & pharmacy,Completing a routine exchange about a routine everyday need involving health services & pharmacy,Giao tiếp thường ngày: health services & pharmacy — a routine everyday need involving health services & pharmacy,complete a routine exchange about a routine everyday need involving health services & pharmacy; complete the exchange naturally at A2.,380–520,3–4,Ms Lan,Ms Sophie (or another context-appropriate named Mr/Ms character),PLANNED
0669,A2,Wellbeing,a routine everyday need involving fitness & wellbeing routines,Completing a routine exchange about a routine everyday need involving fitness & wellbeing routines,Giao tiếp thường ngày: fitness & wellbeing routines — a routine everyday need involving fitness & wellbeing routines,complete a routine exchange about a routine everyday need involving fitness & wellbeing routines; complete the exchange naturally at A2.,380–520,3–4,Ms Lan,Mr Michael (or another context-appropriate named Mr/Ms character),PLANNED
0670,A2,Services,a routine everyday need involving personal care services,Completing a routine exchange about a routine everyday need involving personal care services,Giao tiếp thường ngày: personal care services — a routine everyday need involving personal care services,complete a routine exchange about a routine everyday need involving personal care services; complete the exchange naturally at A2.,380–520,3–4,Ms Lan,Ms Grace (or another context-appropriate named Mr/Ms character),PLANNED
0671,A2,Money,a routine everyday need involving banking & everyday money,Completing a routine exchange about a routine everyday need involving banking & everyday money,Giao tiếp thường ngày: banking & everyday money — a routine everyday need involving banking & everyday money,complete a routine exchange about a routine everyday need involving banking & everyday money; complete the exchange naturally at A2.,380–520,3–4,Ms Lan,Mr Henry (or another context-appropriate named Mr/Ms character),PLANNED
0672,A2,Services,"a routine everyday need involving post, courier & deliveries","Completing a routine exchange about a routine everyday need involving post, courier & deliveries","Giao tiếp thường ngày: post, courier & deliveries — a routine everyday need involving post, courier & deliveries","complete a routine exchange about a routine everyday need involving post, courier & deliveries; complete the exchange naturally at A2.",380–520,3–4,Ms Lan,Ms Anna (or another context-appropriate named Mr/Ms character),PLANNED
0673,A2,Services,a routine everyday need involving repairs & home services,Completing a routine exchange about a routine everyday need involving repairs & home services,Giao tiếp thường ngày: repairs & home services — a routine everyday need involving repairs & home services,complete a routine exchange about a routine everyday need involving repairs & home services; complete the exchange naturally at A2.,380–520,3–4,Ms Lan,Mr David (or another context-appropriate named Mr/Ms character),PLANNED
0674,A2,Customer Service,a routine everyday need involving customer service & complaints,Completing a routine exchange about a routine everyday need involving customer service & complaints,Giao tiếp thường ngày: customer service & complaints — a routine everyday need involving customer service & complaints,complete a routine exchange about a routine everyday need involving customer service & complaints; complete the exchange naturally at A2.,380–520,3–4,Ms Lan,Ms Emma (or another context-appropriate named Mr/Ms character),PLANNED
0675,A2,Technology,a routine everyday need involving technology & devices,Completing a routine exchange about a routine everyday need involving technology & devices,Giao tiếp thường ngày: technology & devices — a routine everyday need involving technology & devices,complete a routine exchange about a routine everyday need involving technology & devices; complete the exchange naturally at A2.,380–520,3–4,Ms Lan,Mr James (or another context-appropriate named Mr/Ms character),PLANNED
0676,A2,Technology,a routine everyday need involving internet & online accounts,Completing a routine exchange about a routine everyday need involving internet & online accounts,Giao tiếp thường ngày: internet & online accounts — a routine everyday need involving internet & online accounts,complete a routine exchange about a routine everyday need involving internet & online accounts; complete the exchange naturally at A2.,380–520,3–4,Ms Lan,Ms Sarah (or another context-appropriate named Mr/Ms character),PLANNED
0677,A2,Leisure,a routine everyday need involving entertainment & events,Completing a routine exchange about a routine everyday need involving entertainment & events,Giao tiếp thường ngày: entertainment & events — a routine everyday need involving entertainment & events,complete a routine exchange about a routine everyday need involving entertainment & events; complete the exchange naturally at A2.,380–520,3–4,Ms Lan,Mr Daniel (or another context-appropriate named Mr/Ms character),PLANNED
0678,A2,Leisure,a routine everyday need involving sports & hobbies,Completing a routine exchange about a routine everyday need involving sports & hobbies,Giao tiếp thường ngày: sports & hobbies — a routine everyday need involving sports & hobbies,complete a routine exchange about a routine everyday need involving sports & hobbies; complete the exchange naturally at A2.,380–520,3–4,Ms Lan,Ms Olivia (or another context-appropriate named Mr/Ms character),PLANNED
0679,A2,Relationships,a routine everyday need involving friends & social plans,Completing a routine exchange about a routine everyday need involving friends & social plans,Giao tiếp thường ngày: friends & social plans — a routine everyday need involving friends & social plans,complete a routine exchange about a routine everyday need involving friends & social plans; complete the exchange naturally at A2.,380–520,3–4,Ms Lan,Mr Thomas (or another context-appropriate named Mr/Ms character),PLANNED
0680,A2,Social Life,a routine everyday need involving invitations & visits,Completing a routine exchange about a routine everyday need involving invitations & visits,Giao tiếp thường ngày: invitations & visits — a routine everyday need involving invitations & visits,complete a routine exchange about a routine everyday need involving invitations & visits; complete the exchange naturally at A2.,380–520,3–4,Ms Lan,Ms Sophie (or another context-appropriate named Mr/Ms character),PLANNED
0681,A2,Community,a routine everyday need involving community & neighbours,Completing a routine exchange about a routine everyday need involving community & neighbours,Giao tiếp thường ngày: community & neighbours — a routine everyday need involving community & neighbours,complete a routine exchange about a routine everyday need involving community & neighbours; complete the exchange naturally at A2.,380–520,3–4,Ms Lan,Mr Michael (or another context-appropriate named Mr/Ms character),PLANNED
0682,A2,Travel Problems,a routine everyday need involving travel problems & changes,Completing a routine exchange about a routine everyday need involving travel problems & changes,Giao tiếp thường ngày: travel problems & changes — a routine everyday need involving travel problems & changes,complete a routine exchange about a routine everyday need involving travel problems & changes; complete the exchange naturally at A2.,380–520,3–4,Ms Lan,Ms Grace (or another context-appropriate named Mr/Ms character),PLANNED
0683,A2,Problems,a routine everyday need involving lost property & missing items,Completing a routine exchange about a routine everyday need involving lost property & missing items,Giao tiếp thường ngày: lost property & missing items — a routine everyday need involving lost property & missing items,complete a routine exchange about a routine everyday need involving lost property & missing items; complete the exchange naturally at A2.,380–520,3–4,Ms Lan,Mr Henry (or another context-appropriate named Mr/Ms character),PLANNED
0684,A2,Emergencies,a routine everyday need involving emergencies & asking for help,Completing a routine exchange about a routine everyday need involving emergencies & asking for help,Giao tiếp thường ngày: emergencies & asking for help — a routine everyday need involving emergencies & asking for help,complete a routine exchange about a routine everyday need involving emergencies & asking for help; complete the exchange naturally at A2.,380–520,3–4,Ms Lan,Ms Anna (or another context-appropriate named Mr/Ms character),PLANNED
0685,A2,Public Life,"a routine everyday need involving rules, permission & public places","Completing a routine exchange about a routine everyday need involving rules, permission & public places","Giao tiếp thường ngày: rules, permission & public places — a routine everyday need involving rules, permission & public places","complete a routine exchange about a routine everyday need involving rules, permission & public places; complete the exchange naturally at A2.",380–520,3–4,Ms Lan,Mr David (or another context-appropriate named Mr/Ms character),PLANNED
0686,A2,Housing,a routine everyday need involving renting & moving home,Completing a routine exchange about a routine everyday need involving renting & moving home,Giao tiếp thường ngày: renting & moving home — a routine everyday need involving renting & moving home,complete a routine exchange about a routine everyday need involving renting & moving home; complete the exchange naturally at A2.,380–520,3–4,Ms Lan,Ms Emma (or another context-appropriate named Mr/Ms character),PLANNED
0687,A2,Personal Identity,where you are from,Completing a routine exchange about where you are from,Giao tiếp thường ngày: personal identity & introductions — where you are from,complete a routine exchange about where you are from; complete the exchange naturally at A2.,380–520,3–4,Ms Lan,Mr James (or another context-appropriate named Mr/Ms character),PLANNED
0688,A2,Social Basics,saying goodbye,Completing a routine exchange about saying goodbye,Giao tiếp thường ngày: greetings & basic social contact — saying goodbye,complete a routine exchange about saying goodbye; complete the exchange naturally at A2.,380–520,3–4,Ms Lan,Ms Sarah (or another context-appropriate named Mr/Ms character),PLANNED
0689,A2,Numbers and Time,a price,Completing a routine exchange about a price,"Giao tiếp thường ngày: numbers, dates & time — a price",complete a routine exchange about a price; complete the exchange naturally at A2.,380–520,3–4,Ms Lan,Mr Daniel (or another context-appropriate named Mr/Ms character),PLANNED
0690,A2,Home,where an object is,Completing a routine exchange about where an object is,Giao tiếp thường ngày: home & household — where an object is,complete a routine exchange about where an object is; complete the exchange naturally at A2.,380–520,3–4,Ms Lan,Ms Olivia (or another context-appropriate named Mr/Ms character),PLANNED
0691,A2,Family,how many people are in the family,Completing a routine exchange about how many people are in the family,Giao tiếp thường ngày: family & relationships — how many people are in the family,complete a routine exchange about how many people are in the family; complete the exchange naturally at A2.,380–520,3–4,Ms Lan,Mr Thomas (or another context-appropriate named Mr/Ms character),PLANNED
0692,A2,Food,choosing a simple food,Completing a routine exchange about choosing a simple food,Giao tiếp thường ngày: food & drink — choosing a simple food,complete a routine exchange about choosing a simple food; complete the exchange naturally at A2.,380–520,3–4,Ms Lan,Ms Sophie (or another context-appropriate named Mr/Ms character),PLANNED
0693,A2,Shopping,checking an important detail about shopping & payments,Completing a routine exchange about checking an important detail about shopping & payments,Giao tiếp thường ngày: shopping & payments — checking an important detail about shopping & payments,complete a routine exchange about checking an important detail about shopping & payments; complete the exchange naturally at A2.,380–520,3–4,Ms Lan,Mr Michael (or another context-appropriate named Mr/Ms character),PLANNED
0694,A2,Clothing,checking an important detail about clothing & personal items,Completing a routine exchange about checking an important detail about clothing & personal items,Giao tiếp thường ngày: clothing & personal items — checking an important detail about clothing & personal items,complete a routine exchange about checking an important detail about clothing & personal items; complete the exchange naturally at A2.,380–520,3–4,Ms Lan,Ms Grace (or another context-appropriate named Mr/Ms character),PLANNED
0695,A2,Neighbourhood,checking an important detail about neighbourhood & directions,Completing a routine exchange about checking an important detail about neighbourhood & directions,Giao tiếp thường ngày: neighbourhood & directions — checking an important detail about neighbourhood & directions,complete a routine exchange about checking an important detail about neighbourhood & directions; complete the exchange naturally at A2.,380–520,3–4,Ms Lan,Mr Henry (or another context-appropriate named Mr/Ms character),PLANNED
0696,A2,Transport,checking an important detail about public transport,Completing a routine exchange about checking an important detail about public transport,Giao tiếp thường ngày: public transport — checking an important detail about public transport,complete a routine exchange about checking an important detail about public transport; complete the exchange naturally at A2.,380–520,3–4,Ms Lan,Ms Anna (or another context-appropriate named Mr/Ms character),PLANNED
0697,A2,Transport,checking an important detail about taxi & ride services,Completing a routine exchange about checking an important detail about taxi & ride services,Giao tiếp thường ngày: taxi & ride services — checking an important detail about taxi & ride services,complete a routine exchange about checking an important detail about taxi & ride services; complete the exchange naturally at A2.,380–520,3–4,Ms Lan,Mr David (or another context-appropriate named Mr/Ms character),PLANNED
0698,A2,Mobility,checking an important detail about walking & getting around,Completing a routine exchange about checking an important detail about walking & getting around,Giao tiếp thường ngày: walking & getting around — checking an important detail about walking & getting around,complete a routine exchange about checking an important detail about walking & getting around; complete the exchange naturally at A2.,380–520,3–4,Ms Lan,Ms Emma (or another context-appropriate named Mr/Ms character),PLANNED
0699,A2,Weather,checking an important detail about weather & daily plans,Completing a routine exchange about checking an important detail about weather & daily plans,Giao tiếp thường ngày: weather & daily plans — checking an important detail about weather & daily plans,complete a routine exchange about checking an important detail about weather & daily plans; complete the exchange naturally at A2.,380–520,3–4,Ms Lan,Mr James (or another context-appropriate named Mr/Ms character),PLANNED
0700,A2,Daily Life,checking an important detail about daily routines,Completing a routine exchange about checking an important detail about daily routines,Giao tiếp thường ngày: daily routines — checking an important detail about daily routines,complete a routine exchange about checking an important detail about daily routines; complete the exchange naturally at A2.,380–520,3–4,Ms Lan,Ms Sarah (or another context-appropriate named Mr/Ms character),PLANNED
0701,A2,Learning,checking an important detail about school & learning,Completing a routine exchange about checking an important detail about school & learning,Giao tiếp thường ngày: school & learning — checking an important detail about school & learning,complete a routine exchange about checking an important detail about school & learning; complete the exchange naturally at A2.,380–520,3–4,Ms Lan,Mr Daniel (or another context-appropriate named Mr/Ms character),PLANNED
0702,A2,Work,checking an important detail about workplace everyday communication,Completing a routine exchange about checking an important detail about workplace everyday communication,Giao tiếp thường ngày: workplace everyday communication — checking an important detail about workplace everyday communication,complete a routine exchange about checking an important detail about workplace everyday communication; complete the exchange naturally at A2.,380–520,3–4,Ms Lan,Ms Olivia (or another context-appropriate named Mr/Ms character),PLANNED
0703,A2,Communication,checking an important detail about phone calls,Completing a routine exchange about checking an important detail about phone calls,Giao tiếp thường ngày: phone calls — checking an important detail about phone calls,complete a routine exchange about checking an important detail about phone calls; complete the exchange naturally at A2.,380–520,3–4,Ms Lan,Mr Thomas (or another context-appropriate named Mr/Ms character),PLANNED
0704,A2,Communication,checking an important detail about messages & everyday digital communication,Completing a routine exchange about checking an important detail about messages & everyday digital communication,Giao tiếp thường ngày: messages & everyday digital communication — checking an important detail about messages & everyday digital communication,complete a routine exchange about checking an important detail about messages & everyday digital communication; complete the exchange naturally at A2.,380–520,3–4,Ms Lan,Ms Sophie (or another context-appropriate named Mr/Ms character),PLANNED
0705,A2,Scheduling,checking an important detail about appointments & schedules,Completing a routine exchange about checking an important detail about appointments & schedules,Giao tiếp thường ngày: appointments & schedules — checking an important detail about appointments & schedules,complete a routine exchange about checking an important detail about appointments & schedules; complete the exchange naturally at A2.,380–520,3–4,Ms Lan,Mr Michael (or another context-appropriate named Mr/Ms character),PLANNED
0706,A2,Eating Out,checking an important detail about restaurants & cafés,Completing a routine exchange about checking an important detail about restaurants & cafés,Giao tiếp thường ngày: restaurants & cafés — checking an important detail about restaurants & cafés,complete a routine exchange about checking an important detail about restaurants & cafés; complete the exchange naturally at A2.,380–520,3–4,Ms Lan,Ms Grace (or another context-appropriate named Mr/Ms character),PLANNED
0707,A2,Travel,checking an important detail about hotels & accommodation,Completing a routine exchange about checking an important detail about hotels & accommodation,Giao tiếp thường ngày: hotels & accommodation — checking an important detail about hotels & accommodation,complete a routine exchange about checking an important detail about hotels & accommodation; complete the exchange naturally at A2.,380–520,3–4,Ms Lan,Mr Henry (or another context-appropriate named Mr/Ms character),PLANNED
0708,A2,Travel,checking an important detail about airports & flights,Completing a routine exchange about checking an important detail about airports & flights,Giao tiếp thường ngày: airports & flights — checking an important detail about airports & flights,complete a routine exchange about checking an important detail about airports & flights; complete the exchange naturally at A2.,380–520,3–4,Ms Lan,Ms Anna (or another context-appropriate named Mr/Ms character),PLANNED
0709,A2,Travel,checking an important detail about train & coach travel,Completing a routine exchange about checking an important detail about train & coach travel,Giao tiếp thường ngày: train & coach travel — checking an important detail about train & coach travel,complete a routine exchange about checking an important detail about train & coach travel; complete the exchange naturally at A2.,380–520,3–4,Ms Lan,Mr David (or another context-appropriate named Mr/Ms character),PLANNED
0710,A2,Driving,"checking an important detail about driving, parking & fuel","Completing a routine exchange about checking an important detail about driving, parking & fuel","Giao tiếp thường ngày: driving, parking & fuel — checking an important detail about driving, parking & fuel","complete a routine exchange about checking an important detail about driving, parking & fuel; complete the exchange naturally at A2.",380–520,3–4,Ms Lan,Ms Emma (or another context-appropriate named Mr/Ms character),PLANNED
0711,A2,Health Services,checking an important detail about health services & pharmacy,Completing a routine exchange about checking an important detail about health services & pharmacy,Giao tiếp thường ngày: health services & pharmacy — checking an important detail about health services & pharmacy,complete a routine exchange about checking an important detail about health services & pharmacy; complete the exchange naturally at A2.,380–520,3–4,Ms Lan,Mr James (or another context-appropriate named Mr/Ms character),PLANNED
0712,A2,Wellbeing,checking an important detail about fitness & wellbeing routines,Completing a routine exchange about checking an important detail about fitness & wellbeing routines,Giao tiếp thường ngày: fitness & wellbeing routines — checking an important detail about fitness & wellbeing routines,complete a routine exchange about checking an important detail about fitness & wellbeing routines; complete the exchange naturally at A2.,380–520,3–4,Ms Lan,Ms Sarah (or another context-appropriate named Mr/Ms character),PLANNED
0713,A2,Services,checking an important detail about personal care services,Completing a routine exchange about checking an important detail about personal care services,Giao tiếp thường ngày: personal care services — checking an important detail about personal care services,complete a routine exchange about checking an important detail about personal care services; complete the exchange naturally at A2.,380–520,3–4,Ms Lan,Mr Daniel (or another context-appropriate named Mr/Ms character),PLANNED
0714,A2,Money,checking an important detail about banking & everyday money,Completing a routine exchange about checking an important detail about banking & everyday money,Giao tiếp thường ngày: banking & everyday money — checking an important detail about banking & everyday money,complete a routine exchange about checking an important detail about banking & everyday money; complete the exchange naturally at A2.,380–520,3–4,Ms Lan,Ms Olivia (or another context-appropriate named Mr/Ms character),PLANNED
0715,A2,Services,"checking an important detail about post, courier & deliveries","Completing a routine exchange about checking an important detail about post, courier & deliveries","Giao tiếp thường ngày: post, courier & deliveries — checking an important detail about post, courier & deliveries","complete a routine exchange about checking an important detail about post, courier & deliveries; complete the exchange naturally at A2.",380–520,3–4,Ms Lan,Mr Thomas (or another context-appropriate named Mr/Ms character),PLANNED
0716,A2,Services,checking an important detail about repairs & home services,Completing a routine exchange about checking an important detail about repairs & home services,Giao tiếp thường ngày: repairs & home services — checking an important detail about repairs & home services,complete a routine exchange about checking an important detail about repairs & home services; complete the exchange naturally at A2.,380–520,3–4,Ms Lan,Ms Sophie (or another context-appropriate named Mr/Ms character),PLANNED
0717,A2,Customer Service,checking an important detail about customer service & complaints,Completing a routine exchange about checking an important detail about customer service & complaints,Giao tiếp thường ngày: customer service & complaints — checking an important detail about customer service & complaints,complete a routine exchange about checking an important detail about customer service & complaints; complete the exchange naturally at A2.,380–520,3–4,Ms Lan,Mr Michael (or another context-appropriate named Mr/Ms character),PLANNED
0718,A2,Technology,checking an important detail about technology & devices,Completing a routine exchange about checking an important detail about technology & devices,Giao tiếp thường ngày: technology & devices — checking an important detail about technology & devices,complete a routine exchange about checking an important detail about technology & devices; complete the exchange naturally at A2.,380–520,3–4,Ms Lan,Ms Grace (or another context-appropriate named Mr/Ms character),PLANNED
0719,A2,Technology,checking an important detail about internet & online accounts,Completing a routine exchange about checking an important detail about internet & online accounts,Giao tiếp thường ngày: internet & online accounts — checking an important detail about internet & online accounts,complete a routine exchange about checking an important detail about internet & online accounts; complete the exchange naturally at A2.,380–520,3–4,Ms Lan,Mr Henry (or another context-appropriate named Mr/Ms character),PLANNED
0720,A2,Leisure,checking an important detail about entertainment & events,Completing a routine exchange about checking an important detail about entertainment & events,Giao tiếp thường ngày: entertainment & events — checking an important detail about entertainment & events,complete a routine exchange about checking an important detail about entertainment & events; complete the exchange naturally at A2.,380–520,3–4,Ms Lan,Ms Anna (or another context-appropriate named Mr/Ms character),PLANNED
0721,A2,Leisure,checking an important detail about sports & hobbies,Completing a routine exchange about checking an important detail about sports & hobbies,Giao tiếp thường ngày: sports & hobbies — checking an important detail about sports & hobbies,complete a routine exchange about checking an important detail about sports & hobbies; complete the exchange naturally at A2.,380–520,3–4,Ms Lan,Mr David (or another context-appropriate named Mr/Ms character),PLANNED
0722,A2,Relationships,checking an important detail about friends & social plans,Completing a routine exchange about checking an important detail about friends & social plans,Giao tiếp thường ngày: friends & social plans — checking an important detail about friends & social plans,complete a routine exchange about checking an important detail about friends & social plans; complete the exchange naturally at A2.,380–520,3–4,Ms Lan,Ms Emma (or another context-appropriate named Mr/Ms character),PLANNED
0723,A2,Social Life,checking an important detail about invitations & visits,Completing a routine exchange about checking an important detail about invitations & visits,Giao tiếp thường ngày: invitations & visits — checking an important detail about invitations & visits,complete a routine exchange about checking an important detail about invitations & visits; complete the exchange naturally at A2.,380–520,3–4,Ms Lan,Mr James (or another context-appropriate named Mr/Ms character),PLANNED
0724,A2,Community,checking an important detail about community & neighbours,Completing a routine exchange about checking an important detail about community & neighbours,Giao tiếp thường ngày: community & neighbours — checking an important detail about community & neighbours,complete a routine exchange about checking an important detail about community & neighbours; complete the exchange naturally at A2.,380–520,3–4,Ms Lan,Ms Sarah (or another context-appropriate named Mr/Ms character),PLANNED
0725,A2,Travel Problems,checking an important detail about travel problems & changes,Completing a routine exchange about checking an important detail about travel problems & changes,Giao tiếp thường ngày: travel problems & changes — checking an important detail about travel problems & changes,complete a routine exchange about checking an important detail about travel problems & changes; complete the exchange naturally at A2.,380–520,3–4,Ms Lan,Mr Daniel (or another context-appropriate named Mr/Ms character),PLANNED
0726,A2,Problems,checking an important detail about lost property & missing items,Completing a routine exchange about checking an important detail about lost property & missing items,Giao tiếp thường ngày: lost property & missing items — checking an important detail about lost property & missing items,complete a routine exchange about checking an important detail about lost property & missing items; complete the exchange naturally at A2.,380–520,3–4,Ms Lan,Ms Olivia (or another context-appropriate named Mr/Ms character),PLANNED
0727,A2,Emergencies,checking an important detail about emergencies & asking for help,Completing a routine exchange about checking an important detail about emergencies & asking for help,Giao tiếp thường ngày: emergencies & asking for help — checking an important detail about emergencies & asking for help,complete a routine exchange about checking an important detail about emergencies & asking for help; complete the exchange naturally at A2.,380–520,3–4,Ms Lan,Mr Thomas (or another context-appropriate named Mr/Ms character),PLANNED
0728,A2,Public Life,"checking an important detail about rules, permission & public places","Completing a routine exchange about checking an important detail about rules, permission & public places","Giao tiếp thường ngày: rules, permission & public places — checking an important detail about rules, permission & public places","complete a routine exchange about checking an important detail about rules, permission & public places; complete the exchange naturally at A2.",380–520,3–4,Ms Lan,Ms Sophie (or another context-appropriate named Mr/Ms character),PLANNED
0729,A2,Housing,checking an important detail about renting & moving home,Completing a routine exchange about checking an important detail about renting & moving home,Giao tiếp thường ngày: renting & moving home — checking an important detail about renting & moving home,complete a routine exchange about checking an important detail about renting & moving home; complete the exchange naturally at A2.,380–520,3–4,Ms Lan,Mr Michael (or another context-appropriate named Mr/Ms character),PLANNED
0730,A2,Personal Identity,where you live,Completing a routine exchange about where you live,Giao tiếp thường ngày: personal identity & introductions — where you live,complete a routine exchange about where you live; complete the exchange naturally at A2.,380–520,3–4,Ms Lan,Ms Grace (or another context-appropriate named Mr/Ms character),PLANNED
0731,A2,Social Basics,saying thank you,Completing a routine exchange about saying thank you,Giao tiếp thường ngày: greetings & basic social contact — saying thank you,complete a routine exchange about saying thank you; complete the exchange naturally at A2.,380–520,3–4,Ms Lan,Mr Henry (or another context-appropriate named Mr/Ms character),PLANNED
0732,A2,Numbers and Time,today's date,Completing a routine exchange about today's date,"Giao tiếp thường ngày: numbers, dates & time — today's date",complete a routine exchange about today's date; complete the exchange naturally at A2.,380–520,3–4,Ms Lan,Ms Anna (or another context-appropriate named Mr/Ms character),PLANNED
0733,A2,Home,something you need at home,Completing a routine exchange about something you need at home,Giao tiếp thường ngày: home & household — something you need at home,complete a routine exchange about something you need at home; complete the exchange naturally at A2.,380–520,3–4,Ms Lan,Mr David (or another context-appropriate named Mr/Ms character),PLANNED
0734,A2,Family,a simple family relationship,Completing a routine exchange about a simple family relationship,Giao tiếp thường ngày: family & relationships — a simple family relationship,complete a routine exchange about a simple family relationship; complete the exchange naturally at A2.,380–520,3–4,Ms Lan,Ms Emma (or another context-appropriate named Mr/Ms character),PLANNED
0735,A2,Food,saying you are hungry or thirsty,Completing a routine exchange about saying you are hungry or thirsty,Giao tiếp thường ngày: food & drink — saying you are hungry or thirsty,complete a routine exchange about saying you are hungry or thirsty; complete the exchange naturally at A2.,380–520,3–4,Ms Lan,Mr James (or another context-appropriate named Mr/Ms character),PLANNED
0736,A2,Shopping,asking for help with shopping & payments,Completing a routine exchange about asking for help with shopping & payments,Giao tiếp thường ngày: shopping & payments — asking for help with shopping & payments,complete a routine exchange about asking for help with shopping & payments; complete the exchange naturally at A2.,380–520,3–4,Ms Lan,Ms Sarah (or another context-appropriate named Mr/Ms character),PLANNED
0737,A2,Clothing,asking for help with clothing & personal items,Completing a routine exchange about asking for help with clothing & personal items,Giao tiếp thường ngày: clothing & personal items — asking for help with clothing & personal items,complete a routine exchange about asking for help with clothing & personal items; complete the exchange naturally at A2.,380–520,3–4,Ms Lan,Mr Daniel (or another context-appropriate named Mr/Ms character),PLANNED
0738,A2,Neighbourhood,asking for help with neighbourhood & directions,Completing a routine exchange about asking for help with neighbourhood & directions,Giao tiếp thường ngày: neighbourhood & directions — asking for help with neighbourhood & directions,complete a routine exchange about asking for help with neighbourhood & directions; complete the exchange naturally at A2.,380–520,3–4,Ms Lan,Ms Olivia (or another context-appropriate named Mr/Ms character),PLANNED
0739,A2,Transport,asking for help with public transport,Completing a routine exchange about asking for help with public transport,Giao tiếp thường ngày: public transport — asking for help with public transport,complete a routine exchange about asking for help with public transport; complete the exchange naturally at A2.,380–520,3–4,Ms Lan,Mr Thomas (or another context-appropriate named Mr/Ms character),PLANNED
0740,A2,Transport,asking for help with taxi & ride services,Completing a routine exchange about asking for help with taxi & ride services,Giao tiếp thường ngày: taxi & ride services — asking for help with taxi & ride services,complete a routine exchange about asking for help with taxi & ride services; complete the exchange naturally at A2.,380–520,3–4,Ms Lan,Ms Sophie (or another context-appropriate named Mr/Ms character),PLANNED
0741,A2,Mobility,asking for help with walking & getting around,Completing a routine exchange about asking for help with walking & getting around,Giao tiếp thường ngày: walking & getting around — asking for help with walking & getting around,complete a routine exchange about asking for help with walking & getting around; complete the exchange naturally at A2.,380–520,3–4,Ms Lan,Mr Michael (or another context-appropriate named Mr/Ms character),PLANNED
0742,A2,Weather,asking for help with weather & daily plans,Completing a routine exchange about asking for help with weather & daily plans,Giao tiếp thường ngày: weather & daily plans — asking for help with weather & daily plans,complete a routine exchange about asking for help with weather & daily plans; complete the exchange naturally at A2.,380–520,3–4,Ms Lan,Ms Grace (or another context-appropriate named Mr/Ms character),PLANNED
0743,A2,Daily Life,asking for help with daily routines,Completing a routine exchange about asking for help with daily routines,Giao tiếp thường ngày: daily routines — asking for help with daily routines,complete a routine exchange about asking for help with daily routines; complete the exchange naturally at A2.,380–520,3–4,Ms Lan,Mr Henry (or another context-appropriate named Mr/Ms character),PLANNED
0744,A2,Learning,asking for help with school & learning,Completing a routine exchange about asking for help with school & learning,Giao tiếp thường ngày: school & learning — asking for help with school & learning,complete a routine exchange about asking for help with school & learning; complete the exchange naturally at A2.,380–520,3–4,Ms Lan,Ms Anna (or another context-appropriate named Mr/Ms character),PLANNED
0745,A2,Work,asking for help with workplace everyday communication,Completing a routine exchange about asking for help with workplace everyday communication,Giao tiếp thường ngày: workplace everyday communication — asking for help with workplace everyday communication,complete a routine exchange about asking for help with workplace everyday communication; complete the exchange naturally at A2.,380–520,3–4,Ms Lan,Mr David (or another context-appropriate named Mr/Ms character),PLANNED
0746,A2,Communication,asking for help with phone calls,Completing a routine exchange about asking for help with phone calls,Giao tiếp thường ngày: phone calls — asking for help with phone calls,complete a routine exchange about asking for help with phone calls; complete the exchange naturally at A2.,380–520,3–4,Ms Lan,Ms Emma (or another context-appropriate named Mr/Ms character),PLANNED
0747,A2,Communication,asking for help with messages & everyday digital communication,Completing a routine exchange about asking for help with messages & everyday digital communication,Giao tiếp thường ngày: messages & everyday digital communication — asking for help with messages & everyday digital communication,complete a routine exchange about asking for help with messages & everyday digital communication; complete the exchange naturally at A2.,380–520,3–4,Ms Lan,Mr James (or another context-appropriate named Mr/Ms character),PLANNED
0748,A2,Scheduling,asking for help with appointments & schedules,Completing a routine exchange about asking for help with appointments & schedules,Giao tiếp thường ngày: appointments & schedules — asking for help with appointments & schedules,complete a routine exchange about asking for help with appointments & schedules; complete the exchange naturally at A2.,380–520,3–4,Ms Lan,Ms Sarah (or another context-appropriate named Mr/Ms character),PLANNED
0749,A2,Eating Out,asking for help with restaurants & cafés,Completing a routine exchange about asking for help with restaurants & cafés,Giao tiếp thường ngày: restaurants & cafés — asking for help with restaurants & cafés,complete a routine exchange about asking for help with restaurants & cafés; complete the exchange naturally at A2.,380–520,3–4,Ms Lan,Mr Daniel (or another context-appropriate named Mr/Ms character),PLANNED
0750,A2,Travel,asking for help with hotels & accommodation,Completing a routine exchange about asking for help with hotels & accommodation,Giao tiếp thường ngày: hotels & accommodation — asking for help with hotels & accommodation,complete a routine exchange about asking for help with hotels & accommodation; complete the exchange naturally at A2.,380–520,3–4,Ms Lan,Ms Olivia (or another context-appropriate named Mr/Ms character),PLANNED
0751,A2,Travel,asking for help with airports & flights,Completing a routine exchange about asking for help with airports & flights,Giao tiếp thường ngày: airports & flights — asking for help with airports & flights,complete a routine exchange about asking for help with airports & flights; complete the exchange naturally at A2.,380–520,3–4,Ms Lan,Mr Thomas (or another context-appropriate named Mr/Ms character),PLANNED
0752,A2,Travel,asking for help with train & coach travel,Completing a routine exchange about asking for help with train & coach travel,Giao tiếp thường ngày: train & coach travel — asking for help with train & coach travel,complete a routine exchange about asking for help with train & coach travel; complete the exchange naturally at A2.,380–520,3–4,Ms Lan,Ms Sophie (or another context-appropriate named Mr/Ms character),PLANNED
0753,A2,Driving,"asking for help with driving, parking & fuel","Completing a routine exchange about asking for help with driving, parking & fuel","Giao tiếp thường ngày: driving, parking & fuel — asking for help with driving, parking & fuel","complete a routine exchange about asking for help with driving, parking & fuel; complete the exchange naturally at A2.",380–520,3–4,Ms Lan,Mr Michael (or another context-appropriate named Mr/Ms character),PLANNED
0754,A2,Health Services,asking for help with health services & pharmacy,Completing a routine exchange about asking for help with health services & pharmacy,Giao tiếp thường ngày: health services & pharmacy — asking for help with health services & pharmacy,complete a routine exchange about asking for help with health services & pharmacy; complete the exchange naturally at A2.,380–520,3–4,Ms Lan,Ms Grace (or another context-appropriate named Mr/Ms character),PLANNED
0755,A2,Wellbeing,asking for help with fitness & wellbeing routines,Completing a routine exchange about asking for help with fitness & wellbeing routines,Giao tiếp thường ngày: fitness & wellbeing routines — asking for help with fitness & wellbeing routines,complete a routine exchange about asking for help with fitness & wellbeing routines; complete the exchange naturally at A2.,380–520,3–4,Ms Lan,Mr Henry (or another context-appropriate named Mr/Ms character),PLANNED
0756,A2,Services,asking for help with personal care services,Completing a routine exchange about asking for help with personal care services,Giao tiếp thường ngày: personal care services — asking for help with personal care services,complete a routine exchange about asking for help with personal care services; complete the exchange naturally at A2.,380–520,3–4,Ms Lan,Ms Anna (or another context-appropriate named Mr/Ms character),PLANNED
0757,A2,Money,asking for help with banking & everyday money,Completing a routine exchange about asking for help with banking & everyday money,Giao tiếp thường ngày: banking & everyday money — asking for help with banking & everyday money,complete a routine exchange about asking for help with banking & everyday money; complete the exchange naturally at A2.,380–520,3–4,Ms Lan,Mr David (or another context-appropriate named Mr/Ms character),PLANNED
0758,A2,Services,"asking for help with post, courier & deliveries","Completing a routine exchange about asking for help with post, courier & deliveries","Giao tiếp thường ngày: post, courier & deliveries — asking for help with post, courier & deliveries","complete a routine exchange about asking for help with post, courier & deliveries; complete the exchange naturally at A2.",380–520,3–4,Ms Lan,Ms Emma (or another context-appropriate named Mr/Ms character),PLANNED
0759,A2,Services,asking for help with repairs & home services,Completing a routine exchange about asking for help with repairs & home services,Giao tiếp thường ngày: repairs & home services — asking for help with repairs & home services,complete a routine exchange about asking for help with repairs & home services; complete the exchange naturally at A2.,380–520,3–4,Ms Lan,Mr James (or another context-appropriate named Mr/Ms character),PLANNED
0760,A2,Customer Service,asking for help with customer service & complaints,Completing a routine exchange about asking for help with customer service & complaints,Giao tiếp thường ngày: customer service & complaints — asking for help with customer service & complaints,complete a routine exchange about asking for help with customer service & complaints; complete the exchange naturally at A2.,380–520,3–4,Ms Lan,Ms Sarah (or another context-appropriate named Mr/Ms character),PLANNED
0761,A2,Technology,asking for help with technology & devices,Completing a routine exchange about asking for help with technology & devices,Giao tiếp thường ngày: technology & devices — asking for help with technology & devices,complete a routine exchange about asking for help with technology & devices; complete the exchange naturally at A2.,380–520,3–4,Ms Lan,Mr Daniel (or another context-appropriate named Mr/Ms character),PLANNED
0762,A2,Technology,asking for help with internet & online accounts,Completing a routine exchange about asking for help with internet & online accounts,Giao tiếp thường ngày: internet & online accounts — asking for help with internet & online accounts,complete a routine exchange about asking for help with internet & online accounts; complete the exchange naturally at A2.,380–520,3–4,Ms Lan,Ms Olivia (or another context-appropriate named Mr/Ms character),PLANNED
0763,A2,Leisure,asking for help with entertainment & events,Completing a routine exchange about asking for help with entertainment & events,Giao tiếp thường ngày: entertainment & events — asking for help with entertainment & events,complete a routine exchange about asking for help with entertainment & events; complete the exchange naturally at A2.,380–520,3–4,Ms Lan,Mr Thomas (or another context-appropriate named Mr/Ms character),PLANNED
0764,A2,Leisure,asking for help with sports & hobbies,Completing a routine exchange about asking for help with sports & hobbies,Giao tiếp thường ngày: sports & hobbies — asking for help with sports & hobbies,complete a routine exchange about asking for help with sports & hobbies; complete the exchange naturally at A2.,380–520,3–4,Ms Lan,Ms Sophie (or another context-appropriate named Mr/Ms character),PLANNED
0765,A2,Relationships,asking for help with friends & social plans,Completing a routine exchange about asking for help with friends & social plans,Giao tiếp thường ngày: friends & social plans — asking for help with friends & social plans,complete a routine exchange about asking for help with friends & social plans; complete the exchange naturally at A2.,380–520,3–4,Ms Lan,Mr Michael (or another context-appropriate named Mr/Ms character),PLANNED
0766,A2,Social Life,asking for help with invitations & visits,Completing a routine exchange about asking for help with invitations & visits,Giao tiếp thường ngày: invitations & visits — asking for help with invitations & visits,complete a routine exchange about asking for help with invitations & visits; complete the exchange naturally at A2.,380–520,3–4,Ms Lan,Ms Grace (or another context-appropriate named Mr/Ms character),PLANNED
0767,A2,Community,asking for help with community & neighbours,Completing a routine exchange about asking for help with community & neighbours,Giao tiếp thường ngày: community & neighbours — asking for help with community & neighbours,complete a routine exchange about asking for help with community & neighbours; complete the exchange naturally at A2.,380–520,3–4,Ms Lan,Mr Henry (or another context-appropriate named Mr/Ms character),PLANNED
0768,A2,Travel Problems,asking for help with travel problems & changes,Completing a routine exchange about asking for help with travel problems & changes,Giao tiếp thường ngày: travel problems & changes — asking for help with travel problems & changes,complete a routine exchange about asking for help with travel problems & changes; complete the exchange naturally at A2.,380–520,3–4,Ms Lan,Ms Anna (or another context-appropriate named Mr/Ms character),PLANNED
0769,A2,Problems,asking for help with lost property & missing items,Completing a routine exchange about asking for help with lost property & missing items,Giao tiếp thường ngày: lost property & missing items — asking for help with lost property & missing items,complete a routine exchange about asking for help with lost property & missing items; complete the exchange naturally at A2.,380–520,3–4,Ms Lan,Mr David (or another context-appropriate named Mr/Ms character),PLANNED
0770,A2,Emergencies,asking for help with emergencies & asking for help,Completing a routine exchange about asking for help with emergencies & asking for help,Giao tiếp thường ngày: emergencies & asking for help — asking for help with emergencies & asking for help,complete a routine exchange about asking for help with emergencies & asking for help; complete the exchange naturally at A2.,380–520,3–4,Ms Lan,Ms Emma (or another context-appropriate named Mr/Ms character),PLANNED
0771,A2,Public Life,"asking for help with rules, permission & public places","Completing a routine exchange about asking for help with rules, permission & public places","Giao tiếp thường ngày: rules, permission & public places — asking for help with rules, permission & public places","complete a routine exchange about asking for help with rules, permission & public places; complete the exchange naturally at A2.",380–520,3–4,Ms Lan,Mr James (or another context-appropriate named Mr/Ms character),PLANNED
0772,A2,Housing,asking for help with renting & moving home,Completing a routine exchange about asking for help with renting & moving home,Giao tiếp thường ngày: renting & moving home — asking for help with renting & moving home,complete a routine exchange about asking for help with renting & moving home; complete the exchange naturally at A2.,380–520,3–4,Ms Lan,Ms Sarah (or another context-appropriate named Mr/Ms character),PLANNED
0773,A2,Personal Identity,your age,Completing a routine exchange about your age,Giao tiếp thường ngày: personal identity & introductions — your age,complete a routine exchange about your age; complete the exchange naturally at A2.,380–520,3–4,Ms Lan,Mr Daniel (or another context-appropriate named Mr/Ms character),PLANNED
0774,A2,Social Basics,saying sorry,Completing a routine exchange about saying sorry,Giao tiếp thường ngày: greetings & basic social contact — saying sorry,complete a routine exchange about saying sorry; complete the exchange naturally at A2.,380–520,3–4,Ms Lan,Ms Olivia (or another context-appropriate named Mr/Ms character),PLANNED
0775,A2,Numbers and Time,the day of the week,Completing a routine exchange about the day of the week,"Giao tiếp thường ngày: numbers, dates & time — the day of the week",complete a routine exchange about the day of the week; complete the exchange naturally at A2.,380–520,3–4,Ms Lan,Mr Thomas (or another context-appropriate named Mr/Ms character),PLANNED
0776,A2,Home,opening or closing something,Completing a routine exchange about opening or closing something,Giao tiếp thường ngày: home & household — opening or closing something,complete a routine exchange about opening or closing something; complete the exchange naturally at A2.,380–520,3–4,Ms Lan,Ms Sophie (or another context-appropriate named Mr/Ms character),PLANNED
0777,A2,Family,where a family member is,Completing a routine exchange about where a family member is,Giao tiếp thường ngày: family & relationships — where a family member is,complete a routine exchange about where a family member is; complete the exchange naturally at A2.,380–520,3–4,Ms Lan,Mr Michael (or another context-appropriate named Mr/Ms character),PLANNED
0778,A2,Food,asking what something is,Completing a routine exchange about asking what something is,Giao tiếp thường ngày: food & drink — asking what something is,complete a routine exchange about asking what something is; complete the exchange naturally at A2.,380–520,3–4,Ms Lan,Ms Grace (or another context-appropriate named Mr/Ms character),PLANNED
0779,A2,Shopping,a change or choice involving shopping & payments,Completing a routine exchange about a change or choice involving shopping & payments,Giao tiếp thường ngày: shopping & payments — a change or choice involving shopping & payments,complete a routine exchange about a change or choice involving shopping & payments; complete the exchange naturally at A2.,380–520,3–4,Ms Lan,Mr Henry (or another context-appropriate named Mr/Ms character),PLANNED
0780,A2,Clothing,a change or choice involving clothing & personal items,Completing a routine exchange about a change or choice involving clothing & personal items,Giao tiếp thường ngày: clothing & personal items — a change or choice involving clothing & personal items,complete a routine exchange about a change or choice involving clothing & personal items; complete the exchange naturally at A2.,380–520,3–4,Ms Lan,Ms Anna (or another context-appropriate named Mr/Ms character),PLANNED
0781,A2,Neighbourhood,a change or choice involving neighbourhood & directions,Completing a routine exchange about a change or choice involving neighbourhood & directions,Giao tiếp thường ngày: neighbourhood & directions — a change or choice involving neighbourhood & directions,complete a routine exchange about a change or choice involving neighbourhood & directions; complete the exchange naturally at A2.,380–520,3–4,Ms Lan,Mr David (or another context-appropriate named Mr/Ms character),PLANNED
0782,A2,Transport,a change or choice involving public transport,Completing a routine exchange about a change or choice involving public transport,Giao tiếp thường ngày: public transport — a change or choice involving public transport,complete a routine exchange about a change or choice involving public transport; complete the exchange naturally at A2.,380–520,3–4,Ms Lan,Ms Emma (or another context-appropriate named Mr/Ms character),PLANNED
0783,A2,Transport,a change or choice involving taxi & ride services,Completing a routine exchange about a change or choice involving taxi & ride services,Giao tiếp thường ngày: taxi & ride services — a change or choice involving taxi & ride services,complete a routine exchange about a change or choice involving taxi & ride services; complete the exchange naturally at A2.,380–520,3–4,Ms Lan,Mr James (or another context-appropriate named Mr/Ms character),PLANNED
0784,A2,Mobility,a change or choice involving walking & getting around,Completing a routine exchange about a change or choice involving walking & getting around,Giao tiếp thường ngày: walking & getting around — a change or choice involving walking & getting around,complete a routine exchange about a change or choice involving walking & getting around; complete the exchange naturally at A2.,380–520,3–4,Ms Lan,Ms Sarah (or another context-appropriate named Mr/Ms character),PLANNED
0785,A2,Weather,a change or choice involving weather & daily plans,Completing a routine exchange about a change or choice involving weather & daily plans,Giao tiếp thường ngày: weather & daily plans — a change or choice involving weather & daily plans,complete a routine exchange about a change or choice involving weather & daily plans; complete the exchange naturally at A2.,380–520,3–4,Ms Lan,Mr Daniel (or another context-appropriate named Mr/Ms character),PLANNED
0786,A2,Daily Life,a change or choice involving daily routines,Completing a routine exchange about a change or choice involving daily routines,Giao tiếp thường ngày: daily routines — a change or choice involving daily routines,complete a routine exchange about a change or choice involving daily routines; complete the exchange naturally at A2.,380–520,3–4,Ms Lan,Ms Olivia (or another context-appropriate named Mr/Ms character),PLANNED
0787,A2,Learning,a change or choice involving school & learning,Completing a routine exchange about a change or choice involving school & learning,Giao tiếp thường ngày: school & learning — a change or choice involving school & learning,complete a routine exchange about a change or choice involving school & learning; complete the exchange naturally at A2.,380–520,3–4,Ms Lan,Mr Thomas (or another context-appropriate named Mr/Ms character),PLANNED
0788,A2,Work,a change or choice involving workplace everyday communication,Completing a routine exchange about a change or choice involving workplace everyday communication,Giao tiếp thường ngày: workplace everyday communication — a change or choice involving workplace everyday communication,complete a routine exchange about a change or choice involving workplace everyday communication; complete the exchange naturally at A2.,380–520,3–4,Ms Lan,Ms Sophie (or another context-appropriate named Mr/Ms character),PLANNED
0789,A2,Communication,a change or choice involving phone calls,Completing a routine exchange about a change or choice involving phone calls,Giao tiếp thường ngày: phone calls — a change or choice involving phone calls,complete a routine exchange about a change or choice involving phone calls; complete the exchange naturally at A2.,380–520,3–4,Ms Lan,Mr Michael (or another context-appropriate named Mr/Ms character),PLANNED
0790,A2,Communication,a change or choice involving messages & everyday digital communication,Completing a routine exchange about a change or choice involving messages & everyday digital communication,Giao tiếp thường ngày: messages & everyday digital communication — a change or choice involving messages & everyday digital communication,complete a routine exchange about a change or choice involving messages & everyday digital communication; complete the exchange naturally at A2.,380–520,3–4,Ms Lan,Ms Grace (or another context-appropriate named Mr/Ms character),PLANNED
0791,A2,Scheduling,a change or choice involving appointments & schedules,Completing a routine exchange about a change or choice involving appointments & schedules,Giao tiếp thường ngày: appointments & schedules — a change or choice involving appointments & schedules,complete a routine exchange about a change or choice involving appointments & schedules; complete the exchange naturally at A2.,380–520,3–4,Ms Lan,Mr Henry (or another context-appropriate named Mr/Ms character),PLANNED
0792,A2,Eating Out,a change or choice involving restaurants & cafés,Completing a routine exchange about a change or choice involving restaurants & cafés,Giao tiếp thường ngày: restaurants & cafés — a change or choice involving restaurants & cafés,complete a routine exchange about a change or choice involving restaurants & cafés; complete the exchange naturally at A2.,380–520,3–4,Ms Lan,Ms Anna (or another context-appropriate named Mr/Ms character),PLANNED
0793,A2,Travel,a change or choice involving hotels & accommodation,Completing a routine exchange about a change or choice involving hotels & accommodation,Giao tiếp thường ngày: hotels & accommodation — a change or choice involving hotels & accommodation,complete a routine exchange about a change or choice involving hotels & accommodation; complete the exchange naturally at A2.,380–520,3–4,Ms Lan,Mr David (or another context-appropriate named Mr/Ms character),PLANNED
0794,A2,Travel,a change or choice involving airports & flights,Completing a routine exchange about a change or choice involving airports & flights,Giao tiếp thường ngày: airports & flights — a change or choice involving airports & flights,complete a routine exchange about a change or choice involving airports & flights; complete the exchange naturally at A2.,380–520,3–4,Ms Lan,Ms Emma (or another context-appropriate named Mr/Ms character),PLANNED
0795,A2,Travel,a change or choice involving train & coach travel,Completing a routine exchange about a change or choice involving train & coach travel,Giao tiếp thường ngày: train & coach travel — a change or choice involving train & coach travel,complete a routine exchange about a change or choice involving train & coach travel; complete the exchange naturally at A2.,380–520,3–4,Ms Lan,Mr James (or another context-appropriate named Mr/Ms character),PLANNED
0796,A2,Driving,"a change or choice involving driving, parking & fuel","Completing a routine exchange about a change or choice involving driving, parking & fuel","Giao tiếp thường ngày: driving, parking & fuel — a change or choice involving driving, parking & fuel","complete a routine exchange about a change or choice involving driving, parking & fuel; complete the exchange naturally at A2.",380–520,3–4,Ms Lan,Ms Sarah (or another context-appropriate named Mr/Ms character),PLANNED
0797,A2,Health Services,a change or choice involving health services & pharmacy,Completing a routine exchange about a change or choice involving health services & pharmacy,Giao tiếp thường ngày: health services & pharmacy — a change or choice involving health services & pharmacy,complete a routine exchange about a change or choice involving health services & pharmacy; complete the exchange naturally at A2.,380–520,3–4,Ms Lan,Mr Daniel (or another context-appropriate named Mr/Ms character),PLANNED
0798,A2,Wellbeing,a change or choice involving fitness & wellbeing routines,Completing a routine exchange about a change or choice involving fitness & wellbeing routines,Giao tiếp thường ngày: fitness & wellbeing routines — a change or choice involving fitness & wellbeing routines,complete a routine exchange about a change or choice involving fitness & wellbeing routines; complete the exchange naturally at A2.,380–520,3–4,Ms Lan,Ms Olivia (or another context-appropriate named Mr/Ms character),PLANNED
0799,A2,Services,a change or choice involving personal care services,Completing a routine exchange about a change or choice involving personal care services,Giao tiếp thường ngày: personal care services — a change or choice involving personal care services,complete a routine exchange about a change or choice involving personal care services; complete the exchange naturally at A2.,380–520,3–4,Ms Lan,Mr Thomas (or another context-appropriate named Mr/Ms character),PLANNED
0800,A2,Money,a change or choice involving banking & everyday money,Completing a routine exchange about a change or choice involving banking & everyday money,Giao tiếp thường ngày: banking & everyday money — a change or choice involving banking & everyday money,complete a routine exchange about a change or choice involving banking & everyday money; complete the exchange naturally at A2.,380–520,3–4,Ms Lan,Ms Sophie (or another context-appropriate named Mr/Ms character),PLANNED
0801,A2,Services,"a change or choice involving post, courier & deliveries","Completing a routine exchange about a change or choice involving post, courier & deliveries","Giao tiếp thường ngày: post, courier & deliveries — a change or choice involving post, courier & deliveries","complete a routine exchange about a change or choice involving post, courier & deliveries; complete the exchange naturally at A2.",380–520,3–4,Ms Lan,Mr Michael (or another context-appropriate named Mr/Ms character),PLANNED
0802,A2,Services,a change or choice involving repairs & home services,Completing a routine exchange about a change or choice involving repairs & home services,Giao tiếp thường ngày: repairs & home services — a change or choice involving repairs & home services,complete a routine exchange about a change or choice involving repairs & home services; complete the exchange naturally at A2.,380–520,3–4,Ms Lan,Ms Grace (or another context-appropriate named Mr/Ms character),PLANNED
0803,A2,Customer Service,a change or choice involving customer service & complaints,Completing a routine exchange about a change or choice involving customer service & complaints,Giao tiếp thường ngày: customer service & complaints — a change or choice involving customer service & complaints,complete a routine exchange about a change or choice involving customer service & complaints; complete the exchange naturally at A2.,380–520,3–4,Ms Lan,Mr Henry (or another context-appropriate named Mr/Ms character),PLANNED
0804,A2,Technology,a change or choice involving technology & devices,Completing a routine exchange about a change or choice involving technology & devices,Giao tiếp thường ngày: technology & devices — a change or choice involving technology & devices,complete a routine exchange about a change or choice involving technology & devices; complete the exchange naturally at A2.,380–520,3–4,Ms Lan,Ms Anna (or another context-appropriate named Mr/Ms character),PLANNED
0805,A2,Technology,a change or choice involving internet & online accounts,Completing a routine exchange about a change or choice involving internet & online accounts,Giao tiếp thường ngày: internet & online accounts — a change or choice involving internet & online accounts,complete a routine exchange about a change or choice involving internet & online accounts; complete the exchange naturally at A2.,380–520,3–4,Ms Lan,Mr David (or another context-appropriate named Mr/Ms character),PLANNED
0806,A2,Leisure,a change or choice involving entertainment & events,Completing a routine exchange about a change or choice involving entertainment & events,Giao tiếp thường ngày: entertainment & events — a change or choice involving entertainment & events,complete a routine exchange about a change or choice involving entertainment & events; complete the exchange naturally at A2.,380–520,3–4,Ms Lan,Ms Emma (or another context-appropriate named Mr/Ms character),PLANNED
0807,A2,Leisure,a change or choice involving sports & hobbies,Completing a routine exchange about a change or choice involving sports & hobbies,Giao tiếp thường ngày: sports & hobbies — a change or choice involving sports & hobbies,complete a routine exchange about a change or choice involving sports & hobbies; complete the exchange naturally at A2.,380–520,3–4,Ms Lan,Mr James (or another context-appropriate named Mr/Ms character),PLANNED
0808,A2,Relationships,a change or choice involving friends & social plans,Completing a routine exchange about a change or choice involving friends & social plans,Giao tiếp thường ngày: friends & social plans — a change or choice involving friends & social plans,complete a routine exchange about a change or choice involving friends & social plans; complete the exchange naturally at A2.,380–520,3–4,Ms Lan,Ms Sarah (or another context-appropriate named Mr/Ms character),PLANNED
0809,A2,Social Life,a change or choice involving invitations & visits,Completing a routine exchange about a change or choice involving invitations & visits,Giao tiếp thường ngày: invitations & visits — a change or choice involving invitations & visits,complete a routine exchange about a change or choice involving invitations & visits; complete the exchange naturally at A2.,380–520,3–4,Ms Lan,Mr Daniel (or another context-appropriate named Mr/Ms character),PLANNED
0810,A2,Community,a change or choice involving community & neighbours,Completing a routine exchange about a change or choice involving community & neighbours,Giao tiếp thường ngày: community & neighbours — a change or choice involving community & neighbours,complete a routine exchange about a change or choice involving community & neighbours; complete the exchange naturally at A2.,380–520,3–4,Ms Lan,Ms Olivia (or another context-appropriate named Mr/Ms character),PLANNED
0811,A2,Travel Problems,a change or choice involving travel problems & changes,Completing a routine exchange about a change or choice involving travel problems & changes,Giao tiếp thường ngày: travel problems & changes — a change or choice involving travel problems & changes,complete a routine exchange about a change or choice involving travel problems & changes; complete the exchange naturally at A2.,380–520,3–4,Ms Lan,Mr Thomas (or another context-appropriate named Mr/Ms character),PLANNED
0812,A2,Problems,a change or choice involving lost property & missing items,Completing a routine exchange about a change or choice involving lost property & missing items,Giao tiếp thường ngày: lost property & missing items — a change or choice involving lost property & missing items,complete a routine exchange about a change or choice involving lost property & missing items; complete the exchange naturally at A2.,380–520,3–4,Ms Lan,Ms Sophie (or another context-appropriate named Mr/Ms character),PLANNED
0813,A2,Emergencies,a change or choice involving emergencies & asking for help,Completing a routine exchange about a change or choice involving emergencies & asking for help,Giao tiếp thường ngày: emergencies & asking for help — a change or choice involving emergencies & asking for help,complete a routine exchange about a change or choice involving emergencies & asking for help; complete the exchange naturally at A2.,380–520,3–4,Ms Lan,Mr Michael (or another context-appropriate named Mr/Ms character),PLANNED
0814,A2,Public Life,"a change or choice involving rules, permission & public places","Completing a routine exchange about a change or choice involving rules, permission & public places","Giao tiếp thường ngày: rules, permission & public places — a change or choice involving rules, permission & public places","complete a routine exchange about a change or choice involving rules, permission & public places; complete the exchange naturally at A2.",380–520,3–4,Ms Lan,Ms Grace (or another context-appropriate named Mr/Ms character),PLANNED
0815,A2,Housing,a change or choice involving renting & moving home,Completing a routine exchange about a change or choice involving renting & moving home,Giao tiếp thường ngày: renting & moving home — a change or choice involving renting & moving home,complete a routine exchange about a change or choice involving renting & moving home; complete the exchange naturally at A2.,380–520,3–4,Ms Lan,Mr Henry (or another context-appropriate named Mr/Ms character),PLANNED
0816,A2,Personal Identity,your phone number,Completing a routine exchange about your phone number,Giao tiếp thường ngày: personal identity & introductions — your phone number,complete a routine exchange about your phone number; complete the exchange naturally at A2.,380–520,3–4,Ms Lan,Ms Anna (or another context-appropriate named Mr/Ms character),PLANNED
0817,A2,Social Basics,getting someone's attention politely,Completing a routine exchange about getting someone's attention politely,Giao tiếp thường ngày: greetings & basic social contact — getting someone's attention politely,complete a routine exchange about getting someone's attention politely; complete the exchange naturally at A2.,380–520,3–4,Ms Lan,Mr David (or another context-appropriate named Mr/Ms character),PLANNED
0818,A2,Numbers and Time,the current time,Completing a routine exchange about the current time,"Giao tiếp thường ngày: numbers, dates & time — the current time",complete a routine exchange about the current time; complete the exchange naturally at A2.,380–520,3–4,Ms Lan,Ms Emma (or another context-appropriate named Mr/Ms character),PLANNED
0819,A2,Home,a simple household instruction,Completing a routine exchange about a simple household instruction,Giao tiếp thường ngày: home & household — a simple household instruction,complete a routine exchange about a simple household instruction; complete the exchange naturally at A2.,380–520,3–4,Ms Lan,Mr James (or another context-appropriate named Mr/Ms character),PLANNED
0820,A2,Family,a simple family plan,Completing a routine exchange about a simple family plan,Giao tiếp thường ngày: family & relationships — a simple family plan,complete a routine exchange about a simple family plan; complete the exchange naturally at A2.,380–520,3–4,Ms Lan,Ms Sarah (or another context-appropriate named Mr/Ms character),PLANNED
0821,A2,Food,a basic meal choice,Completing a routine exchange about a basic meal choice,Giao tiếp thường ngày: food & drink — a basic meal choice,complete a routine exchange about a basic meal choice; complete the exchange naturally at A2.,380–520,3–4,Ms Lan,Mr Daniel (or another context-appropriate named Mr/Ms character),PLANNED
0822,A2,Shopping,a misunderstanding or problem involving shopping & payments,Completing a routine exchange about a misunderstanding or problem involving shopping & payments,Giao tiếp thường ngày: shopping & payments — a misunderstanding or problem involving shopping & payments,complete a routine exchange about a misunderstanding or problem involving shopping & payments; complete the exchange naturally at A2.,380–520,3–4,Ms Lan,Ms Olivia (or another context-appropriate named Mr/Ms character),PLANNED
0823,A2,Clothing,a misunderstanding or problem involving clothing & personal items,Completing a routine exchange about a misunderstanding or problem involving clothing & personal items,Giao tiếp thường ngày: clothing & personal items — a misunderstanding or problem involving clothing & personal items,complete a routine exchange about a misunderstanding or problem involving clothing & personal items; complete the exchange naturally at A2.,380–520,3–4,Ms Lan,Mr Thomas (or another context-appropriate named Mr/Ms character),PLANNED
0824,A2,Neighbourhood,a misunderstanding or problem involving neighbourhood & directions,Completing a routine exchange about a misunderstanding or problem involving neighbourhood & directions,Giao tiếp thường ngày: neighbourhood & directions — a misunderstanding or problem involving neighbourhood & directions,complete a routine exchange about a misunderstanding or problem involving neighbourhood & directions; complete the exchange naturally at A2.,380–520,3–4,Ms Lan,Ms Sophie (or another context-appropriate named Mr/Ms character),PLANNED
0825,A2,Transport,a misunderstanding or problem involving public transport,Completing a routine exchange about a misunderstanding or problem involving public transport,Giao tiếp thường ngày: public transport — a misunderstanding or problem involving public transport,complete a routine exchange about a misunderstanding or problem involving public transport; complete the exchange naturally at A2.,380–520,3–4,Ms Lan,Mr Michael (or another context-appropriate named Mr/Ms character),PLANNED
0826,A2,Transport,a misunderstanding or problem involving taxi & ride services,Completing a routine exchange about a misunderstanding or problem involving taxi & ride services,Giao tiếp thường ngày: taxi & ride services — a misunderstanding or problem involving taxi & ride services,complete a routine exchange about a misunderstanding or problem involving taxi & ride services; complete the exchange naturally at A2.,380–520,3–4,Ms Lan,Ms Grace (or another context-appropriate named Mr/Ms character),PLANNED
0827,A2,Mobility,a misunderstanding or problem involving walking & getting around,Completing a routine exchange about a misunderstanding or problem involving walking & getting around,Giao tiếp thường ngày: walking & getting around — a misunderstanding or problem involving walking & getting around,complete a routine exchange about a misunderstanding or problem involving walking & getting around; complete the exchange naturally at A2.,380–520,3–4,Ms Lan,Mr Henry (or another context-appropriate named Mr/Ms character),PLANNED
0828,A2,Weather,a misunderstanding or problem involving weather & daily plans,Completing a routine exchange about a misunderstanding or problem involving weather & daily plans,Giao tiếp thường ngày: weather & daily plans — a misunderstanding or problem involving weather & daily plans,complete a routine exchange about a misunderstanding or problem involving weather & daily plans; complete the exchange naturally at A2.,380–520,3–4,Ms Lan,Ms Anna (or another context-appropriate named Mr/Ms character),PLANNED
0829,A2,Daily Life,a misunderstanding or problem involving daily routines,Completing a routine exchange about a misunderstanding or problem involving daily routines,Giao tiếp thường ngày: daily routines — a misunderstanding or problem involving daily routines,complete a routine exchange about a misunderstanding or problem involving daily routines; complete the exchange naturally at A2.,380–520,3–4,Ms Lan,Mr David (or another context-appropriate named Mr/Ms character),PLANNED
0830,A2,Learning,a misunderstanding or problem involving school & learning,Completing a routine exchange about a misunderstanding or problem involving school & learning,Giao tiếp thường ngày: school & learning — a misunderstanding or problem involving school & learning,complete a routine exchange about a misunderstanding or problem involving school & learning; complete the exchange naturally at A2.,380–520,3–4,Ms Lan,Ms Emma (or another context-appropriate named Mr/Ms character),PLANNED
0831,A2,Work,a misunderstanding or problem involving workplace everyday communication,Completing a routine exchange about a misunderstanding or problem involving workplace everyday communication,Giao tiếp thường ngày: workplace everyday communication — a misunderstanding or problem involving workplace everyday communication,complete a routine exchange about a misunderstanding or problem involving workplace everyday communication; complete the exchange naturally at A2.,380–520,3–4,Ms Lan,Mr James (or another context-appropriate named Mr/Ms character),PLANNED
0832,A2,Communication,a misunderstanding or problem involving phone calls,Completing a routine exchange about a misunderstanding or problem involving phone calls,Giao tiếp thường ngày: phone calls — a misunderstanding or problem involving phone calls,complete a routine exchange about a misunderstanding or problem involving phone calls; complete the exchange naturally at A2.,380–520,3–4,Ms Lan,Ms Sarah (or another context-appropriate named Mr/Ms character),PLANNED
0833,A2,Communication,a misunderstanding or problem involving messages & everyday digital communication,Completing a routine exchange about a misunderstanding or problem involving messages & everyday digital communication,Giao tiếp thường ngày: messages & everyday digital communication — a misunderstanding or problem involving messages & everyday digital communication,complete a routine exchange about a misunderstanding or problem involving messages & everyday digital communication; complete the exchange naturally at A2.,380–520,3–4,Ms Lan,Mr Daniel (or another context-appropriate named Mr/Ms character),PLANNED
0834,A2,Scheduling,a misunderstanding or problem involving appointments & schedules,Completing a routine exchange about a misunderstanding or problem involving appointments & schedules,Giao tiếp thường ngày: appointments & schedules — a misunderstanding or problem involving appointments & schedules,complete a routine exchange about a misunderstanding or problem involving appointments & schedules; complete the exchange naturally at A2.,380–520,3–4,Ms Lan,Ms Olivia (or another context-appropriate named Mr/Ms character),PLANNED
0835,A2,Eating Out,a misunderstanding or problem involving restaurants & cafés,Completing a routine exchange about a misunderstanding or problem involving restaurants & cafés,Giao tiếp thường ngày: restaurants & cafés — a misunderstanding or problem involving restaurants & cafés,complete a routine exchange about a misunderstanding or problem involving restaurants & cafés; complete the exchange naturally at A2.,380–520,3–4,Ms Lan,Mr Thomas (or another context-appropriate named Mr/Ms character),PLANNED
0836,A2,Travel,a misunderstanding or problem involving hotels & accommodation,Completing a routine exchange about a misunderstanding or problem involving hotels & accommodation,Giao tiếp thường ngày: hotels & accommodation — a misunderstanding or problem involving hotels & accommodation,complete a routine exchange about a misunderstanding or problem involving hotels & accommodation; complete the exchange naturally at A2.,380–520,3–4,Ms Lan,Ms Sophie (or another context-appropriate named Mr/Ms character),PLANNED
0837,A2,Travel,a misunderstanding or problem involving airports & flights,Completing a routine exchange about a misunderstanding or problem involving airports & flights,Giao tiếp thường ngày: airports & flights — a misunderstanding or problem involving airports & flights,complete a routine exchange about a misunderstanding or problem involving airports & flights; complete the exchange naturally at A2.,380–520,3–4,Ms Lan,Mr Michael (or another context-appropriate named Mr/Ms character),PLANNED
0838,A2,Travel,a misunderstanding or problem involving train & coach travel,Completing a routine exchange about a misunderstanding or problem involving train & coach travel,Giao tiếp thường ngày: train & coach travel — a misunderstanding or problem involving train & coach travel,complete a routine exchange about a misunderstanding or problem involving train & coach travel; complete the exchange naturally at A2.,380–520,3–4,Ms Lan,Ms Grace (or another context-appropriate named Mr/Ms character),PLANNED
0839,A2,Driving,"a misunderstanding or problem involving driving, parking & fuel","Completing a routine exchange about a misunderstanding or problem involving driving, parking & fuel","Giao tiếp thường ngày: driving, parking & fuel — a misunderstanding or problem involving driving, parking & fuel","complete a routine exchange about a misunderstanding or problem involving driving, parking & fuel; complete the exchange naturally at A2.",380–520,3–4,Ms Lan,Mr Henry (or another context-appropriate named Mr/Ms character),PLANNED
0840,A2,Health Services,a misunderstanding or problem involving health services & pharmacy,Completing a routine exchange about a misunderstanding or problem involving health services & pharmacy,Giao tiếp thường ngày: health services & pharmacy — a misunderstanding or problem involving health services & pharmacy,complete a routine exchange about a misunderstanding or problem involving health services & pharmacy; complete the exchange naturally at A2.,380–520,3–4,Ms Lan,Ms Anna (or another context-appropriate named Mr/Ms character),PLANNED
0841,A2,Wellbeing,a misunderstanding or problem involving fitness & wellbeing routines,Completing a routine exchange about a misunderstanding or problem involving fitness & wellbeing routines,Giao tiếp thường ngày: fitness & wellbeing routines — a misunderstanding or problem involving fitness & wellbeing routines,complete a routine exchange about a misunderstanding or problem involving fitness & wellbeing routines; complete the exchange naturally at A2.,380–520,3–4,Ms Lan,Mr David (or another context-appropriate named Mr/Ms character),PLANNED
0842,A2,Services,a misunderstanding or problem involving personal care services,Completing a routine exchange about a misunderstanding or problem involving personal care services,Giao tiếp thường ngày: personal care services — a misunderstanding or problem involving personal care services,complete a routine exchange about a misunderstanding or problem involving personal care services; complete the exchange naturally at A2.,380–520,3–4,Ms Lan,Ms Emma (or another context-appropriate named Mr/Ms character),PLANNED
0843,A2,Money,a misunderstanding or problem involving banking & everyday money,Completing a routine exchange about a misunderstanding or problem involving banking & everyday money,Giao tiếp thường ngày: banking & everyday money — a misunderstanding or problem involving banking & everyday money,complete a routine exchange about a misunderstanding or problem involving banking & everyday money; complete the exchange naturally at A2.,380–520,3–4,Ms Lan,Mr James (or another context-appropriate named Mr/Ms character),PLANNED
0844,A2,Services,"a misunderstanding or problem involving post, courier & deliveries","Completing a routine exchange about a misunderstanding or problem involving post, courier & deliveries","Giao tiếp thường ngày: post, courier & deliveries — a misunderstanding or problem involving post, courier & deliveries","complete a routine exchange about a misunderstanding or problem involving post, courier & deliveries; complete the exchange naturally at A2.",380–520,3–4,Ms Lan,Ms Sarah (or another context-appropriate named Mr/Ms character),PLANNED
0845,A2,Services,a misunderstanding or problem involving repairs & home services,Completing a routine exchange about a misunderstanding or problem involving repairs & home services,Giao tiếp thường ngày: repairs & home services — a misunderstanding or problem involving repairs & home services,complete a routine exchange about a misunderstanding or problem involving repairs & home services; complete the exchange naturally at A2.,380–520,3–4,Ms Lan,Mr Daniel (or another context-appropriate named Mr/Ms character),PLANNED
0846,A2,Customer Service,a misunderstanding or problem involving customer service & complaints,Completing a routine exchange about a misunderstanding or problem involving customer service & complaints,Giao tiếp thường ngày: customer service & complaints — a misunderstanding or problem involving customer service & complaints,complete a routine exchange about a misunderstanding or problem involving customer service & complaints; complete the exchange naturally at A2.,380–520,3–4,Ms Lan,Ms Olivia (or another context-appropriate named Mr/Ms character),PLANNED
0847,A2,Technology,a misunderstanding or problem involving technology & devices,Completing a routine exchange about a misunderstanding or problem involving technology & devices,Giao tiếp thường ngày: technology & devices — a misunderstanding or problem involving technology & devices,complete a routine exchange about a misunderstanding or problem involving technology & devices; complete the exchange naturally at A2.,380–520,3–4,Ms Lan,Mr Thomas (or another context-appropriate named Mr/Ms character),PLANNED
0848,A2,Technology,a misunderstanding or problem involving internet & online accounts,Completing a routine exchange about a misunderstanding or problem involving internet & online accounts,Giao tiếp thường ngày: internet & online accounts — a misunderstanding or problem involving internet & online accounts,complete a routine exchange about a misunderstanding or problem involving internet & online accounts; complete the exchange naturally at A2.,380–520,3–4,Ms Lan,Ms Sophie (or another context-appropriate named Mr/Ms character),PLANNED
0849,A2,Leisure,a misunderstanding or problem involving entertainment & events,Completing a routine exchange about a misunderstanding or problem involving entertainment & events,Giao tiếp thường ngày: entertainment & events — a misunderstanding or problem involving entertainment & events,complete a routine exchange about a misunderstanding or problem involving entertainment & events; complete the exchange naturally at A2.,380–520,3–4,Ms Lan,Mr Michael (or another context-appropriate named Mr/Ms character),PLANNED
0850,A2,Leisure,a misunderstanding or problem involving sports & hobbies,Completing a routine exchange about a misunderstanding or problem involving sports & hobbies,Giao tiếp thường ngày: sports & hobbies — a misunderstanding or problem involving sports & hobbies,complete a routine exchange about a misunderstanding or problem involving sports & hobbies; complete the exchange naturally at A2.,380–520,3–4,Ms Lan,Ms Grace (or another context-appropriate named Mr/Ms character),PLANNED
0851,A2,Relationships,a misunderstanding or problem involving friends & social plans,Completing a routine exchange about a misunderstanding or problem involving friends & social plans,Giao tiếp thường ngày: friends & social plans — a misunderstanding or problem involving friends & social plans,complete a routine exchange about a misunderstanding or problem involving friends & social plans; complete the exchange naturally at A2.,380–520,3–4,Ms Lan,Mr Henry (or another context-appropriate named Mr/Ms character),PLANNED
0852,A2,Social Life,a misunderstanding or problem involving invitations & visits,Completing a routine exchange about a misunderstanding or problem involving invitations & visits,Giao tiếp thường ngày: invitations & visits — a misunderstanding or problem involving invitations & visits,complete a routine exchange about a misunderstanding or problem involving invitations & visits; complete the exchange naturally at A2.,380–520,3–4,Ms Lan,Ms Anna (or another context-appropriate named Mr/Ms character),PLANNED
0853,A2,Community,a misunderstanding or problem involving community & neighbours,Completing a routine exchange about a misunderstanding or problem involving community & neighbours,Giao tiếp thường ngày: community & neighbours — a misunderstanding or problem involving community & neighbours,complete a routine exchange about a misunderstanding or problem involving community & neighbours; complete the exchange naturally at A2.,380–520,3–4,Ms Lan,Mr David (or another context-appropriate named Mr/Ms character),PLANNED
0854,A2,Travel Problems,a misunderstanding or problem involving travel problems & changes,Completing a routine exchange about a misunderstanding or problem involving travel problems & changes,Giao tiếp thường ngày: travel problems & changes — a misunderstanding or problem involving travel problems & changes,complete a routine exchange about a misunderstanding or problem involving travel problems & changes; complete the exchange naturally at A2.,380–520,3–4,Ms Lan,Ms Emma (or another context-appropriate named Mr/Ms character),PLANNED
0855,A2,Problems,a misunderstanding or problem involving lost property & missing items,Completing a routine exchange about a misunderstanding or problem involving lost property & missing items,Giao tiếp thường ngày: lost property & missing items — a misunderstanding or problem involving lost property & missing items,complete a routine exchange about a misunderstanding or problem involving lost property & missing items; complete the exchange naturally at A2.,380–520,3–4,Ms Lan,Mr James (or another context-appropriate named Mr/Ms character),PLANNED
0856,A2,Emergencies,a misunderstanding or problem involving emergencies & asking for help,Completing a routine exchange about a misunderstanding or problem involving emergencies & asking for help,Giao tiếp thường ngày: emergencies & asking for help — a misunderstanding or problem involving emergencies & asking for help,complete a routine exchange about a misunderstanding or problem involving emergencies & asking for help; complete the exchange naturally at A2.,380–520,3–4,Ms Lan,Ms Sarah (or another context-appropriate named Mr/Ms character),PLANNED
0857,A2,Public Life,"a misunderstanding or problem involving rules, permission & public places","Completing a routine exchange about a misunderstanding or problem involving rules, permission & public places","Giao tiếp thường ngày: rules, permission & public places — a misunderstanding or problem involving rules, permission & public places","complete a routine exchange about a misunderstanding or problem involving rules, permission & public places; complete the exchange naturally at A2.",380–520,3–4,Ms Lan,Mr Daniel (or another context-appropriate named Mr/Ms character),PLANNED
0858,A2,Housing,a misunderstanding or problem involving renting & moving home,Completing a routine exchange about a misunderstanding or problem involving renting & moving home,Giao tiếp thường ngày: renting & moving home — a misunderstanding or problem involving renting & moving home,complete a routine exchange about a misunderstanding or problem involving renting & moving home; complete the exchange naturally at A2.,380–520,3–4,Ms Lan,Ms Olivia (or another context-appropriate named Mr/Ms character),PLANNED
0859,A2,Personal Identity,your name,Making and changing an arrangement about your name,Giao tiếp thường ngày: personal identity & introductions — your name,make and change a simple arrangement about your name; complete the exchange naturally at A2.,380–520,3–4,Ms Lan,Mr Thomas (or another context-appropriate named Mr/Ms character),PLANNED
0860,A2,Social Basics,saying hello,Making and changing an arrangement about saying hello,Giao tiếp thường ngày: greetings & basic social contact — saying hello,make and change a simple arrangement about saying hello; complete the exchange naturally at A2.,380–520,3–4,Ms Lan,Ms Sophie (or another context-appropriate named Mr/Ms character),PLANNED
0861,A2,Numbers and Time,numbers 0–20,Making and changing an arrangement about numbers 0–20,"Giao tiếp thường ngày: numbers, dates & time — numbers 0–20",make and change a simple arrangement about numbers 0–20; complete the exchange naturally at A2.,380–520,3–4,Ms Lan,Mr Michael (or another context-appropriate named Mr/Ms character),PLANNED
0862,A2,Home,a room in the home,Making and changing an arrangement about a room in the home,Giao tiếp thường ngày: home & household — a room in the home,make and change a simple arrangement about a room in the home; complete the exchange naturally at A2.,380–520,3–4,Ms Lan,Ms Grace (or another context-appropriate named Mr/Ms character),PLANNED
0863,A2,Family,who a family member is,Making and changing an arrangement about who a family member is,Giao tiếp thường ngày: family & relationships — who a family member is,make and change a simple arrangement about who a family member is; complete the exchange naturally at A2.,380–520,3–4,Ms Lan,Mr Henry (or another context-appropriate named Mr/Ms character),PLANNED
0864,A2,Food,asking for water,Making and changing an arrangement about asking for water,Giao tiếp thường ngày: food & drink — asking for water,make and change a simple arrangement about asking for water; complete the exchange naturally at A2.,380–520,3–4,Ms Lan,Ms Anna (or another context-appropriate named Mr/Ms character),PLANNED
0865,A2,Shopping,the first practical exchange about shopping & payments,Making and changing an arrangement about the first practical exchange about shopping & payments,Giao tiếp thường ngày: shopping & payments — the first practical exchange about shopping & payments,make and change a simple arrangement about the first practical exchange about shopping & payments; complete the exchange naturally at A2.,380–520,3–4,Ms Lan,Mr David (or another context-appropriate named Mr/Ms character),PLANNED
0866,A2,Clothing,the first practical exchange about clothing & personal items,Making and changing an arrangement about the first practical exchange about clothing & personal items,Giao tiếp thường ngày: clothing & personal items — the first practical exchange about clothing & personal items,make and change a simple arrangement about the first practical exchange about clothing & personal items; complete the exchange naturally at A2.,380–520,3–4,Ms Lan,Ms Emma (or another context-appropriate named Mr/Ms character),PLANNED
0867,A2,Neighbourhood,the first practical exchange about neighbourhood & directions,Making and changing an arrangement about the first practical exchange about neighbourhood & directions,Giao tiếp thường ngày: neighbourhood & directions — the first practical exchange about neighbourhood & directions,make and change a simple arrangement about the first practical exchange about neighbourhood & directions; complete the exchange naturally at A2.,380–520,3–4,Ms Lan,Mr James (or another context-appropriate named Mr/Ms character),PLANNED
0868,A2,Transport,the first practical exchange about public transport,Making and changing an arrangement about the first practical exchange about public transport,Giao tiếp thường ngày: public transport — the first practical exchange about public transport,make and change a simple arrangement about the first practical exchange about public transport; complete the exchange naturally at A2.,380–520,3–4,Ms Lan,Ms Sarah (or another context-appropriate named Mr/Ms character),PLANNED
0869,A2,Transport,the first practical exchange about taxi & ride services,Making and changing an arrangement about the first practical exchange about taxi & ride services,Giao tiếp thường ngày: taxi & ride services — the first practical exchange about taxi & ride services,make and change a simple arrangement about the first practical exchange about taxi & ride services; complete the exchange naturally at A2.,380–520,3–4,Ms Lan,Mr Daniel (or another context-appropriate named Mr/Ms character),PLANNED
0870,A2,Mobility,the first practical exchange about walking & getting around,Making and changing an arrangement about the first practical exchange about walking & getting around,Giao tiếp thường ngày: walking & getting around — the first practical exchange about walking & getting around,make and change a simple arrangement about the first practical exchange about walking & getting around; complete the exchange naturally at A2.,380–520,3–4,Ms Lan,Ms Olivia (or another context-appropriate named Mr/Ms character),PLANNED
0871,A2,Weather,the first practical exchange about weather & daily plans,Making and changing an arrangement about the first practical exchange about weather & daily plans,Giao tiếp thường ngày: weather & daily plans — the first practical exchange about weather & daily plans,make and change a simple arrangement about the first practical exchange about weather & daily plans; complete the exchange naturally at A2.,380–520,3–4,Ms Lan,Mr Thomas (or another context-appropriate named Mr/Ms character),PLANNED
0872,A2,Daily Life,the first practical exchange about daily routines,Making and changing an arrangement about the first practical exchange about daily routines,Giao tiếp thường ngày: daily routines — the first practical exchange about daily routines,make and change a simple arrangement about the first practical exchange about daily routines; complete the exchange naturally at A2.,380–520,3–4,Ms Lan,Ms Sophie (or another context-appropriate named Mr/Ms character),PLANNED
0873,A2,Learning,the first practical exchange about school & learning,Making and changing an arrangement about the first practical exchange about school & learning,Giao tiếp thường ngày: school & learning — the first practical exchange about school & learning,make and change a simple arrangement about the first practical exchange about school & learning; complete the exchange naturally at A2.,380–520,3–4,Ms Lan,Mr Michael (or another context-appropriate named Mr/Ms character),PLANNED
0874,A2,Work,the first practical exchange about workplace everyday communication,Making and changing an arrangement about the first practical exchange about workplace everyday communication,Giao tiếp thường ngày: workplace everyday communication — the first practical exchange about workplace everyday communication,make and change a simple arrangement about the first practical exchange about workplace everyday communication; complete the exchange naturally at A2.,380–520,3–4,Ms Lan,Ms Grace (or another context-appropriate named Mr/Ms character),PLANNED
0875,A2,Communication,the first practical exchange about phone calls,Making and changing an arrangement about the first practical exchange about phone calls,Giao tiếp thường ngày: phone calls — the first practical exchange about phone calls,make and change a simple arrangement about the first practical exchange about phone calls; complete the exchange naturally at A2.,380–520,3–4,Ms Lan,Mr Henry (or another context-appropriate named Mr/Ms character),PLANNED
0876,A2,Communication,the first practical exchange about messages & everyday digital communication,Making and changing an arrangement about the first practical exchange about messages & everyday digital communication,Giao tiếp thường ngày: messages & everyday digital communication — the first practical exchange about messages & everyday digital communication,make and change a simple arrangement about the first practical exchange about messages & everyday digital communication; complete the exchange naturally at A2.,380–520,3–4,Ms Lan,Ms Anna (or another context-appropriate named Mr/Ms character),PLANNED
0877,A2,Scheduling,the first practical exchange about appointments & schedules,Making and changing an arrangement about the first practical exchange about appointments & schedules,Giao tiếp thường ngày: appointments & schedules — the first practical exchange about appointments & schedules,make and change a simple arrangement about the first practical exchange about appointments & schedules; complete the exchange naturally at A2.,380–520,3–4,Ms Lan,Mr David (or another context-appropriate named Mr/Ms character),PLANNED
0878,A2,Eating Out,the first practical exchange about restaurants & cafés,Making and changing an arrangement about the first practical exchange about restaurants & cafés,Giao tiếp thường ngày: restaurants & cafés — the first practical exchange about restaurants & cafés,make and change a simple arrangement about the first practical exchange about restaurants & cafés; complete the exchange naturally at A2.,380–520,3–4,Ms Lan,Ms Emma (or another context-appropriate named Mr/Ms character),PLANNED
0879,A2,Travel,the first practical exchange about hotels & accommodation,Making and changing an arrangement about the first practical exchange about hotels & accommodation,Giao tiếp thường ngày: hotels & accommodation — the first practical exchange about hotels & accommodation,make and change a simple arrangement about the first practical exchange about hotels & accommodation; complete the exchange naturally at A2.,380–520,3–4,Ms Lan,Mr James (or another context-appropriate named Mr/Ms character),PLANNED
0880,A2,Travel,the first practical exchange about airports & flights,Making and changing an arrangement about the first practical exchange about airports & flights,Giao tiếp thường ngày: airports & flights — the first practical exchange about airports & flights,make and change a simple arrangement about the first practical exchange about airports & flights; complete the exchange naturally at A2.,380–520,3–4,Ms Lan,Ms Sarah (or another context-appropriate named Mr/Ms character),PLANNED
0881,A2,Travel,the first practical exchange about train & coach travel,Making and changing an arrangement about the first practical exchange about train & coach travel,Giao tiếp thường ngày: train & coach travel — the first practical exchange about train & coach travel,make and change a simple arrangement about the first practical exchange about train & coach travel; complete the exchange naturally at A2.,380–520,3–4,Ms Lan,Mr Daniel (or another context-appropriate named Mr/Ms character),PLANNED
0882,A2,Driving,"the first practical exchange about driving, parking & fuel","Making and changing an arrangement about the first practical exchange about driving, parking & fuel","Giao tiếp thường ngày: driving, parking & fuel — the first practical exchange about driving, parking & fuel","make and change a simple arrangement about the first practical exchange about driving, parking & fuel; complete the exchange naturally at A2.",380–520,3–4,Ms Lan,Ms Olivia (or another context-appropriate named Mr/Ms character),PLANNED
0883,A2,Health Services,the first practical exchange about health services & pharmacy,Making and changing an arrangement about the first practical exchange about health services & pharmacy,Giao tiếp thường ngày: health services & pharmacy — the first practical exchange about health services & pharmacy,make and change a simple arrangement about the first practical exchange about health services & pharmacy; complete the exchange naturally at A2.,380–520,3–4,Ms Lan,Mr Thomas (or another context-appropriate named Mr/Ms character),PLANNED
0884,A2,Wellbeing,the first practical exchange about fitness & wellbeing routines,Making and changing an arrangement about the first practical exchange about fitness & wellbeing routines,Giao tiếp thường ngày: fitness & wellbeing routines — the first practical exchange about fitness & wellbeing routines,make and change a simple arrangement about the first practical exchange about fitness & wellbeing routines; complete the exchange naturally at A2.,380–520,3–4,Ms Lan,Ms Sophie (or another context-appropriate named Mr/Ms character),PLANNED
0885,A2,Services,the first practical exchange about personal care services,Making and changing an arrangement about the first practical exchange about personal care services,Giao tiếp thường ngày: personal care services — the first practical exchange about personal care services,make and change a simple arrangement about the first practical exchange about personal care services; complete the exchange naturally at A2.,380–520,3–4,Ms Lan,Mr Michael (or another context-appropriate named Mr/Ms character),PLANNED
0886,A2,Money,the first practical exchange about banking & everyday money,Making and changing an arrangement about the first practical exchange about banking & everyday money,Giao tiếp thường ngày: banking & everyday money — the first practical exchange about banking & everyday money,make and change a simple arrangement about the first practical exchange about banking & everyday money; complete the exchange naturally at A2.,380–520,3–4,Ms Lan,Ms Grace (or another context-appropriate named Mr/Ms character),PLANNED
0887,A2,Services,"the first practical exchange about post, courier & deliveries","Making and changing an arrangement about the first practical exchange about post, courier & deliveries","Giao tiếp thường ngày: post, courier & deliveries — the first practical exchange about post, courier & deliveries","make and change a simple arrangement about the first practical exchange about post, courier & deliveries; complete the exchange naturally at A2.",380–520,3–4,Ms Lan,Mr Henry (or another context-appropriate named Mr/Ms character),PLANNED
0888,A2,Services,the first practical exchange about repairs & home services,Making and changing an arrangement about the first practical exchange about repairs & home services,Giao tiếp thường ngày: repairs & home services — the first practical exchange about repairs & home services,make and change a simple arrangement about the first practical exchange about repairs & home services; complete the exchange naturally at A2.,380–520,3–4,Ms Lan,Ms Anna (or another context-appropriate named Mr/Ms character),PLANNED
0889,A2,Customer Service,the first practical exchange about customer service & complaints,Making and changing an arrangement about the first practical exchange about customer service & complaints,Giao tiếp thường ngày: customer service & complaints — the first practical exchange about customer service & complaints,make and change a simple arrangement about the first practical exchange about customer service & complaints; complete the exchange naturally at A2.,380–520,3–4,Ms Lan,Mr David (or another context-appropriate named Mr/Ms character),PLANNED
0890,A2,Technology,the first practical exchange about technology & devices,Making and changing an arrangement about the first practical exchange about technology & devices,Giao tiếp thường ngày: technology & devices — the first practical exchange about technology & devices,make and change a simple arrangement about the first practical exchange about technology & devices; complete the exchange naturally at A2.,380–520,3–4,Ms Lan,Ms Emma (or another context-appropriate named Mr/Ms character),PLANNED
0891,A2,Technology,the first practical exchange about internet & online accounts,Making and changing an arrangement about the first practical exchange about internet & online accounts,Giao tiếp thường ngày: internet & online accounts — the first practical exchange about internet & online accounts,make and change a simple arrangement about the first practical exchange about internet & online accounts; complete the exchange naturally at A2.,380–520,3–4,Ms Lan,Mr James (or another context-appropriate named Mr/Ms character),PLANNED
0892,A2,Leisure,the first practical exchange about entertainment & events,Making and changing an arrangement about the first practical exchange about entertainment & events,Giao tiếp thường ngày: entertainment & events — the first practical exchange about entertainment & events,make and change a simple arrangement about the first practical exchange about entertainment & events; complete the exchange naturally at A2.,380–520,3–4,Ms Lan,Ms Sarah (or another context-appropriate named Mr/Ms character),PLANNED
0893,A2,Leisure,the first practical exchange about sports & hobbies,Making and changing an arrangement about the first practical exchange about sports & hobbies,Giao tiếp thường ngày: sports & hobbies — the first practical exchange about sports & hobbies,make and change a simple arrangement about the first practical exchange about sports & hobbies; complete the exchange naturally at A2.,380–520,3–4,Ms Lan,Mr Daniel (or another context-appropriate named Mr/Ms character),PLANNED
0894,A2,Relationships,the first practical exchange about friends & social plans,Making and changing an arrangement about the first practical exchange about friends & social plans,Giao tiếp thường ngày: friends & social plans — the first practical exchange about friends & social plans,make and change a simple arrangement about the first practical exchange about friends & social plans; complete the exchange naturally at A2.,380–520,3–4,Ms Lan,Ms Olivia (or another context-appropriate named Mr/Ms character),PLANNED
0895,A2,Social Life,the first practical exchange about invitations & visits,Making and changing an arrangement about the first practical exchange about invitations & visits,Giao tiếp thường ngày: invitations & visits — the first practical exchange about invitations & visits,make and change a simple arrangement about the first practical exchange about invitations & visits; complete the exchange naturally at A2.,380–520,3–4,Ms Lan,Mr Thomas (or another context-appropriate named Mr/Ms character),PLANNED
0896,A2,Community,the first practical exchange about community & neighbours,Making and changing an arrangement about the first practical exchange about community & neighbours,Giao tiếp thường ngày: community & neighbours — the first practical exchange about community & neighbours,make and change a simple arrangement about the first practical exchange about community & neighbours; complete the exchange naturally at A2.,380–520,3–4,Ms Lan,Ms Sophie (or another context-appropriate named Mr/Ms character),PLANNED
0897,A2,Travel Problems,the first practical exchange about travel problems & changes,Making and changing an arrangement about the first practical exchange about travel problems & changes,Giao tiếp thường ngày: travel problems & changes — the first practical exchange about travel problems & changes,make and change a simple arrangement about the first practical exchange about travel problems & changes; complete the exchange naturally at A2.,380–520,3–4,Ms Lan,Mr Michael (or another context-appropriate named Mr/Ms character),PLANNED
0898,A2,Problems,the first practical exchange about lost property & missing items,Making and changing an arrangement about the first practical exchange about lost property & missing items,Giao tiếp thường ngày: lost property & missing items — the first practical exchange about lost property & missing items,make and change a simple arrangement about the first practical exchange about lost property & missing items; complete the exchange naturally at A2.,380–520,3–4,Ms Lan,Ms Grace (or another context-appropriate named Mr/Ms character),PLANNED
0899,A2,Emergencies,the first practical exchange about emergencies & asking for help,Making and changing an arrangement about the first practical exchange about emergencies & asking for help,Giao tiếp thường ngày: emergencies & asking for help — the first practical exchange about emergencies & asking for help,make and change a simple arrangement about the first practical exchange about emergencies & asking for help; complete the exchange naturally at A2.,380–520,3–4,Ms Lan,Mr Henry (or another context-appropriate named Mr/Ms character),PLANNED
0900,A2,Public Life,"the first practical exchange about rules, permission & public places","Making and changing an arrangement about the first practical exchange about rules, permission & public places","Giao tiếp thường ngày: rules, permission & public places — the first practical exchange about rules, permission & public places","make and change a simple arrangement about the first practical exchange about rules, permission & public places; complete the exchange naturally at A2.",380–520,3–4,Ms Lan,Ms Anna (or another context-appropriate named Mr/Ms character),PLANNED
0901,A2,Housing,the first practical exchange about renting & moving home,Making and changing an arrangement about the first practical exchange about renting & moving home,Giao tiếp thường ngày: renting & moving home — the first practical exchange about renting & moving home,make and change a simple arrangement about the first practical exchange about renting & moving home; complete the exchange naturally at A2.,380–520,3–4,Ms Lan,Mr David (or another context-appropriate named Mr/Ms character),PLANNED
0902,A2,Personal Identity,how to spell your name,Making and changing an arrangement about how to spell your name,Giao tiếp thường ngày: personal identity & introductions — how to spell your name,make and change a simple arrangement about how to spell your name; complete the exchange naturally at A2.,380–520,3–4,Ms Lan,Ms Emma (or another context-appropriate named Mr/Ms character),PLANNED
0903,A2,Social Basics,responding to a greeting,Making and changing an arrangement about responding to a greeting,Giao tiếp thường ngày: greetings & basic social contact — responding to a greeting,make and change a simple arrangement about responding to a greeting; complete the exchange naturally at A2.,380–520,3–4,Ms Lan,Mr James (or another context-appropriate named Mr/Ms character),PLANNED
0904,A2,Numbers and Time,a phone number,Making and changing an arrangement about a phone number,"Giao tiếp thường ngày: numbers, dates & time — a phone number",make and change a simple arrangement about a phone number; complete the exchange naturally at A2.,380–520,3–4,Ms Lan,Ms Sarah (or another context-appropriate named Mr/Ms character),PLANNED
0905,A2,Home,a common household object,Making and changing an arrangement about a common household object,Giao tiếp thường ngày: home & household — a common household object,make and change a simple arrangement about a common household object; complete the exchange naturally at A2.,380–520,3–4,Ms Lan,Mr Daniel (or another context-appropriate named Mr/Ms character),PLANNED
0906,A2,Family,a family member's name,Making and changing an arrangement about a family member's name,Giao tiếp thường ngày: family & relationships — a family member's name,make and change a simple arrangement about a family member's name; complete the exchange naturally at A2.,380–520,3–4,Ms Lan,Ms Olivia (or another context-appropriate named Mr/Ms character),PLANNED
0907,A2,Food,choosing a drink,Making and changing an arrangement about choosing a drink,Giao tiếp thường ngày: food & drink — choosing a drink,make and change a simple arrangement about choosing a drink; complete the exchange naturally at A2.,380–520,3–4,Ms Lan,Mr Thomas (or another context-appropriate named Mr/Ms character),PLANNED
0908,A2,Shopping,a routine everyday need involving shopping & payments,Making and changing an arrangement about a routine everyday need involving shopping & payments,Giao tiếp thường ngày: shopping & payments — a routine everyday need involving shopping & payments,make and change a simple arrangement about a routine everyday need involving shopping & payments; complete the exchange naturally at A2.,380–520,3–4,Ms Lan,Ms Sophie (or another context-appropriate named Mr/Ms character),PLANNED
0909,A2,Clothing,a routine everyday need involving clothing & personal items,Making and changing an arrangement about a routine everyday need involving clothing & personal items,Giao tiếp thường ngày: clothing & personal items — a routine everyday need involving clothing & personal items,make and change a simple arrangement about a routine everyday need involving clothing & personal items; complete the exchange naturally at A2.,380–520,3–4,Ms Lan,Mr Michael (or another context-appropriate named Mr/Ms character),PLANNED
0910,A2,Neighbourhood,a routine everyday need involving neighbourhood & directions,Making and changing an arrangement about a routine everyday need involving neighbourhood & directions,Giao tiếp thường ngày: neighbourhood & directions — a routine everyday need involving neighbourhood & directions,make and change a simple arrangement about a routine everyday need involving neighbourhood & directions; complete the exchange naturally at A2.,380–520,3–4,Ms Lan,Ms Grace (or another context-appropriate named Mr/Ms character),PLANNED
0911,A2,Transport,a routine everyday need involving public transport,Making and changing an arrangement about a routine everyday need involving public transport,Giao tiếp thường ngày: public transport — a routine everyday need involving public transport,make and change a simple arrangement about a routine everyday need involving public transport; complete the exchange naturally at A2.,380–520,3–4,Ms Lan,Mr Henry (or another context-appropriate named Mr/Ms character),PLANNED
0912,A2,Transport,a routine everyday need involving taxi & ride services,Making and changing an arrangement about a routine everyday need involving taxi & ride services,Giao tiếp thường ngày: taxi & ride services — a routine everyday need involving taxi & ride services,make and change a simple arrangement about a routine everyday need involving taxi & ride services; complete the exchange naturally at A2.,380–520,3–4,Ms Lan,Ms Anna (or another context-appropriate named Mr/Ms character),PLANNED
0913,A2,Mobility,a routine everyday need involving walking & getting around,Making and changing an arrangement about a routine everyday need involving walking & getting around,Giao tiếp thường ngày: walking & getting around — a routine everyday need involving walking & getting around,make and change a simple arrangement about a routine everyday need involving walking & getting around; complete the exchange naturally at A2.,380–520,3–4,Ms Lan,Mr David (or another context-appropriate named Mr/Ms character),PLANNED
0914,A2,Weather,a routine everyday need involving weather & daily plans,Making and changing an arrangement about a routine everyday need involving weather & daily plans,Giao tiếp thường ngày: weather & daily plans — a routine everyday need involving weather & daily plans,make and change a simple arrangement about a routine everyday need involving weather & daily plans; complete the exchange naturally at A2.,380–520,3–4,Ms Lan,Ms Emma (or another context-appropriate named Mr/Ms character),PLANNED
0915,A2,Daily Life,a routine everyday need involving daily routines,Making and changing an arrangement about a routine everyday need involving daily routines,Giao tiếp thường ngày: daily routines — a routine everyday need involving daily routines,make and change a simple arrangement about a routine everyday need involving daily routines; complete the exchange naturally at A2.,380–520,3–4,Ms Lan,Mr James (or another context-appropriate named Mr/Ms character),PLANNED
0916,A2,Learning,a routine everyday need involving school & learning,Making and changing an arrangement about a routine everyday need involving school & learning,Giao tiếp thường ngày: school & learning — a routine everyday need involving school & learning,make and change a simple arrangement about a routine everyday need involving school & learning; complete the exchange naturally at A2.,380–520,3–4,Ms Lan,Ms Sarah (or another context-appropriate named Mr/Ms character),PLANNED
0917,A2,Work,a routine everyday need involving workplace everyday communication,Making and changing an arrangement about a routine everyday need involving workplace everyday communication,Giao tiếp thường ngày: workplace everyday communication — a routine everyday need involving workplace everyday communication,make and change a simple arrangement about a routine everyday need involving workplace everyday communication; complete the exchange naturally at A2.,380–520,3–4,Ms Lan,Mr Daniel (or another context-appropriate named Mr/Ms character),PLANNED
0918,A2,Communication,a routine everyday need involving phone calls,Making and changing an arrangement about a routine everyday need involving phone calls,Giao tiếp thường ngày: phone calls — a routine everyday need involving phone calls,make and change a simple arrangement about a routine everyday need involving phone calls; complete the exchange naturally at A2.,380–520,3–4,Ms Lan,Ms Olivia (or another context-appropriate named Mr/Ms character),PLANNED
0919,A2,Communication,a routine everyday need involving messages & everyday digital communication,Making and changing an arrangement about a routine everyday need involving messages & everyday digital communication,Giao tiếp thường ngày: messages & everyday digital communication — a routine everyday need involving messages & everyday digital communication,make and change a simple arrangement about a routine everyday need involving messages & everyday digital communication; complete the exchange naturally at A2.,380–520,3–4,Ms Lan,Mr Thomas (or another context-appropriate named Mr/Ms character),PLANNED
0920,A2,Scheduling,a routine everyday need involving appointments & schedules,Making and changing an arrangement about a routine everyday need involving appointments & schedules,Giao tiếp thường ngày: appointments & schedules — a routine everyday need involving appointments & schedules,make and change a simple arrangement about a routine everyday need involving appointments & schedules; complete the exchange naturally at A2.,380–520,3–4,Ms Lan,Ms Sophie (or another context-appropriate named Mr/Ms character),PLANNED
0921,A2,Eating Out,a routine everyday need involving restaurants & cafés,Making and changing an arrangement about a routine everyday need involving restaurants & cafés,Giao tiếp thường ngày: restaurants & cafés — a routine everyday need involving restaurants & cafés,make and change a simple arrangement about a routine everyday need involving restaurants & cafés; complete the exchange naturally at A2.,380–520,3–4,Ms Lan,Mr Michael (or another context-appropriate named Mr/Ms character),PLANNED
0922,A2,Travel,a routine everyday need involving hotels & accommodation,Making and changing an arrangement about a routine everyday need involving hotels & accommodation,Giao tiếp thường ngày: hotels & accommodation — a routine everyday need involving hotels & accommodation,make and change a simple arrangement about a routine everyday need involving hotels & accommodation; complete the exchange naturally at A2.,380–520,3–4,Ms Lan,Ms Grace (or another context-appropriate named Mr/Ms character),PLANNED
0923,A2,Travel,a routine everyday need involving airports & flights,Making and changing an arrangement about a routine everyday need involving airports & flights,Giao tiếp thường ngày: airports & flights — a routine everyday need involving airports & flights,make and change a simple arrangement about a routine everyday need involving airports & flights; complete the exchange naturally at A2.,380–520,3–4,Ms Lan,Mr Henry (or another context-appropriate named Mr/Ms character),PLANNED
0924,A2,Travel,a routine everyday need involving train & coach travel,Making and changing an arrangement about a routine everyday need involving train & coach travel,Giao tiếp thường ngày: train & coach travel — a routine everyday need involving train & coach travel,make and change a simple arrangement about a routine everyday need involving train & coach travel; complete the exchange naturally at A2.,380–520,3–4,Ms Lan,Ms Anna (or another context-appropriate named Mr/Ms character),PLANNED
0925,A2,Driving,"a routine everyday need involving driving, parking & fuel","Making and changing an arrangement about a routine everyday need involving driving, parking & fuel","Giao tiếp thường ngày: driving, parking & fuel — a routine everyday need involving driving, parking & fuel","make and change a simple arrangement about a routine everyday need involving driving, parking & fuel; complete the exchange naturally at A2.",380–520,3–4,Ms Lan,Mr David (or another context-appropriate named Mr/Ms character),PLANNED
0926,A2,Health Services,a routine everyday need involving health services & pharmacy,Making and changing an arrangement about a routine everyday need involving health services & pharmacy,Giao tiếp thường ngày: health services & pharmacy — a routine everyday need involving health services & pharmacy,make and change a simple arrangement about a routine everyday need involving health services & pharmacy; complete the exchange naturally at A2.,380–520,3–4,Ms Lan,Ms Emma (or another context-appropriate named Mr/Ms character),PLANNED
0927,A2,Wellbeing,a routine everyday need involving fitness & wellbeing routines,Making and changing an arrangement about a routine everyday need involving fitness & wellbeing routines,Giao tiếp thường ngày: fitness & wellbeing routines — a routine everyday need involving fitness & wellbeing routines,make and change a simple arrangement about a routine everyday need involving fitness & wellbeing routines; complete the exchange naturally at A2.,380–520,3–4,Ms Lan,Mr James (or another context-appropriate named Mr/Ms character),PLANNED
0928,A2,Services,a routine everyday need involving personal care services,Making and changing an arrangement about a routine everyday need involving personal care services,Giao tiếp thường ngày: personal care services — a routine everyday need involving personal care services,make and change a simple arrangement about a routine everyday need involving personal care services; complete the exchange naturally at A2.,380–520,3–4,Ms Lan,Ms Sarah (or another context-appropriate named Mr/Ms character),PLANNED
0929,A2,Money,a routine everyday need involving banking & everyday money,Making and changing an arrangement about a routine everyday need involving banking & everyday money,Giao tiếp thường ngày: banking & everyday money — a routine everyday need involving banking & everyday money,make and change a simple arrangement about a routine everyday need involving banking & everyday money; complete the exchange naturally at A2.,380–520,3–4,Ms Lan,Mr Daniel (or another context-appropriate named Mr/Ms character),PLANNED
0930,A2,Services,"a routine everyday need involving post, courier & deliveries","Making and changing an arrangement about a routine everyday need involving post, courier & deliveries","Giao tiếp thường ngày: post, courier & deliveries — a routine everyday need involving post, courier & deliveries","make and change a simple arrangement about a routine everyday need involving post, courier & deliveries; complete the exchange naturally at A2.",380–520,3–4,Ms Lan,Ms Olivia (or another context-appropriate named Mr/Ms character),PLANNED
0931,A2,Services,a routine everyday need involving repairs & home services,Making and changing an arrangement about a routine everyday need involving repairs & home services,Giao tiếp thường ngày: repairs & home services — a routine everyday need involving repairs & home services,make and change a simple arrangement about a routine everyday need involving repairs & home services; complete the exchange naturally at A2.,380–520,3–4,Ms Lan,Mr Thomas (or another context-appropriate named Mr/Ms character),PLANNED
0932,A2,Customer Service,a routine everyday need involving customer service & complaints,Making and changing an arrangement about a routine everyday need involving customer service & complaints,Giao tiếp thường ngày: customer service & complaints — a routine everyday need involving customer service & complaints,make and change a simple arrangement about a routine everyday need involving customer service & complaints; complete the exchange naturally at A2.,380–520,3–4,Ms Lan,Ms Sophie (or another context-appropriate named Mr/Ms character),PLANNED
0933,A2,Technology,a routine everyday need involving technology & devices,Making and changing an arrangement about a routine everyday need involving technology & devices,Giao tiếp thường ngày: technology & devices — a routine everyday need involving technology & devices,make and change a simple arrangement about a routine everyday need involving technology & devices; complete the exchange naturally at A2.,380–520,3–4,Ms Lan,Mr Michael (or another context-appropriate named Mr/Ms character),PLANNED
0934,A2,Technology,a routine everyday need involving internet & online accounts,Making and changing an arrangement about a routine everyday need involving internet & online accounts,Giao tiếp thường ngày: internet & online accounts — a routine everyday need involving internet & online accounts,make and change a simple arrangement about a routine everyday need involving internet & online accounts; complete the exchange naturally at A2.,380–520,3–4,Ms Lan,Ms Grace (or another context-appropriate named Mr/Ms character),PLANNED
0935,A2,Leisure,a routine everyday need involving entertainment & events,Making and changing an arrangement about a routine everyday need involving entertainment & events,Giao tiếp thường ngày: entertainment & events — a routine everyday need involving entertainment & events,make and change a simple arrangement about a routine everyday need involving entertainment & events; complete the exchange naturally at A2.,380–520,3–4,Ms Lan,Mr Henry (or another context-appropriate named Mr/Ms character),PLANNED
0936,A2,Leisure,a routine everyday need involving sports & hobbies,Making and changing an arrangement about a routine everyday need involving sports & hobbies,Giao tiếp thường ngày: sports & hobbies — a routine everyday need involving sports & hobbies,make and change a simple arrangement about a routine everyday need involving sports & hobbies; complete the exchange naturally at A2.,380–520,3–4,Ms Lan,Ms Anna (or another context-appropriate named Mr/Ms character),PLANNED
0937,A2,Relationships,a routine everyday need involving friends & social plans,Making and changing an arrangement about a routine everyday need involving friends & social plans,Giao tiếp thường ngày: friends & social plans — a routine everyday need involving friends & social plans,make and change a simple arrangement about a routine everyday need involving friends & social plans; complete the exchange naturally at A2.,380–520,3–4,Ms Lan,Mr David (or another context-appropriate named Mr/Ms character),PLANNED
0938,A2,Social Life,a routine everyday need involving invitations & visits,Making and changing an arrangement about a routine everyday need involving invitations & visits,Giao tiếp thường ngày: invitations & visits — a routine everyday need involving invitations & visits,make and change a simple arrangement about a routine everyday need involving invitations & visits; complete the exchange naturally at A2.,380–520,3–4,Ms Lan,Ms Emma (or another context-appropriate named Mr/Ms character),PLANNED
0939,A2,Community,a routine everyday need involving community & neighbours,Making and changing an arrangement about a routine everyday need involving community & neighbours,Giao tiếp thường ngày: community & neighbours — a routine everyday need involving community & neighbours,make and change a simple arrangement about a routine everyday need involving community & neighbours; complete the exchange naturally at A2.,380–520,3–4,Ms Lan,Mr James (or another context-appropriate named Mr/Ms character),PLANNED
0940,A2,Travel Problems,a routine everyday need involving travel problems & changes,Making and changing an arrangement about a routine everyday need involving travel problems & changes,Giao tiếp thường ngày: travel problems & changes — a routine everyday need involving travel problems & changes,make and change a simple arrangement about a routine everyday need involving travel problems & changes; complete the exchange naturally at A2.,380–520,3–4,Ms Lan,Ms Sarah (or another context-appropriate named Mr/Ms character),PLANNED
0941,A2,Problems,a routine everyday need involving lost property & missing items,Making and changing an arrangement about a routine everyday need involving lost property & missing items,Giao tiếp thường ngày: lost property & missing items — a routine everyday need involving lost property & missing items,make and change a simple arrangement about a routine everyday need involving lost property & missing items; complete the exchange naturally at A2.,380–520,3–4,Ms Lan,Mr Daniel (or another context-appropriate named Mr/Ms character),PLANNED
0942,A2,Emergencies,a routine everyday need involving emergencies & asking for help,Making and changing an arrangement about a routine everyday need involving emergencies & asking for help,Giao tiếp thường ngày: emergencies & asking for help — a routine everyday need involving emergencies & asking for help,make and change a simple arrangement about a routine everyday need involving emergencies & asking for help; complete the exchange naturally at A2.,380–520,3–4,Ms Lan,Ms Olivia (or another context-appropriate named Mr/Ms character),PLANNED
0943,A2,Public Life,"a routine everyday need involving rules, permission & public places","Making and changing an arrangement about a routine everyday need involving rules, permission & public places","Giao tiếp thường ngày: rules, permission & public places — a routine everyday need involving rules, permission & public places","make and change a simple arrangement about a routine everyday need involving rules, permission & public places; complete the exchange naturally at A2.",380–520,3–4,Ms Lan,Mr Thomas (or another context-appropriate named Mr/Ms character),PLANNED
0944,A2,Housing,a routine everyday need involving renting & moving home,Making and changing an arrangement about a routine everyday need involving renting & moving home,Giao tiếp thường ngày: renting & moving home — a routine everyday need involving renting & moving home,make and change a simple arrangement about a routine everyday need involving renting & moving home; complete the exchange naturally at A2.,380–520,3–4,Ms Lan,Ms Sophie (or another context-appropriate named Mr/Ms character),PLANNED
0945,A2,Personal Identity,where you are from,Making and changing an arrangement about where you are from,Giao tiếp thường ngày: personal identity & introductions — where you are from,make and change a simple arrangement about where you are from; complete the exchange naturally at A2.,380–520,3–4,Ms Lan,Mr Michael (or another context-appropriate named Mr/Ms character),PLANNED
0946,A2,Social Basics,saying goodbye,Making and changing an arrangement about saying goodbye,Giao tiếp thường ngày: greetings & basic social contact — saying goodbye,make and change a simple arrangement about saying goodbye; complete the exchange naturally at A2.,380–520,3–4,Ms Lan,Ms Grace (or another context-appropriate named Mr/Ms character),PLANNED
0947,A2,Numbers and Time,a price,Making and changing an arrangement about a price,"Giao tiếp thường ngày: numbers, dates & time — a price",make and change a simple arrangement about a price; complete the exchange naturally at A2.,380–520,3–4,Ms Lan,Mr Henry (or another context-appropriate named Mr/Ms character),PLANNED
0948,A2,Home,where an object is,Making and changing an arrangement about where an object is,Giao tiếp thường ngày: home & household — where an object is,make and change a simple arrangement about where an object is; complete the exchange naturally at A2.,380–520,3–4,Ms Lan,Ms Anna (or another context-appropriate named Mr/Ms character),PLANNED
0949,A2,Family,how many people are in the family,Making and changing an arrangement about how many people are in the family,Giao tiếp thường ngày: family & relationships — how many people are in the family,make and change a simple arrangement about how many people are in the family; complete the exchange naturally at A2.,380–520,3–4,Ms Lan,Mr David (or another context-appropriate named Mr/Ms character),PLANNED
0950,A2,Food,choosing a simple food,Making and changing an arrangement about choosing a simple food,Giao tiếp thường ngày: food & drink — choosing a simple food,make and change a simple arrangement about choosing a simple food; complete the exchange naturally at A2.,380–520,3–4,Ms Lan,Ms Emma (or another context-appropriate named Mr/Ms character),PLANNED
0951,A2,Shopping,checking an important detail about shopping & payments,Making and changing an arrangement about checking an important detail about shopping & payments,Giao tiếp thường ngày: shopping & payments — checking an important detail about shopping & payments,make and change a simple arrangement about checking an important detail about shopping & payments; complete the exchange naturally at A2.,380–520,3–4,Ms Lan,Mr James (or another context-appropriate named Mr/Ms character),PLANNED
0952,A2,Clothing,checking an important detail about clothing & personal items,Making and changing an arrangement about checking an important detail about clothing & personal items,Giao tiếp thường ngày: clothing & personal items — checking an important detail about clothing & personal items,make and change a simple arrangement about checking an important detail about clothing & personal items; complete the exchange naturally at A2.,380–520,3–4,Ms Lan,Ms Sarah (or another context-appropriate named Mr/Ms character),PLANNED
0953,A2,Neighbourhood,checking an important detail about neighbourhood & directions,Making and changing an arrangement about checking an important detail about neighbourhood & directions,Giao tiếp thường ngày: neighbourhood & directions — checking an important detail about neighbourhood & directions,make and change a simple arrangement about checking an important detail about neighbourhood & directions; complete the exchange naturally at A2.,380–520,3–4,Ms Lan,Mr Daniel (or another context-appropriate named Mr/Ms character),PLANNED
0954,A2,Transport,checking an important detail about public transport,Making and changing an arrangement about checking an important detail about public transport,Giao tiếp thường ngày: public transport — checking an important detail about public transport,make and change a simple arrangement about checking an important detail about public transport; complete the exchange naturally at A2.,380–520,3–4,Ms Lan,Ms Olivia (or another context-appropriate named Mr/Ms character),PLANNED
0955,A2,Transport,checking an important detail about taxi & ride services,Making and changing an arrangement about checking an important detail about taxi & ride services,Giao tiếp thường ngày: taxi & ride services — checking an important detail about taxi & ride services,make and change a simple arrangement about checking an important detail about taxi & ride services; complete the exchange naturally at A2.,380–520,3–4,Ms Lan,Mr Thomas (or another context-appropriate named Mr/Ms character),PLANNED
0956,A2,Mobility,checking an important detail about walking & getting around,Making and changing an arrangement about checking an important detail about walking & getting around,Giao tiếp thường ngày: walking & getting around — checking an important detail about walking & getting around,make and change a simple arrangement about checking an important detail about walking & getting around; complete the exchange naturally at A2.,380–520,3–4,Ms Lan,Ms Sophie (or another context-appropriate named Mr/Ms character),PLANNED
0957,A2,Weather,checking an important detail about weather & daily plans,Making and changing an arrangement about checking an important detail about weather & daily plans,Giao tiếp thường ngày: weather & daily plans — checking an important detail about weather & daily plans,make and change a simple arrangement about checking an important detail about weather & daily plans; complete the exchange naturally at A2.,380–520,3–4,Ms Lan,Mr Michael (or another context-appropriate named Mr/Ms character),PLANNED
0958,A2,Daily Life,checking an important detail about daily routines,Making and changing an arrangement about checking an important detail about daily routines,Giao tiếp thường ngày: daily routines — checking an important detail about daily routines,make and change a simple arrangement about checking an important detail about daily routines; complete the exchange naturally at A2.,380–520,3–4,Ms Lan,Ms Grace (or another context-appropriate named Mr/Ms character),PLANNED
0959,A2,Learning,checking an important detail about school & learning,Making and changing an arrangement about checking an important detail about school & learning,Giao tiếp thường ngày: school & learning — checking an important detail about school & learning,make and change a simple arrangement about checking an important detail about school & learning; complete the exchange naturally at A2.,380–520,3–4,Ms Lan,Mr Henry (or another context-appropriate named Mr/Ms character),PLANNED
0960,A2,Work,checking an important detail about workplace everyday communication,Making and changing an arrangement about checking an important detail about workplace everyday communication,Giao tiếp thường ngày: workplace everyday communication — checking an important detail about workplace everyday communication,make and change a simple arrangement about checking an important detail about workplace everyday communication; complete the exchange naturally at A2.,380–520,3–4,Ms Lan,Ms Anna (or another context-appropriate named Mr/Ms character),PLANNED
0961,A2,Communication,checking an important detail about phone calls,Making and changing an arrangement about checking an important detail about phone calls,Giao tiếp thường ngày: phone calls — checking an important detail about phone calls,make and change a simple arrangement about checking an important detail about phone calls; complete the exchange naturally at A2.,380–520,3–4,Ms Lan,Mr David (or another context-appropriate named Mr/Ms character),PLANNED
0962,A2,Communication,checking an important detail about messages & everyday digital communication,Making and changing an arrangement about checking an important detail about messages & everyday digital communication,Giao tiếp thường ngày: messages & everyday digital communication — checking an important detail about messages & everyday digital communication,make and change a simple arrangement about checking an important detail about messages & everyday digital communication; complete the exchange naturally at A2.,380–520,3–4,Ms Lan,Ms Emma (or another context-appropriate named Mr/Ms character),PLANNED
0963,A2,Scheduling,checking an important detail about appointments & schedules,Making and changing an arrangement about checking an important detail about appointments & schedules,Giao tiếp thường ngày: appointments & schedules — checking an important detail about appointments & schedules,make and change a simple arrangement about checking an important detail about appointments & schedules; complete the exchange naturally at A2.,380–520,3–4,Ms Lan,Mr James (or another context-appropriate named Mr/Ms character),PLANNED
0964,A2,Eating Out,checking an important detail about restaurants & cafés,Making and changing an arrangement about checking an important detail about restaurants & cafés,Giao tiếp thường ngày: restaurants & cafés — checking an important detail about restaurants & cafés,make and change a simple arrangement about checking an important detail about restaurants & cafés; complete the exchange naturally at A2.,380–520,3–4,Ms Lan,Ms Sarah (or another context-appropriate named Mr/Ms character),PLANNED
0965,A2,Travel,checking an important detail about hotels & accommodation,Making and changing an arrangement about checking an important detail about hotels & accommodation,Giao tiếp thường ngày: hotels & accommodation — checking an important detail about hotels & accommodation,make and change a simple arrangement about checking an important detail about hotels & accommodation; complete the exchange naturally at A2.,380–520,3–4,Ms Lan,Mr Daniel (or another context-appropriate named Mr/Ms character),PLANNED
0966,A2,Travel,checking an important detail about airports & flights,Making and changing an arrangement about checking an important detail about airports & flights,Giao tiếp thường ngày: airports & flights — checking an important detail about airports & flights,make and change a simple arrangement about checking an important detail about airports & flights; complete the exchange naturally at A2.,380–520,3–4,Ms Lan,Ms Olivia (or another context-appropriate named Mr/Ms character),PLANNED
0967,A2,Travel,checking an important detail about train & coach travel,Making and changing an arrangement about checking an important detail about train & coach travel,Giao tiếp thường ngày: train & coach travel — checking an important detail about train & coach travel,make and change a simple arrangement about checking an important detail about train & coach travel; complete the exchange naturally at A2.,380–520,3–4,Ms Lan,Mr Thomas (or another context-appropriate named Mr/Ms character),PLANNED
0968,A2,Driving,"checking an important detail about driving, parking & fuel","Making and changing an arrangement about checking an important detail about driving, parking & fuel","Giao tiếp thường ngày: driving, parking & fuel — checking an important detail about driving, parking & fuel","make and change a simple arrangement about checking an important detail about driving, parking & fuel; complete the exchange naturally at A2.",380–520,3–4,Ms Lan,Ms Sophie (or another context-appropriate named Mr/Ms character),PLANNED
0969,A2,Health Services,checking an important detail about health services & pharmacy,Making and changing an arrangement about checking an important detail about health services & pharmacy,Giao tiếp thường ngày: health services & pharmacy — checking an important detail about health services & pharmacy,make and change a simple arrangement about checking an important detail about health services & pharmacy; complete the exchange naturally at A2.,380–520,3–4,Ms Lan,Mr Michael (or another context-appropriate named Mr/Ms character),PLANNED
0970,A2,Wellbeing,checking an important detail about fitness & wellbeing routines,Making and changing an arrangement about checking an important detail about fitness & wellbeing routines,Giao tiếp thường ngày: fitness & wellbeing routines — checking an important detail about fitness & wellbeing routines,make and change a simple arrangement about checking an important detail about fitness & wellbeing routines; complete the exchange naturally at A2.,380–520,3–4,Ms Lan,Ms Grace (or another context-appropriate named Mr/Ms character),PLANNED
0971,A2,Services,checking an important detail about personal care services,Making and changing an arrangement about checking an important detail about personal care services,Giao tiếp thường ngày: personal care services — checking an important detail about personal care services,make and change a simple arrangement about checking an important detail about personal care services; complete the exchange naturally at A2.,380–520,3–4,Ms Lan,Mr Henry (or another context-appropriate named Mr/Ms character),PLANNED
0972,A2,Money,checking an important detail about banking & everyday money,Making and changing an arrangement about checking an important detail about banking & everyday money,Giao tiếp thường ngày: banking & everyday money — checking an important detail about banking & everyday money,make and change a simple arrangement about checking an important detail about banking & everyday money; complete the exchange naturally at A2.,380–520,3–4,Ms Lan,Ms Anna (or another context-appropriate named Mr/Ms character),PLANNED
0973,A2,Services,"checking an important detail about post, courier & deliveries","Making and changing an arrangement about checking an important detail about post, courier & deliveries","Giao tiếp thường ngày: post, courier & deliveries — checking an important detail about post, courier & deliveries","make and change a simple arrangement about checking an important detail about post, courier & deliveries; complete the exchange naturally at A2.",380–520,3–4,Ms Lan,Mr David (or another context-appropriate named Mr/Ms character),PLANNED
0974,A2,Services,checking an important detail about repairs & home services,Making and changing an arrangement about checking an important detail about repairs & home services,Giao tiếp thường ngày: repairs & home services — checking an important detail about repairs & home services,make and change a simple arrangement about checking an important detail about repairs & home services; complete the exchange naturally at A2.,380–520,3–4,Ms Lan,Ms Emma (or another context-appropriate named Mr/Ms character),PLANNED
0975,A2,Customer Service,checking an important detail about customer service & complaints,Making and changing an arrangement about checking an important detail about customer service & complaints,Giao tiếp thường ngày: customer service & complaints — checking an important detail about customer service & complaints,make and change a simple arrangement about checking an important detail about customer service & complaints; complete the exchange naturally at A2.,380–520,3–4,Ms Lan,Mr James (or another context-appropriate named Mr/Ms character),PLANNED
0976,A2,Technology,checking an important detail about technology & devices,Making and changing an arrangement about checking an important detail about technology & devices,Giao tiếp thường ngày: technology & devices — checking an important detail about technology & devices,make and change a simple arrangement about checking an important detail about technology & devices; complete the exchange naturally at A2.,380–520,3–4,Ms Lan,Ms Sarah (or another context-appropriate named Mr/Ms character),PLANNED
0977,A2,Technology,checking an important detail about internet & online accounts,Making and changing an arrangement about checking an important detail about internet & online accounts,Giao tiếp thường ngày: internet & online accounts — checking an important detail about internet & online accounts,make and change a simple arrangement about checking an important detail about internet & online accounts; complete the exchange naturally at A2.,380–520,3–4,Ms Lan,Mr Daniel (or another context-appropriate named Mr/Ms character),PLANNED
0978,A2,Leisure,checking an important detail about entertainment & events,Making and changing an arrangement about checking an important detail about entertainment & events,Giao tiếp thường ngày: entertainment & events — checking an important detail about entertainment & events,make and change a simple arrangement about checking an important detail about entertainment & events; complete the exchange naturally at A2.,380–520,3–4,Ms Lan,Ms Olivia (or another context-appropriate named Mr/Ms character),PLANNED
0979,A2,Leisure,checking an important detail about sports & hobbies,Making and changing an arrangement about checking an important detail about sports & hobbies,Giao tiếp thường ngày: sports & hobbies — checking an important detail about sports & hobbies,make and change a simple arrangement about checking an important detail about sports & hobbies; complete the exchange naturally at A2.,380–520,3–4,Ms Lan,Mr Thomas (or another context-appropriate named Mr/Ms character),PLANNED
0980,A2,Relationships,checking an important detail about friends & social plans,Making and changing an arrangement about checking an important detail about friends & social plans,Giao tiếp thường ngày: friends & social plans — checking an important detail about friends & social plans,make and change a simple arrangement about checking an important detail about friends & social plans; complete the exchange naturally at A2.,380–520,3–4,Ms Lan,Ms Sophie (or another context-appropriate named Mr/Ms character),PLANNED
0981,A2,Social Life,checking an important detail about invitations & visits,Making and changing an arrangement about checking an important detail about invitations & visits,Giao tiếp thường ngày: invitations & visits — checking an important detail about invitations & visits,make and change a simple arrangement about checking an important detail about invitations & visits; complete the exchange naturally at A2.,380–520,3–4,Ms Lan,Mr Michael (or another context-appropriate named Mr/Ms character),PLANNED
0982,A2,Community,checking an important detail about community & neighbours,Making and changing an arrangement about checking an important detail about community & neighbours,Giao tiếp thường ngày: community & neighbours — checking an important detail about community & neighbours,make and change a simple arrangement about checking an important detail about community & neighbours; complete the exchange naturally at A2.,380–520,3–4,Ms Lan,Ms Grace (or another context-appropriate named Mr/Ms character),PLANNED
0983,A2,Travel Problems,checking an important detail about travel problems & changes,Making and changing an arrangement about checking an important detail about travel problems & changes,Giao tiếp thường ngày: travel problems & changes — checking an important detail about travel problems & changes,make and change a simple arrangement about checking an important detail about travel problems & changes; complete the exchange naturally at A2.,380–520,3–4,Ms Lan,Mr Henry (or another context-appropriate named Mr/Ms character),PLANNED
0984,A2,Problems,checking an important detail about lost property & missing items,Making and changing an arrangement about checking an important detail about lost property & missing items,Giao tiếp thường ngày: lost property & missing items — checking an important detail about lost property & missing items,make and change a simple arrangement about checking an important detail about lost property & missing items; complete the exchange naturally at A2.,380–520,3–4,Ms Lan,Ms Anna (or another context-appropriate named Mr/Ms character),PLANNED
0985,A2,Emergencies,checking an important detail about emergencies & asking for help,Making and changing an arrangement about checking an important detail about emergencies & asking for help,Giao tiếp thường ngày: emergencies & asking for help — checking an important detail about emergencies & asking for help,make and change a simple arrangement about checking an important detail about emergencies & asking for help; complete the exchange naturally at A2.,380–520,3–4,Ms Lan,Mr David (or another context-appropriate named Mr/Ms character),PLANNED
0986,A2,Public Life,"checking an important detail about rules, permission & public places","Making and changing an arrangement about checking an important detail about rules, permission & public places","Giao tiếp thường ngày: rules, permission & public places — checking an important detail about rules, permission & public places","make and change a simple arrangement about checking an important detail about rules, permission & public places; complete the exchange naturally at A2.",380–520,3–4,Ms Lan,Ms Emma (or another context-appropriate named Mr/Ms character),PLANNED
0987,A2,Housing,checking an important detail about renting & moving home,Making and changing an arrangement about checking an important detail about renting & moving home,Giao tiếp thường ngày: renting & moving home — checking an important detail about renting & moving home,make and change a simple arrangement about checking an important detail about renting & moving home; complete the exchange naturally at A2.,380–520,3–4,Ms Lan,Mr James (or another context-appropriate named Mr/Ms character),PLANNED
0988,A2,Personal Identity,where you live,Making and changing an arrangement about where you live,Giao tiếp thường ngày: personal identity & introductions — where you live,make and change a simple arrangement about where you live; complete the exchange naturally at A2.,380–520,3–4,Ms Lan,Ms Sarah (or another context-appropriate named Mr/Ms character),PLANNED
0989,A2,Social Basics,saying thank you,Making and changing an arrangement about saying thank you,Giao tiếp thường ngày: greetings & basic social contact — saying thank you,make and change a simple arrangement about saying thank you; complete the exchange naturally at A2.,380–520,3–4,Ms Lan,Mr Daniel (or another context-appropriate named Mr/Ms character),PLANNED
0990,A2,Numbers and Time,today's date,Making and changing an arrangement about today's date,"Giao tiếp thường ngày: numbers, dates & time — today's date",make and change a simple arrangement about today's date; complete the exchange naturally at A2.,380–520,3–4,Ms Lan,Ms Olivia (or another context-appropriate named Mr/Ms character),PLANNED
0991,A2,Home,something you need at home,Making and changing an arrangement about something you need at home,Giao tiếp thường ngày: home & household — something you need at home,make and change a simple arrangement about something you need at home; complete the exchange naturally at A2.,380–520,3–4,Ms Lan,Mr Thomas (or another context-appropriate named Mr/Ms character),PLANNED
0992,A2,Family,a simple family relationship,Making and changing an arrangement about a simple family relationship,Giao tiếp thường ngày: family & relationships — a simple family relationship,make and change a simple arrangement about a simple family relationship; complete the exchange naturally at A2.,380–520,3–4,Ms Lan,Ms Sophie (or another context-appropriate named Mr/Ms character),PLANNED
0993,A2,Food,saying you are hungry or thirsty,Making and changing an arrangement about saying you are hungry or thirsty,Giao tiếp thường ngày: food & drink — saying you are hungry or thirsty,make and change a simple arrangement about saying you are hungry or thirsty; complete the exchange naturally at A2.,380–520,3–4,Ms Lan,Mr Michael (or another context-appropriate named Mr/Ms character),PLANNED
0994,A2,Shopping,asking for help with shopping & payments,Making and changing an arrangement about asking for help with shopping & payments,Giao tiếp thường ngày: shopping & payments — asking for help with shopping & payments,make and change a simple arrangement about asking for help with shopping & payments; complete the exchange naturally at A2.,380–520,3–4,Ms Lan,Ms Grace (or another context-appropriate named Mr/Ms character),PLANNED
0995,A2,Clothing,asking for help with clothing & personal items,Making and changing an arrangement about asking for help with clothing & personal items,Giao tiếp thường ngày: clothing & personal items — asking for help with clothing & personal items,make and change a simple arrangement about asking for help with clothing & personal items; complete the exchange naturally at A2.,380–520,3–4,Ms Lan,Mr Henry (or another context-appropriate named Mr/Ms character),PLANNED
0996,A2,Neighbourhood,asking for help with neighbourhood & directions,Making and changing an arrangement about asking for help with neighbourhood & directions,Giao tiếp thường ngày: neighbourhood & directions — asking for help with neighbourhood & directions,make and change a simple arrangement about asking for help with neighbourhood & directions; complete the exchange naturally at A2.,380–520,3–4,Ms Lan,Ms Anna (or another context-appropriate named Mr/Ms character),PLANNED
0997,A2,Transport,asking for help with public transport,Making and changing an arrangement about asking for help with public transport,Giao tiếp thường ngày: public transport — asking for help with public transport,make and change a simple arrangement about asking for help with public transport; complete the exchange naturally at A2.,380–520,3–4,Ms Lan,Mr David (or another context-appropriate named Mr/Ms character),PLANNED
0998,A2,Transport,asking for help with taxi & ride services,Making and changing an arrangement about asking for help with taxi & ride services,Giao tiếp thường ngày: taxi & ride services — asking for help with taxi & ride services,make and change a simple arrangement about asking for help with taxi & ride services; complete the exchange naturally at A2.,380–520,3–4,Ms Lan,Ms Emma (or another context-appropriate named Mr/Ms character),PLANNED
0999,A2,Mobility,asking for help with walking & getting around,Making and changing an arrangement about asking for help with walking & getting around,Giao tiếp thường ngày: walking & getting around — asking for help with walking & getting around,make and change a simple arrangement about asking for help with walking & getting around; complete the exchange naturally at A2.,380–520,3–4,Ms Lan,Mr James (or another context-appropriate named Mr/Ms character),PLANNED
1000,A2,Weather,asking for help with weather & daily plans,Making and changing an arrangement about asking for help with weather & daily plans,Giao tiếp thường ngày: weather & daily plans — asking for help with weather & daily plans,make and change a simple arrangement about asking for help with weather & daily plans; complete the exchange naturally at A2.,380–520,3–4,Ms Lan,Ms Sarah (or another context-appropriate named Mr/Ms character),PLANNED
1001,B1,Personal Identity,your name,Dealing with an everyday problem involving your name,Xử lý tình huống thực tế: personal identity & introductions — your name,deal with an everyday problem involving your name; complete the exchange naturally at B1.,520–700,4,Ms Lan,Mr David (or another context-appropriate named Mr/Ms character),PLANNED
1002,B1,Social Basics,saying hello,Dealing with an everyday problem involving saying hello,Xử lý tình huống thực tế: greetings & basic social contact — saying hello,deal with an everyday problem involving saying hello; complete the exchange naturally at B1.,520–700,4,Ms Lan,Ms Emma (or another context-appropriate named Mr/Ms character),PLANNED
1003,B1,Numbers and Time,numbers 0–20,Dealing with an everyday problem involving numbers 0–20,"Xử lý tình huống thực tế: numbers, dates & time — numbers 0–20",deal with an everyday problem involving numbers 0–20; complete the exchange naturally at B1.,520–700,4,Ms Lan,Mr James (or another context-appropriate named Mr/Ms character),PLANNED
1004,B1,Home,a room in the home,Dealing with an everyday problem involving a room in the home,Xử lý tình huống thực tế: home & household — a room in the home,deal with an everyday problem involving a room in the home; complete the exchange naturally at B1.,520–700,4,Ms Lan,Ms Sarah (or another context-appropriate named Mr/Ms character),PLANNED
1005,B1,Family,who a family member is,Dealing with an everyday problem involving who a family member is,Xử lý tình huống thực tế: family & relationships — who a family member is,deal with an everyday problem involving who a family member is; complete the exchange naturally at B1.,520–700,4,Ms Lan,Mr Daniel (or another context-appropriate named Mr/Ms character),PLANNED
1006,B1,Food,asking for water,Dealing with an everyday problem involving asking for water,Xử lý tình huống thực tế: food & drink — asking for water,deal with an everyday problem involving asking for water; complete the exchange naturally at B1.,520–700,4,Ms Lan,Ms Olivia (or another context-appropriate named Mr/Ms character),PLANNED
1007,B1,Shopping,the first practical exchange about shopping & payments,Dealing with an everyday problem involving the first practical exchange about shopping & payments,Xử lý tình huống thực tế: shopping & payments — the first practical exchange about shopping & payments,deal with an everyday problem involving the first practical exchange about shopping & payments; complete the exchange naturally at B1.,520–700,4,Ms Lan,Mr Thomas (or another context-appropriate named Mr/Ms character),PLANNED
1008,B1,Clothing,the first practical exchange about clothing & personal items,Dealing with an everyday problem involving the first practical exchange about clothing & personal items,Xử lý tình huống thực tế: clothing & personal items — the first practical exchange about clothing & personal items,deal with an everyday problem involving the first practical exchange about clothing & personal items; complete the exchange naturally at B1.,520–700,4,Ms Lan,Ms Sophie (or another context-appropriate named Mr/Ms character),PLANNED
1009,B1,Neighbourhood,the first practical exchange about neighbourhood & directions,Dealing with an everyday problem involving the first practical exchange about neighbourhood & directions,Xử lý tình huống thực tế: neighbourhood & directions — the first practical exchange about neighbourhood & directions,deal with an everyday problem involving the first practical exchange about neighbourhood & directions; complete the exchange naturally at B1.,520–700,4,Ms Lan,Mr Michael (or another context-appropriate named Mr/Ms character),PLANNED
1010,B1,Transport,the first practical exchange about public transport,Dealing with an everyday problem involving the first practical exchange about public transport,Xử lý tình huống thực tế: public transport — the first practical exchange about public transport,deal with an everyday problem involving the first practical exchange about public transport; complete the exchange naturally at B1.,520–700,4,Ms Lan,Ms Grace (or another context-appropriate named Mr/Ms character),PLANNED
1011,B1,Transport,the first practical exchange about taxi & ride services,Dealing with an everyday problem involving the first practical exchange about taxi & ride services,Xử lý tình huống thực tế: taxi & ride services — the first practical exchange about taxi & ride services,deal with an everyday problem involving the first practical exchange about taxi & ride services; complete the exchange naturally at B1.,520–700,4,Ms Lan,Mr Henry (or another context-appropriate named Mr/Ms character),PLANNED
1012,B1,Mobility,the first practical exchange about walking & getting around,Dealing with an everyday problem involving the first practical exchange about walking & getting around,Xử lý tình huống thực tế: walking & getting around — the first practical exchange about walking & getting around,deal with an everyday problem involving the first practical exchange about walking & getting around; complete the exchange naturally at B1.,520–700,4,Ms Lan,Ms Anna (or another context-appropriate named Mr/Ms character),PLANNED
1013,B1,Weather,the first practical exchange about weather & daily plans,Dealing with an everyday problem involving the first practical exchange about weather & daily plans,Xử lý tình huống thực tế: weather & daily plans — the first practical exchange about weather & daily plans,deal with an everyday problem involving the first practical exchange about weather & daily plans; complete the exchange naturally at B1.,520–700,4,Ms Lan,Mr David (or another context-appropriate named Mr/Ms character),PLANNED
1014,B1,Daily Life,the first practical exchange about daily routines,Dealing with an everyday problem involving the first practical exchange about daily routines,Xử lý tình huống thực tế: daily routines — the first practical exchange about daily routines,deal with an everyday problem involving the first practical exchange about daily routines; complete the exchange naturally at B1.,520–700,4,Ms Lan,Ms Emma (or another context-appropriate named Mr/Ms character),PLANNED
1015,B1,Learning,the first practical exchange about school & learning,Dealing with an everyday problem involving the first practical exchange about school & learning,Xử lý tình huống thực tế: school & learning — the first practical exchange about school & learning,deal with an everyday problem involving the first practical exchange about school & learning; complete the exchange naturally at B1.,520–700,4,Ms Lan,Mr James (or another context-appropriate named Mr/Ms character),PLANNED
1016,B1,Work,the first practical exchange about workplace everyday communication,Dealing with an everyday problem involving the first practical exchange about workplace everyday communication,Xử lý tình huống thực tế: workplace everyday communication — the first practical exchange about workplace everyday communication,deal with an everyday problem involving the first practical exchange about workplace everyday communication; complete the exchange naturally at B1.,520–700,4,Ms Lan,Ms Sarah (or another context-appropriate named Mr/Ms character),PLANNED
1017,B1,Communication,the first practical exchange about phone calls,Dealing with an everyday problem involving the first practical exchange about phone calls,Xử lý tình huống thực tế: phone calls — the first practical exchange about phone calls,deal with an everyday problem involving the first practical exchange about phone calls; complete the exchange naturally at B1.,520–700,4,Ms Lan,Mr Daniel (or another context-appropriate named Mr/Ms character),PLANNED
1018,B1,Communication,the first practical exchange about messages & everyday digital communication,Dealing with an everyday problem involving the first practical exchange about messages & everyday digital communication,Xử lý tình huống thực tế: messages & everyday digital communication — the first practical exchange about messages & everyday digital communication,deal with an everyday problem involving the first practical exchange about messages & everyday digital communication; complete the exchange naturally at B1.,520–700,4,Ms Lan,Ms Olivia (or another context-appropriate named Mr/Ms character),PLANNED
1019,B1,Scheduling,the first practical exchange about appointments & schedules,Dealing with an everyday problem involving the first practical exchange about appointments & schedules,Xử lý tình huống thực tế: appointments & schedules — the first practical exchange about appointments & schedules,deal with an everyday problem involving the first practical exchange about appointments & schedules; complete the exchange naturally at B1.,520–700,4,Ms Lan,Mr Thomas (or another context-appropriate named Mr/Ms character),PLANNED
1020,B1,Eating Out,the first practical exchange about restaurants & cafés,Dealing with an everyday problem involving the first practical exchange about restaurants & cafés,Xử lý tình huống thực tế: restaurants & cafés — the first practical exchange about restaurants & cafés,deal with an everyday problem involving the first practical exchange about restaurants & cafés; complete the exchange naturally at B1.,520–700,4,Ms Lan,Ms Sophie (or another context-appropriate named Mr/Ms character),PLANNED
1021,B1,Travel,the first practical exchange about hotels & accommodation,Dealing with an everyday problem involving the first practical exchange about hotels & accommodation,Xử lý tình huống thực tế: hotels & accommodation — the first practical exchange about hotels & accommodation,deal with an everyday problem involving the first practical exchange about hotels & accommodation; complete the exchange naturally at B1.,520–700,4,Ms Lan,Mr Michael (or another context-appropriate named Mr/Ms character),PLANNED
1022,B1,Travel,the first practical exchange about airports & flights,Dealing with an everyday problem involving the first practical exchange about airports & flights,Xử lý tình huống thực tế: airports & flights — the first practical exchange about airports & flights,deal with an everyday problem involving the first practical exchange about airports & flights; complete the exchange naturally at B1.,520–700,4,Ms Lan,Ms Grace (or another context-appropriate named Mr/Ms character),PLANNED
1023,B1,Travel,the first practical exchange about train & coach travel,Dealing with an everyday problem involving the first practical exchange about train & coach travel,Xử lý tình huống thực tế: train & coach travel — the first practical exchange about train & coach travel,deal with an everyday problem involving the first practical exchange about train & coach travel; complete the exchange naturally at B1.,520–700,4,Ms Lan,Mr Henry (or another context-appropriate named Mr/Ms character),PLANNED
1024,B1,Driving,"the first practical exchange about driving, parking & fuel","Dealing with an everyday problem involving the first practical exchange about driving, parking & fuel","Xử lý tình huống thực tế: driving, parking & fuel — the first practical exchange about driving, parking & fuel","deal with an everyday problem involving the first practical exchange about driving, parking & fuel; complete the exchange naturally at B1.",520–700,4,Ms Lan,Ms Anna (or another context-appropriate named Mr/Ms character),PLANNED
1025,B1,Health Services,the first practical exchange about health services & pharmacy,Dealing with an everyday problem involving the first practical exchange about health services & pharmacy,Xử lý tình huống thực tế: health services & pharmacy — the first practical exchange about health services & pharmacy,deal with an everyday problem involving the first practical exchange about health services & pharmacy; complete the exchange naturally at B1.,520–700,4,Ms Lan,Mr David (or another context-appropriate named Mr/Ms character),PLANNED
1026,B1,Wellbeing,the first practical exchange about fitness & wellbeing routines,Dealing with an everyday problem involving the first practical exchange about fitness & wellbeing routines,Xử lý tình huống thực tế: fitness & wellbeing routines — the first practical exchange about fitness & wellbeing routines,deal with an everyday problem involving the first practical exchange about fitness & wellbeing routines; complete the exchange naturally at B1.,520–700,4,Ms Lan,Ms Emma (or another context-appropriate named Mr/Ms character),PLANNED
1027,B1,Services,the first practical exchange about personal care services,Dealing with an everyday problem involving the first practical exchange about personal care services,Xử lý tình huống thực tế: personal care services — the first practical exchange about personal care services,deal with an everyday problem involving the first practical exchange about personal care services; complete the exchange naturally at B1.,520–700,4,Ms Lan,Mr James (or another context-appropriate named Mr/Ms character),PLANNED
1028,B1,Money,the first practical exchange about banking & everyday money,Dealing with an everyday problem involving the first practical exchange about banking & everyday money,Xử lý tình huống thực tế: banking & everyday money — the first practical exchange about banking & everyday money,deal with an everyday problem involving the first practical exchange about banking & everyday money; complete the exchange naturally at B1.,520–700,4,Ms Lan,Ms Sarah (or another context-appropriate named Mr/Ms character),PLANNED
1029,B1,Services,"the first practical exchange about post, courier & deliveries","Dealing with an everyday problem involving the first practical exchange about post, courier & deliveries","Xử lý tình huống thực tế: post, courier & deliveries — the first practical exchange about post, courier & deliveries","deal with an everyday problem involving the first practical exchange about post, courier & deliveries; complete the exchange naturally at B1.",520–700,4,Ms Lan,Mr Daniel (or another context-appropriate named Mr/Ms character),PLANNED
1030,B1,Services,the first practical exchange about repairs & home services,Dealing with an everyday problem involving the first practical exchange about repairs & home services,Xử lý tình huống thực tế: repairs & home services — the first practical exchange about repairs & home services,deal with an everyday problem involving the first practical exchange about repairs & home services; complete the exchange naturally at B1.,520–700,4,Ms Lan,Ms Olivia (or another context-appropriate named Mr/Ms character),PLANNED
1031,B1,Customer Service,the first practical exchange about customer service & complaints,Dealing with an everyday problem involving the first practical exchange about customer service & complaints,Xử lý tình huống thực tế: customer service & complaints — the first practical exchange about customer service & complaints,deal with an everyday problem involving the first practical exchange about customer service & complaints; complete the exchange naturally at B1.,520–700,4,Ms Lan,Mr Thomas (or another context-appropriate named Mr/Ms character),PLANNED
1032,B1,Technology,the first practical exchange about technology & devices,Dealing with an everyday problem involving the first practical exchange about technology & devices,Xử lý tình huống thực tế: technology & devices — the first practical exchange about technology & devices,deal with an everyday problem involving the first practical exchange about technology & devices; complete the exchange naturally at B1.,520–700,4,Ms Lan,Ms Sophie (or another context-appropriate named Mr/Ms character),PLANNED
1033,B1,Technology,the first practical exchange about internet & online accounts,Dealing with an everyday problem involving the first practical exchange about internet & online accounts,Xử lý tình huống thực tế: internet & online accounts — the first practical exchange about internet & online accounts,deal with an everyday problem involving the first practical exchange about internet & online accounts; complete the exchange naturally at B1.,520–700,4,Ms Lan,Mr Michael (or another context-appropriate named Mr/Ms character),PLANNED
1034,B1,Leisure,the first practical exchange about entertainment & events,Dealing with an everyday problem involving the first practical exchange about entertainment & events,Xử lý tình huống thực tế: entertainment & events — the first practical exchange about entertainment & events,deal with an everyday problem involving the first practical exchange about entertainment & events; complete the exchange naturally at B1.,520–700,4,Ms Lan,Ms Grace (or another context-appropriate named Mr/Ms character),PLANNED
1035,B1,Leisure,the first practical exchange about sports & hobbies,Dealing with an everyday problem involving the first practical exchange about sports & hobbies,Xử lý tình huống thực tế: sports & hobbies — the first practical exchange about sports & hobbies,deal with an everyday problem involving the first practical exchange about sports & hobbies; complete the exchange naturally at B1.,520–700,4,Ms Lan,Mr Henry (or another context-appropriate named Mr/Ms character),PLANNED
1036,B1,Relationships,the first practical exchange about friends & social plans,Dealing with an everyday problem involving the first practical exchange about friends & social plans,Xử lý tình huống thực tế: friends & social plans — the first practical exchange about friends & social plans,deal with an everyday problem involving the first practical exchange about friends & social plans; complete the exchange naturally at B1.,520–700,4,Ms Lan,Ms Anna (or another context-appropriate named Mr/Ms character),PLANNED
1037,B1,Social Life,the first practical exchange about invitations & visits,Dealing with an everyday problem involving the first practical exchange about invitations & visits,Xử lý tình huống thực tế: invitations & visits — the first practical exchange about invitations & visits,deal with an everyday problem involving the first practical exchange about invitations & visits; complete the exchange naturally at B1.,520–700,4,Ms Lan,Mr David (or another context-appropriate named Mr/Ms character),PLANNED
1038,B1,Community,the first practical exchange about community & neighbours,Dealing with an everyday problem involving the first practical exchange about community & neighbours,Xử lý tình huống thực tế: community & neighbours — the first practical exchange about community & neighbours,deal with an everyday problem involving the first practical exchange about community & neighbours; complete the exchange naturally at B1.,520–700,4,Ms Lan,Ms Emma (or another context-appropriate named Mr/Ms character),PLANNED
1039,B1,Travel Problems,the first practical exchange about travel problems & changes,Dealing with an everyday problem involving the first practical exchange about travel problems & changes,Xử lý tình huống thực tế: travel problems & changes — the first practical exchange about travel problems & changes,deal with an everyday problem involving the first practical exchange about travel problems & changes; complete the exchange naturally at B1.,520–700,4,Ms Lan,Mr James (or another context-appropriate named Mr/Ms character),PLANNED
1040,B1,Problems,the first practical exchange about lost property & missing items,Dealing with an everyday problem involving the first practical exchange about lost property & missing items,Xử lý tình huống thực tế: lost property & missing items — the first practical exchange about lost property & missing items,deal with an everyday problem involving the first practical exchange about lost property & missing items; complete the exchange naturally at B1.,520–700,4,Ms Lan,Ms Sarah (or another context-appropriate named Mr/Ms character),PLANNED
1041,B1,Emergencies,the first practical exchange about emergencies & asking for help,Dealing with an everyday problem involving the first practical exchange about emergencies & asking for help,Xử lý tình huống thực tế: emergencies & asking for help — the first practical exchange about emergencies & asking for help,deal with an everyday problem involving the first practical exchange about emergencies & asking for help; complete the exchange naturally at B1.,520–700,4,Ms Lan,Mr Daniel (or another context-appropriate named Mr/Ms character),PLANNED
1042,B1,Public Life,"the first practical exchange about rules, permission & public places","Dealing with an everyday problem involving the first practical exchange about rules, permission & public places","Xử lý tình huống thực tế: rules, permission & public places — the first practical exchange about rules, permission & public places","deal with an everyday problem involving the first practical exchange about rules, permission & public places; complete the exchange naturally at B1.",520–700,4,Ms Lan,Ms Olivia (or another context-appropriate named Mr/Ms character),PLANNED
1043,B1,Housing,the first practical exchange about renting & moving home,Dealing with an everyday problem involving the first practical exchange about renting & moving home,Xử lý tình huống thực tế: renting & moving home — the first practical exchange about renting & moving home,deal with an everyday problem involving the first practical exchange about renting & moving home; complete the exchange naturally at B1.,520–700,4,Ms Lan,Mr Thomas (or another context-appropriate named Mr/Ms character),PLANNED
1044,B1,Housing,the first practical exchange about utilities & household bills,Dealing with an everyday problem involving the first practical exchange about utilities & household bills,Xử lý tình huống thực tế: utilities & household bills — the first practical exchange about utilities & household bills,deal with an everyday problem involving the first practical exchange about utilities & household bills; complete the exchange naturally at B1.,520–700,4,Ms Lan,Ms Sophie (or another context-appropriate named Mr/Ms character),PLANNED
1045,B1,Public Services,the first practical exchange about government/public services,Dealing with an everyday problem involving the first practical exchange about government/public services,Xử lý tình huống thực tế: government/public services — the first practical exchange about government/public services,deal with an everyday problem involving the first practical exchange about government/public services; complete the exchange naturally at B1.,520–700,4,Ms Lan,Mr Michael (or another context-appropriate named Mr/Ms character),PLANNED
1046,B1,Culture,the first practical exchange about cultural differences & etiquette,Dealing with an everyday problem involving the first practical exchange about cultural differences & etiquette,Xử lý tình huống thực tế: cultural differences & etiquette — the first practical exchange about cultural differences & etiquette,deal with an everyday problem involving the first practical exchange about cultural differences & etiquette; complete the exchange naturally at B1.,520–700,4,Ms Lan,Ms Grace (or another context-appropriate named Mr/Ms character),PLANNED
1047,B1,Interaction,the first practical exchange about opinions & preferences,Dealing with an everyday problem involving the first practical exchange about opinions & preferences,Xử lý tình huống thực tế: opinions & preferences — the first practical exchange about opinions & preferences,deal with an everyday problem involving the first practical exchange about opinions & preferences; complete the exchange naturally at B1.,520–700,4,Ms Lan,Mr Henry (or another context-appropriate named Mr/Ms character),PLANNED
1048,B1,Interaction,"the first practical exchange about plans, decisions & changes","Dealing with an everyday problem involving the first practical exchange about plans, decisions & changes","Xử lý tình huống thực tế: plans, decisions & changes — the first practical exchange about plans, decisions & changes","deal with an everyday problem involving the first practical exchange about plans, decisions & changes; complete the exchange naturally at B1.",520–700,4,Ms Lan,Ms Anna (or another context-appropriate named Mr/Ms character),PLANNED
1049,B1,Interaction,the first practical exchange about explaining experiences & stories,Dealing with an everyday problem involving the first practical exchange about explaining experiences & stories,Xử lý tình huống thực tế: explaining experiences & stories — the first practical exchange about explaining experiences & stories,deal with an everyday problem involving the first practical exchange about explaining experiences & stories; complete the exchange naturally at B1.,520–700,4,Ms Lan,Mr David (or another context-appropriate named Mr/Ms character),PLANNED
1050,B1,Interaction,the first practical exchange about clarifying & repairing communication,Dealing with an everyday problem involving the first practical exchange about clarifying & repairing communication,Xử lý tình huống thực tế: clarifying & repairing communication — the first practical exchange about clarifying & repairing communication,deal with an everyday problem involving the first practical exchange about clarifying & repairing communication; complete the exchange naturally at B1.,520–700,4,Ms Lan,Ms Emma (or another context-appropriate named Mr/Ms character),PLANNED
1051,B1,Interaction,the first practical exchange about disagreement & boundaries,Dealing with an everyday problem involving the first practical exchange about disagreement & boundaries,Xử lý tình huống thực tế: disagreement & boundaries — the first practical exchange about disagreement & boundaries,deal with an everyday problem involving the first practical exchange about disagreement & boundaries; complete the exchange naturally at B1.,520–700,4,Ms Lan,Mr James (or another context-appropriate named Mr/Ms character),PLANNED
1052,B1,Interaction,the first practical exchange about negotiation & compromise,Dealing with an everyday problem involving the first practical exchange about negotiation & compromise,Xử lý tình huống thực tế: negotiation & compromise — the first practical exchange about negotiation & compromise,deal with an everyday problem involving the first practical exchange about negotiation & compromise; complete the exchange naturally at B1.,520–700,4,Ms Lan,Ms Sarah (or another context-appropriate named Mr/Ms character),PLANNED
1053,B1,Interaction,the first practical exchange about unexpected situations & problem solving,Dealing with an everyday problem involving the first practical exchange about unexpected situations & problem solving,Xử lý tình huống thực tế: unexpected situations & problem solving — the first practical exchange about unexpected situations & problem solving,deal with an everyday problem involving the first practical exchange about unexpected situations & problem solving; complete the exchange naturally at B1.,520–700,4,Ms Lan,Mr Daniel (or another context-appropriate named Mr/Ms character),PLANNED
1054,B1,Society,the first practical exchange about news & everyday current events,Dealing with an everyday problem involving the first practical exchange about news & everyday current events,Xử lý tình huống thực tế: news & everyday current events — the first practical exchange about news & everyday current events,deal with an everyday problem involving the first practical exchange about news & everyday current events; complete the exchange naturally at B1.,520–700,4,Ms Lan,Ms Olivia (or another context-appropriate named Mr/Ms character),PLANNED
1055,B1,Society,the first practical exchange about environment & local issues,Dealing with an everyday problem involving the first practical exchange about environment & local issues,Xử lý tình huống thực tế: environment & local issues — the first practical exchange about environment & local issues,deal with an everyday problem involving the first practical exchange about environment & local issues; complete the exchange naturally at B1.,520–700,4,Ms Lan,Mr Thomas (or another context-appropriate named Mr/Ms character),PLANNED
1056,B1,Personal Identity,how to spell your name,Dealing with an everyday problem involving how to spell your name,Xử lý tình huống thực tế: personal identity & introductions — how to spell your name,deal with an everyday problem involving how to spell your name; complete the exchange naturally at B1.,520–700,4,Ms Lan,Ms Sophie (or another context-appropriate named Mr/Ms character),PLANNED
1057,B1,Social Basics,responding to a greeting,Dealing with an everyday problem involving responding to a greeting,Xử lý tình huống thực tế: greetings & basic social contact — responding to a greeting,deal with an everyday problem involving responding to a greeting; complete the exchange naturally at B1.,520–700,4,Ms Lan,Mr Michael (or another context-appropriate named Mr/Ms character),PLANNED
1058,B1,Numbers and Time,a phone number,Dealing with an everyday problem involving a phone number,"Xử lý tình huống thực tế: numbers, dates & time — a phone number",deal with an everyday problem involving a phone number; complete the exchange naturally at B1.,520–700,4,Ms Lan,Ms Grace (or another context-appropriate named Mr/Ms character),PLANNED
1059,B1,Home,a common household object,Dealing with an everyday problem involving a common household object,Xử lý tình huống thực tế: home & household — a common household object,deal with an everyday problem involving a common household object; complete the exchange naturally at B1.,520–700,4,Ms Lan,Mr Henry (or another context-appropriate named Mr/Ms character),PLANNED
1060,B1,Family,a family member's name,Dealing with an everyday problem involving a family member's name,Xử lý tình huống thực tế: family & relationships — a family member's name,deal with an everyday problem involving a family member's name; complete the exchange naturally at B1.,520–700,4,Ms Lan,Ms Anna (or another context-appropriate named Mr/Ms character),PLANNED
1061,B1,Food,choosing a drink,Dealing with an everyday problem involving choosing a drink,Xử lý tình huống thực tế: food & drink — choosing a drink,deal with an everyday problem involving choosing a drink; complete the exchange naturally at B1.,520–700,4,Ms Lan,Mr David (or another context-appropriate named Mr/Ms character),PLANNED
1062,B1,Shopping,a routine everyday need involving shopping & payments,Dealing with an everyday problem involving a routine everyday need involving shopping & payments,Xử lý tình huống thực tế: shopping & payments — a routine everyday need involving shopping & payments,deal with an everyday problem involving a routine everyday need involving shopping & payments; complete the exchange naturally at B1.,520–700,4,Ms Lan,Ms Emma (or another context-appropriate named Mr/Ms character),PLANNED
1063,B1,Clothing,a routine everyday need involving clothing & personal items,Dealing with an everyday problem involving a routine everyday need involving clothing & personal items,Xử lý tình huống thực tế: clothing & personal items — a routine everyday need involving clothing & personal items,deal with an everyday problem involving a routine everyday need involving clothing & personal items; complete the exchange naturally at B1.,520–700,4,Ms Lan,Mr James (or another context-appropriate named Mr/Ms character),PLANNED
1064,B1,Neighbourhood,a routine everyday need involving neighbourhood & directions,Dealing with an everyday problem involving a routine everyday need involving neighbourhood & directions,Xử lý tình huống thực tế: neighbourhood & directions — a routine everyday need involving neighbourhood & directions,deal with an everyday problem involving a routine everyday need involving neighbourhood & directions; complete the exchange naturally at B1.,520–700,4,Ms Lan,Ms Sarah (or another context-appropriate named Mr/Ms character),PLANNED
1065,B1,Transport,a routine everyday need involving public transport,Dealing with an everyday problem involving a routine everyday need involving public transport,Xử lý tình huống thực tế: public transport — a routine everyday need involving public transport,deal with an everyday problem involving a routine everyday need involving public transport; complete the exchange naturally at B1.,520–700,4,Ms Lan,Mr Daniel (or another context-appropriate named Mr/Ms character),PLANNED
1066,B1,Transport,a routine everyday need involving taxi & ride services,Dealing with an everyday problem involving a routine everyday need involving taxi & ride services,Xử lý tình huống thực tế: taxi & ride services — a routine everyday need involving taxi & ride services,deal with an everyday problem involving a routine everyday need involving taxi & ride services; complete the exchange naturally at B1.,520–700,4,Ms Lan,Ms Olivia (or another context-appropriate named Mr/Ms character),PLANNED
1067,B1,Mobility,a routine everyday need involving walking & getting around,Dealing with an everyday problem involving a routine everyday need involving walking & getting around,Xử lý tình huống thực tế: walking & getting around — a routine everyday need involving walking & getting around,deal with an everyday problem involving a routine everyday need involving walking & getting around; complete the exchange naturally at B1.,520–700,4,Ms Lan,Mr Thomas (or another context-appropriate named Mr/Ms character),PLANNED
1068,B1,Weather,a routine everyday need involving weather & daily plans,Dealing with an everyday problem involving a routine everyday need involving weather & daily plans,Xử lý tình huống thực tế: weather & daily plans — a routine everyday need involving weather & daily plans,deal with an everyday problem involving a routine everyday need involving weather & daily plans; complete the exchange naturally at B1.,520–700,4,Ms Lan,Ms Sophie (or another context-appropriate named Mr/Ms character),PLANNED
1069,B1,Daily Life,a routine everyday need involving daily routines,Dealing with an everyday problem involving a routine everyday need involving daily routines,Xử lý tình huống thực tế: daily routines — a routine everyday need involving daily routines,deal with an everyday problem involving a routine everyday need involving daily routines; complete the exchange naturally at B1.,520–700,4,Ms Lan,Mr Michael (or another context-appropriate named Mr/Ms character),PLANNED
1070,B1,Learning,a routine everyday need involving school & learning,Dealing with an everyday problem involving a routine everyday need involving school & learning,Xử lý tình huống thực tế: school & learning — a routine everyday need involving school & learning,deal with an everyday problem involving a routine everyday need involving school & learning; complete the exchange naturally at B1.,520–700,4,Ms Lan,Ms Grace (or another context-appropriate named Mr/Ms character),PLANNED
1071,B1,Work,a routine everyday need involving workplace everyday communication,Dealing with an everyday problem involving a routine everyday need involving workplace everyday communication,Xử lý tình huống thực tế: workplace everyday communication — a routine everyday need involving workplace everyday communication,deal with an everyday problem involving a routine everyday need involving workplace everyday communication; complete the exchange naturally at B1.,520–700,4,Ms Lan,Mr Henry (or another context-appropriate named Mr/Ms character),PLANNED
1072,B1,Communication,a routine everyday need involving phone calls,Dealing with an everyday problem involving a routine everyday need involving phone calls,Xử lý tình huống thực tế: phone calls — a routine everyday need involving phone calls,deal with an everyday problem involving a routine everyday need involving phone calls; complete the exchange naturally at B1.,520–700,4,Ms Lan,Ms Anna (or another context-appropriate named Mr/Ms character),PLANNED
1073,B1,Communication,a routine everyday need involving messages & everyday digital communication,Dealing with an everyday problem involving a routine everyday need involving messages & everyday digital communication,Xử lý tình huống thực tế: messages & everyday digital communication — a routine everyday need involving messages & everyday digital communication,deal with an everyday problem involving a routine everyday need involving messages & everyday digital communication; complete the exchange naturally at B1.,520–700,4,Ms Lan,Mr David (or another context-appropriate named Mr/Ms character),PLANNED
1074,B1,Scheduling,a routine everyday need involving appointments & schedules,Dealing with an everyday problem involving a routine everyday need involving appointments & schedules,Xử lý tình huống thực tế: appointments & schedules — a routine everyday need involving appointments & schedules,deal with an everyday problem involving a routine everyday need involving appointments & schedules; complete the exchange naturally at B1.,520–700,4,Ms Lan,Ms Emma (or another context-appropriate named Mr/Ms character),PLANNED
1075,B1,Eating Out,a routine everyday need involving restaurants & cafés,Dealing with an everyday problem involving a routine everyday need involving restaurants & cafés,Xử lý tình huống thực tế: restaurants & cafés — a routine everyday need involving restaurants & cafés,deal with an everyday problem involving a routine everyday need involving restaurants & cafés; complete the exchange naturally at B1.,520–700,4,Ms Lan,Mr James (or another context-appropriate named Mr/Ms character),PLANNED
1076,B1,Travel,a routine everyday need involving hotels & accommodation,Dealing with an everyday problem involving a routine everyday need involving hotels & accommodation,Xử lý tình huống thực tế: hotels & accommodation — a routine everyday need involving hotels & accommodation,deal with an everyday problem involving a routine everyday need involving hotels & accommodation; complete the exchange naturally at B1.,520–700,4,Ms Lan,Ms Sarah (or another context-appropriate named Mr/Ms character),PLANNED
1077,B1,Travel,a routine everyday need involving airports & flights,Dealing with an everyday problem involving a routine everyday need involving airports & flights,Xử lý tình huống thực tế: airports & flights — a routine everyday need involving airports & flights,deal with an everyday problem involving a routine everyday need involving airports & flights; complete the exchange naturally at B1.,520–700,4,Ms Lan,Mr Daniel (or another context-appropriate named Mr/Ms character),PLANNED
1078,B1,Travel,a routine everyday need involving train & coach travel,Dealing with an everyday problem involving a routine everyday need involving train & coach travel,Xử lý tình huống thực tế: train & coach travel — a routine everyday need involving train & coach travel,deal with an everyday problem involving a routine everyday need involving train & coach travel; complete the exchange naturally at B1.,520–700,4,Ms Lan,Ms Olivia (or another context-appropriate named Mr/Ms character),PLANNED
1079,B1,Driving,"a routine everyday need involving driving, parking & fuel","Dealing with an everyday problem involving a routine everyday need involving driving, parking & fuel","Xử lý tình huống thực tế: driving, parking & fuel — a routine everyday need involving driving, parking & fuel","deal with an everyday problem involving a routine everyday need involving driving, parking & fuel; complete the exchange naturally at B1.",520–700,4,Ms Lan,Mr Thomas (or another context-appropriate named Mr/Ms character),PLANNED
1080,B1,Health Services,a routine everyday need involving health services & pharmacy,Dealing with an everyday problem involving a routine everyday need involving health services & pharmacy,Xử lý tình huống thực tế: health services & pharmacy — a routine everyday need involving health services & pharmacy,deal with an everyday problem involving a routine everyday need involving health services & pharmacy; complete the exchange naturally at B1.,520–700,4,Ms Lan,Ms Sophie (or another context-appropriate named Mr/Ms character),PLANNED
1081,B1,Wellbeing,a routine everyday need involving fitness & wellbeing routines,Dealing with an everyday problem involving a routine everyday need involving fitness & wellbeing routines,Xử lý tình huống thực tế: fitness & wellbeing routines — a routine everyday need involving fitness & wellbeing routines,deal with an everyday problem involving a routine everyday need involving fitness & wellbeing routines; complete the exchange naturally at B1.,520–700,4,Ms Lan,Mr Michael (or another context-appropriate named Mr/Ms character),PLANNED
1082,B1,Services,a routine everyday need involving personal care services,Dealing with an everyday problem involving a routine everyday need involving personal care services,Xử lý tình huống thực tế: personal care services — a routine everyday need involving personal care services,deal with an everyday problem involving a routine everyday need involving personal care services; complete the exchange naturally at B1.,520–700,4,Ms Lan,Ms Grace (or another context-appropriate named Mr/Ms character),PLANNED
1083,B1,Money,a routine everyday need involving banking & everyday money,Dealing with an everyday problem involving a routine everyday need involving banking & everyday money,Xử lý tình huống thực tế: banking & everyday money — a routine everyday need involving banking & everyday money,deal with an everyday problem involving a routine everyday need involving banking & everyday money; complete the exchange naturally at B1.,520–700,4,Ms Lan,Mr Henry (or another context-appropriate named Mr/Ms character),PLANNED
1084,B1,Services,"a routine everyday need involving post, courier & deliveries","Dealing with an everyday problem involving a routine everyday need involving post, courier & deliveries","Xử lý tình huống thực tế: post, courier & deliveries — a routine everyday need involving post, courier & deliveries","deal with an everyday problem involving a routine everyday need involving post, courier & deliveries; complete the exchange naturally at B1.",520–700,4,Ms Lan,Ms Anna (or another context-appropriate named Mr/Ms character),PLANNED
1085,B1,Services,a routine everyday need involving repairs & home services,Dealing with an everyday problem involving a routine everyday need involving repairs & home services,Xử lý tình huống thực tế: repairs & home services — a routine everyday need involving repairs & home services,deal with an everyday problem involving a routine everyday need involving repairs & home services; complete the exchange naturally at B1.,520–700,4,Ms Lan,Mr David (or another context-appropriate named Mr/Ms character),PLANNED
1086,B1,Customer Service,a routine everyday need involving customer service & complaints,Dealing with an everyday problem involving a routine everyday need involving customer service & complaints,Xử lý tình huống thực tế: customer service & complaints — a routine everyday need involving customer service & complaints,deal with an everyday problem involving a routine everyday need involving customer service & complaints; complete the exchange naturally at B1.,520–700,4,Ms Lan,Ms Emma (or another context-appropriate named Mr/Ms character),PLANNED
1087,B1,Technology,a routine everyday need involving technology & devices,Dealing with an everyday problem involving a routine everyday need involving technology & devices,Xử lý tình huống thực tế: technology & devices — a routine everyday need involving technology & devices,deal with an everyday problem involving a routine everyday need involving technology & devices; complete the exchange naturally at B1.,520–700,4,Ms Lan,Mr James (or another context-appropriate named Mr/Ms character),PLANNED
1088,B1,Technology,a routine everyday need involving internet & online accounts,Dealing with an everyday problem involving a routine everyday need involving internet & online accounts,Xử lý tình huống thực tế: internet & online accounts — a routine everyday need involving internet & online accounts,deal with an everyday problem involving a routine everyday need involving internet & online accounts; complete the exchange naturally at B1.,520–700,4,Ms Lan,Ms Sarah (or another context-appropriate named Mr/Ms character),PLANNED
1089,B1,Leisure,a routine everyday need involving entertainment & events,Dealing with an everyday problem involving a routine everyday need involving entertainment & events,Xử lý tình huống thực tế: entertainment & events — a routine everyday need involving entertainment & events,deal with an everyday problem involving a routine everyday need involving entertainment & events; complete the exchange naturally at B1.,520–700,4,Ms Lan,Mr Daniel (or another context-appropriate named Mr/Ms character),PLANNED
1090,B1,Leisure,a routine everyday need involving sports & hobbies,Dealing with an everyday problem involving a routine everyday need involving sports & hobbies,Xử lý tình huống thực tế: sports & hobbies — a routine everyday need involving sports & hobbies,deal with an everyday problem involving a routine everyday need involving sports & hobbies; complete the exchange naturally at B1.,520–700,4,Ms Lan,Ms Olivia (or another context-appropriate named Mr/Ms character),PLANNED
1091,B1,Relationships,a routine everyday need involving friends & social plans,Dealing with an everyday problem involving a routine everyday need involving friends & social plans,Xử lý tình huống thực tế: friends & social plans — a routine everyday need involving friends & social plans,deal with an everyday problem involving a routine everyday need involving friends & social plans; complete the exchange naturally at B1.,520–700,4,Ms Lan,Mr Thomas (or another context-appropriate named Mr/Ms character),PLANNED
1092,B1,Social Life,a routine everyday need involving invitations & visits,Dealing with an everyday problem involving a routine everyday need involving invitations & visits,Xử lý tình huống thực tế: invitations & visits — a routine everyday need involving invitations & visits,deal with an everyday problem involving a routine everyday need involving invitations & visits; complete the exchange naturally at B1.,520–700,4,Ms Lan,Ms Sophie (or another context-appropriate named Mr/Ms character),PLANNED
1093,B1,Community,a routine everyday need involving community & neighbours,Dealing with an everyday problem involving a routine everyday need involving community & neighbours,Xử lý tình huống thực tế: community & neighbours — a routine everyday need involving community & neighbours,deal with an everyday problem involving a routine everyday need involving community & neighbours; complete the exchange naturally at B1.,520–700,4,Ms Lan,Mr Michael (or another context-appropriate named Mr/Ms character),PLANNED
1094,B1,Travel Problems,a routine everyday need involving travel problems & changes,Dealing with an everyday problem involving a routine everyday need involving travel problems & changes,Xử lý tình huống thực tế: travel problems & changes — a routine everyday need involving travel problems & changes,deal with an everyday problem involving a routine everyday need involving travel problems & changes; complete the exchange naturally at B1.,520–700,4,Ms Lan,Ms Grace (or another context-appropriate named Mr/Ms character),PLANNED
1095,B1,Problems,a routine everyday need involving lost property & missing items,Dealing with an everyday problem involving a routine everyday need involving lost property & missing items,Xử lý tình huống thực tế: lost property & missing items — a routine everyday need involving lost property & missing items,deal with an everyday problem involving a routine everyday need involving lost property & missing items; complete the exchange naturally at B1.,520–700,4,Ms Lan,Mr Henry (or another context-appropriate named Mr/Ms character),PLANNED
1096,B1,Emergencies,a routine everyday need involving emergencies & asking for help,Dealing with an everyday problem involving a routine everyday need involving emergencies & asking for help,Xử lý tình huống thực tế: emergencies & asking for help — a routine everyday need involving emergencies & asking for help,deal with an everyday problem involving a routine everyday need involving emergencies & asking for help; complete the exchange naturally at B1.,520–700,4,Ms Lan,Ms Anna (or another context-appropriate named Mr/Ms character),PLANNED
1097,B1,Public Life,"a routine everyday need involving rules, permission & public places","Dealing with an everyday problem involving a routine everyday need involving rules, permission & public places","Xử lý tình huống thực tế: rules, permission & public places — a routine everyday need involving rules, permission & public places","deal with an everyday problem involving a routine everyday need involving rules, permission & public places; complete the exchange naturally at B1.",520–700,4,Ms Lan,Mr David (or another context-appropriate named Mr/Ms character),PLANNED
1098,B1,Housing,a routine everyday need involving renting & moving home,Dealing with an everyday problem involving a routine everyday need involving renting & moving home,Xử lý tình huống thực tế: renting & moving home — a routine everyday need involving renting & moving home,deal with an everyday problem involving a routine everyday need involving renting & moving home; complete the exchange naturally at B1.,520–700,4,Ms Lan,Ms Emma (or another context-appropriate named Mr/Ms character),PLANNED
1099,B1,Housing,a routine everyday need involving utilities & household bills,Dealing with an everyday problem involving a routine everyday need involving utilities & household bills,Xử lý tình huống thực tế: utilities & household bills — a routine everyday need involving utilities & household bills,deal with an everyday problem involving a routine everyday need involving utilities & household bills; complete the exchange naturally at B1.,520–700,4,Ms Lan,Mr James (or another context-appropriate named Mr/Ms character),PLANNED
1100,B1,Public Services,a routine everyday need involving government/public services,Dealing with an everyday problem involving a routine everyday need involving government/public services,Xử lý tình huống thực tế: government/public services — a routine everyday need involving government/public services,deal with an everyday problem involving a routine everyday need involving government/public services; complete the exchange naturally at B1.,520–700,4,Ms Lan,Ms Sarah (or another context-appropriate named Mr/Ms character),PLANNED
1101,B1,Culture,a routine everyday need involving cultural differences & etiquette,Dealing with an everyday problem involving a routine everyday need involving cultural differences & etiquette,Xử lý tình huống thực tế: cultural differences & etiquette — a routine everyday need involving cultural differences & etiquette,deal with an everyday problem involving a routine everyday need involving cultural differences & etiquette; complete the exchange naturally at B1.,520–700,4,Ms Lan,Mr Daniel (or another context-appropriate named Mr/Ms character),PLANNED
1102,B1,Interaction,a routine everyday need involving opinions & preferences,Dealing with an everyday problem involving a routine everyday need involving opinions & preferences,Xử lý tình huống thực tế: opinions & preferences — a routine everyday need involving opinions & preferences,deal with an everyday problem involving a routine everyday need involving opinions & preferences; complete the exchange naturally at B1.,520–700,4,Ms Lan,Ms Olivia (or another context-appropriate named Mr/Ms character),PLANNED
1103,B1,Interaction,"a routine everyday need involving plans, decisions & changes","Dealing with an everyday problem involving a routine everyday need involving plans, decisions & changes","Xử lý tình huống thực tế: plans, decisions & changes — a routine everyday need involving plans, decisions & changes","deal with an everyday problem involving a routine everyday need involving plans, decisions & changes; complete the exchange naturally at B1.",520–700,4,Ms Lan,Mr Thomas (or another context-appropriate named Mr/Ms character),PLANNED
1104,B1,Interaction,a routine everyday need involving explaining experiences & stories,Dealing with an everyday problem involving a routine everyday need involving explaining experiences & stories,Xử lý tình huống thực tế: explaining experiences & stories — a routine everyday need involving explaining experiences & stories,deal with an everyday problem involving a routine everyday need involving explaining experiences & stories; complete the exchange naturally at B1.,520–700,4,Ms Lan,Ms Sophie (or another context-appropriate named Mr/Ms character),PLANNED
1105,B1,Interaction,a routine everyday need involving clarifying & repairing communication,Dealing with an everyday problem involving a routine everyday need involving clarifying & repairing communication,Xử lý tình huống thực tế: clarifying & repairing communication — a routine everyday need involving clarifying & repairing communication,deal with an everyday problem involving a routine everyday need involving clarifying & repairing communication; complete the exchange naturally at B1.,520–700,4,Ms Lan,Mr Michael (or another context-appropriate named Mr/Ms character),PLANNED
1106,B1,Interaction,a routine everyday need involving disagreement & boundaries,Dealing with an everyday problem involving a routine everyday need involving disagreement & boundaries,Xử lý tình huống thực tế: disagreement & boundaries — a routine everyday need involving disagreement & boundaries,deal with an everyday problem involving a routine everyday need involving disagreement & boundaries; complete the exchange naturally at B1.,520–700,4,Ms Lan,Ms Grace (or another context-appropriate named Mr/Ms character),PLANNED
1107,B1,Interaction,a routine everyday need involving negotiation & compromise,Dealing with an everyday problem involving a routine everyday need involving negotiation & compromise,Xử lý tình huống thực tế: negotiation & compromise — a routine everyday need involving negotiation & compromise,deal with an everyday problem involving a routine everyday need involving negotiation & compromise; complete the exchange naturally at B1.,520–700,4,Ms Lan,Mr Henry (or another context-appropriate named Mr/Ms character),PLANNED
1108,B1,Interaction,a routine everyday need involving unexpected situations & problem solving,Dealing with an everyday problem involving a routine everyday need involving unexpected situations & problem solving,Xử lý tình huống thực tế: unexpected situations & problem solving — a routine everyday need involving unexpected situations & problem solving,deal with an everyday problem involving a routine everyday need involving unexpected situations & problem solving; complete the exchange naturally at B1.,520–700,4,Ms Lan,Ms Anna (or another context-appropriate named Mr/Ms character),PLANNED
1109,B1,Society,a routine everyday need involving news & everyday current events,Dealing with an everyday problem involving a routine everyday need involving news & everyday current events,Xử lý tình huống thực tế: news & everyday current events — a routine everyday need involving news & everyday current events,deal with an everyday problem involving a routine everyday need involving news & everyday current events; complete the exchange naturally at B1.,520–700,4,Ms Lan,Mr David (or another context-appropriate named Mr/Ms character),PLANNED
1110,B1,Society,a routine everyday need involving environment & local issues,Dealing with an everyday problem involving a routine everyday need involving environment & local issues,Xử lý tình huống thực tế: environment & local issues — a routine everyday need involving environment & local issues,deal with an everyday problem involving a routine everyday need involving environment & local issues; complete the exchange naturally at B1.,520–700,4,Ms Lan,Ms Emma (or another context-appropriate named Mr/Ms character),PLANNED
1111,B1,Personal Identity,where you are from,Dealing with an everyday problem involving where you are from,Xử lý tình huống thực tế: personal identity & introductions — where you are from,deal with an everyday problem involving where you are from; complete the exchange naturally at B1.,520–700,4,Ms Lan,Mr James (or another context-appropriate named Mr/Ms character),PLANNED
1112,B1,Social Basics,saying goodbye,Dealing with an everyday problem involving saying goodbye,Xử lý tình huống thực tế: greetings & basic social contact — saying goodbye,deal with an everyday problem involving saying goodbye; complete the exchange naturally at B1.,520–700,4,Ms Lan,Ms Sarah (or another context-appropriate named Mr/Ms character),PLANNED
1113,B1,Numbers and Time,a price,Dealing with an everyday problem involving a price,"Xử lý tình huống thực tế: numbers, dates & time — a price",deal with an everyday problem involving a price; complete the exchange naturally at B1.,520–700,4,Ms Lan,Mr Daniel (or another context-appropriate named Mr/Ms character),PLANNED
1114,B1,Home,where an object is,Dealing with an everyday problem involving where an object is,Xử lý tình huống thực tế: home & household — where an object is,deal with an everyday problem involving where an object is; complete the exchange naturally at B1.,520–700,4,Ms Lan,Ms Olivia (or another context-appropriate named Mr/Ms character),PLANNED
1115,B1,Family,how many people are in the family,Dealing with an everyday problem involving how many people are in the family,Xử lý tình huống thực tế: family & relationships — how many people are in the family,deal with an everyday problem involving how many people are in the family; complete the exchange naturally at B1.,520–700,4,Ms Lan,Mr Thomas (or another context-appropriate named Mr/Ms character),PLANNED
1116,B1,Food,choosing a simple food,Dealing with an everyday problem involving choosing a simple food,Xử lý tình huống thực tế: food & drink — choosing a simple food,deal with an everyday problem involving choosing a simple food; complete the exchange naturally at B1.,520–700,4,Ms Lan,Ms Sophie (or another context-appropriate named Mr/Ms character),PLANNED
1117,B1,Shopping,checking an important detail about shopping & payments,Dealing with an everyday problem involving checking an important detail about shopping & payments,Xử lý tình huống thực tế: shopping & payments — checking an important detail about shopping & payments,deal with an everyday problem involving checking an important detail about shopping & payments; complete the exchange naturally at B1.,520–700,4,Ms Lan,Mr Michael (or another context-appropriate named Mr/Ms character),PLANNED
1118,B1,Clothing,checking an important detail about clothing & personal items,Dealing with an everyday problem involving checking an important detail about clothing & personal items,Xử lý tình huống thực tế: clothing & personal items — checking an important detail about clothing & personal items,deal with an everyday problem involving checking an important detail about clothing & personal items; complete the exchange naturally at B1.,520–700,4,Ms Lan,Ms Grace (or another context-appropriate named Mr/Ms character),PLANNED
1119,B1,Neighbourhood,checking an important detail about neighbourhood & directions,Dealing with an everyday problem involving checking an important detail about neighbourhood & directions,Xử lý tình huống thực tế: neighbourhood & directions — checking an important detail about neighbourhood & directions,deal with an everyday problem involving checking an important detail about neighbourhood & directions; complete the exchange naturally at B1.,520–700,4,Ms Lan,Mr Henry (or another context-appropriate named Mr/Ms character),PLANNED
1120,B1,Transport,checking an important detail about public transport,Dealing with an everyday problem involving checking an important detail about public transport,Xử lý tình huống thực tế: public transport — checking an important detail about public transport,deal with an everyday problem involving checking an important detail about public transport; complete the exchange naturally at B1.,520–700,4,Ms Lan,Ms Anna (or another context-appropriate named Mr/Ms character),PLANNED
1121,B1,Transport,checking an important detail about taxi & ride services,Dealing with an everyday problem involving checking an important detail about taxi & ride services,Xử lý tình huống thực tế: taxi & ride services — checking an important detail about taxi & ride services,deal with an everyday problem involving checking an important detail about taxi & ride services; complete the exchange naturally at B1.,520–700,4,Ms Lan,Mr David (or another context-appropriate named Mr/Ms character),PLANNED
1122,B1,Mobility,checking an important detail about walking & getting around,Dealing with an everyday problem involving checking an important detail about walking & getting around,Xử lý tình huống thực tế: walking & getting around — checking an important detail about walking & getting around,deal with an everyday problem involving checking an important detail about walking & getting around; complete the exchange naturally at B1.,520–700,4,Ms Lan,Ms Emma (or another context-appropriate named Mr/Ms character),PLANNED
1123,B1,Weather,checking an important detail about weather & daily plans,Dealing with an everyday problem involving checking an important detail about weather & daily plans,Xử lý tình huống thực tế: weather & daily plans — checking an important detail about weather & daily plans,deal with an everyday problem involving checking an important detail about weather & daily plans; complete the exchange naturally at B1.,520–700,4,Ms Lan,Mr James (or another context-appropriate named Mr/Ms character),PLANNED
1124,B1,Daily Life,checking an important detail about daily routines,Dealing with an everyday problem involving checking an important detail about daily routines,Xử lý tình huống thực tế: daily routines — checking an important detail about daily routines,deal with an everyday problem involving checking an important detail about daily routines; complete the exchange naturally at B1.,520–700,4,Ms Lan,Ms Sarah (or another context-appropriate named Mr/Ms character),PLANNED
1125,B1,Learning,checking an important detail about school & learning,Dealing with an everyday problem involving checking an important detail about school & learning,Xử lý tình huống thực tế: school & learning — checking an important detail about school & learning,deal with an everyday problem involving checking an important detail about school & learning; complete the exchange naturally at B1.,520–700,4,Ms Lan,Mr Daniel (or another context-appropriate named Mr/Ms character),PLANNED
1126,B1,Work,checking an important detail about workplace everyday communication,Dealing with an everyday problem involving checking an important detail about workplace everyday communication,Xử lý tình huống thực tế: workplace everyday communication — checking an important detail about workplace everyday communication,deal with an everyday problem involving checking an important detail about workplace everyday communication; complete the exchange naturally at B1.,520–700,4,Ms Lan,Ms Olivia (or another context-appropriate named Mr/Ms character),PLANNED
1127,B1,Communication,checking an important detail about phone calls,Dealing with an everyday problem involving checking an important detail about phone calls,Xử lý tình huống thực tế: phone calls — checking an important detail about phone calls,deal with an everyday problem involving checking an important detail about phone calls; complete the exchange naturally at B1.,520–700,4,Ms Lan,Mr Thomas (or another context-appropriate named Mr/Ms character),PLANNED
1128,B1,Communication,checking an important detail about messages & everyday digital communication,Dealing with an everyday problem involving checking an important detail about messages & everyday digital communication,Xử lý tình huống thực tế: messages & everyday digital communication — checking an important detail about messages & everyday digital communication,deal with an everyday problem involving checking an important detail about messages & everyday digital communication; complete the exchange naturally at B1.,520–700,4,Ms Lan,Ms Sophie (or another context-appropriate named Mr/Ms character),PLANNED
1129,B1,Scheduling,checking an important detail about appointments & schedules,Dealing with an everyday problem involving checking an important detail about appointments & schedules,Xử lý tình huống thực tế: appointments & schedules — checking an important detail about appointments & schedules,deal with an everyday problem involving checking an important detail about appointments & schedules; complete the exchange naturally at B1.,520–700,4,Ms Lan,Mr Michael (or another context-appropriate named Mr/Ms character),PLANNED
1130,B1,Eating Out,checking an important detail about restaurants & cafés,Dealing with an everyday problem involving checking an important detail about restaurants & cafés,Xử lý tình huống thực tế: restaurants & cafés — checking an important detail about restaurants & cafés,deal with an everyday problem involving checking an important detail about restaurants & cafés; complete the exchange naturally at B1.,520–700,4,Ms Lan,Ms Grace (or another context-appropriate named Mr/Ms character),PLANNED
1131,B1,Travel,checking an important detail about hotels & accommodation,Dealing with an everyday problem involving checking an important detail about hotels & accommodation,Xử lý tình huống thực tế: hotels & accommodation — checking an important detail about hotels & accommodation,deal with an everyday problem involving checking an important detail about hotels & accommodation; complete the exchange naturally at B1.,520–700,4,Ms Lan,Mr Henry (or another context-appropriate named Mr/Ms character),PLANNED
1132,B1,Travel,checking an important detail about airports & flights,Dealing with an everyday problem involving checking an important detail about airports & flights,Xử lý tình huống thực tế: airports & flights — checking an important detail about airports & flights,deal with an everyday problem involving checking an important detail about airports & flights; complete the exchange naturally at B1.,520–700,4,Ms Lan,Ms Anna (or another context-appropriate named Mr/Ms character),PLANNED
1133,B1,Travel,checking an important detail about train & coach travel,Dealing with an everyday problem involving checking an important detail about train & coach travel,Xử lý tình huống thực tế: train & coach travel — checking an important detail about train & coach travel,deal with an everyday problem involving checking an important detail about train & coach travel; complete the exchange naturally at B1.,520–700,4,Ms Lan,Mr David (or another context-appropriate named Mr/Ms character),PLANNED
1134,B1,Driving,"checking an important detail about driving, parking & fuel","Dealing with an everyday problem involving checking an important detail about driving, parking & fuel","Xử lý tình huống thực tế: driving, parking & fuel — checking an important detail about driving, parking & fuel","deal with an everyday problem involving checking an important detail about driving, parking & fuel; complete the exchange naturally at B1.",520–700,4,Ms Lan,Ms Emma (or another context-appropriate named Mr/Ms character),PLANNED
1135,B1,Health Services,checking an important detail about health services & pharmacy,Dealing with an everyday problem involving checking an important detail about health services & pharmacy,Xử lý tình huống thực tế: health services & pharmacy — checking an important detail about health services & pharmacy,deal with an everyday problem involving checking an important detail about health services & pharmacy; complete the exchange naturally at B1.,520–700,4,Ms Lan,Mr James (or another context-appropriate named Mr/Ms character),PLANNED
1136,B1,Wellbeing,checking an important detail about fitness & wellbeing routines,Dealing with an everyday problem involving checking an important detail about fitness & wellbeing routines,Xử lý tình huống thực tế: fitness & wellbeing routines — checking an important detail about fitness & wellbeing routines,deal with an everyday problem involving checking an important detail about fitness & wellbeing routines; complete the exchange naturally at B1.,520–700,4,Ms Lan,Ms Sarah (or another context-appropriate named Mr/Ms character),PLANNED
1137,B1,Services,checking an important detail about personal care services,Dealing with an everyday problem involving checking an important detail about personal care services,Xử lý tình huống thực tế: personal care services — checking an important detail about personal care services,deal with an everyday problem involving checking an important detail about personal care services; complete the exchange naturally at B1.,520–700,4,Ms Lan,Mr Daniel (or another context-appropriate named Mr/Ms character),PLANNED
1138,B1,Money,checking an important detail about banking & everyday money,Dealing with an everyday problem involving checking an important detail about banking & everyday money,Xử lý tình huống thực tế: banking & everyday money — checking an important detail about banking & everyday money,deal with an everyday problem involving checking an important detail about banking & everyday money; complete the exchange naturally at B1.,520–700,4,Ms Lan,Ms Olivia (or another context-appropriate named Mr/Ms character),PLANNED
1139,B1,Services,"checking an important detail about post, courier & deliveries","Dealing with an everyday problem involving checking an important detail about post, courier & deliveries","Xử lý tình huống thực tế: post, courier & deliveries — checking an important detail about post, courier & deliveries","deal with an everyday problem involving checking an important detail about post, courier & deliveries; complete the exchange naturally at B1.",520–700,4,Ms Lan,Mr Thomas (or another context-appropriate named Mr/Ms character),PLANNED
1140,B1,Services,checking an important detail about repairs & home services,Dealing with an everyday problem involving checking an important detail about repairs & home services,Xử lý tình huống thực tế: repairs & home services — checking an important detail about repairs & home services,deal with an everyday problem involving checking an important detail about repairs & home services; complete the exchange naturally at B1.,520–700,4,Ms Lan,Ms Sophie (or another context-appropriate named Mr/Ms character),PLANNED
1141,B1,Customer Service,checking an important detail about customer service & complaints,Dealing with an everyday problem involving checking an important detail about customer service & complaints,Xử lý tình huống thực tế: customer service & complaints — checking an important detail about customer service & complaints,deal with an everyday problem involving checking an important detail about customer service & complaints; complete the exchange naturally at B1.,520–700,4,Ms Lan,Mr Michael (or another context-appropriate named Mr/Ms character),PLANNED
1142,B1,Technology,checking an important detail about technology & devices,Dealing with an everyday problem involving checking an important detail about technology & devices,Xử lý tình huống thực tế: technology & devices — checking an important detail about technology & devices,deal with an everyday problem involving checking an important detail about technology & devices; complete the exchange naturally at B1.,520–700,4,Ms Lan,Ms Grace (or another context-appropriate named Mr/Ms character),PLANNED
1143,B1,Technology,checking an important detail about internet & online accounts,Dealing with an everyday problem involving checking an important detail about internet & online accounts,Xử lý tình huống thực tế: internet & online accounts — checking an important detail about internet & online accounts,deal with an everyday problem involving checking an important detail about internet & online accounts; complete the exchange naturally at B1.,520–700,4,Ms Lan,Mr Henry (or another context-appropriate named Mr/Ms character),PLANNED
1144,B1,Leisure,checking an important detail about entertainment & events,Dealing with an everyday problem involving checking an important detail about entertainment & events,Xử lý tình huống thực tế: entertainment & events — checking an important detail about entertainment & events,deal with an everyday problem involving checking an important detail about entertainment & events; complete the exchange naturally at B1.,520–700,4,Ms Lan,Ms Anna (or another context-appropriate named Mr/Ms character),PLANNED
1145,B1,Leisure,checking an important detail about sports & hobbies,Dealing with an everyday problem involving checking an important detail about sports & hobbies,Xử lý tình huống thực tế: sports & hobbies — checking an important detail about sports & hobbies,deal with an everyday problem involving checking an important detail about sports & hobbies; complete the exchange naturally at B1.,520–700,4,Ms Lan,Mr David (or another context-appropriate named Mr/Ms character),PLANNED
1146,B1,Relationships,checking an important detail about friends & social plans,Dealing with an everyday problem involving checking an important detail about friends & social plans,Xử lý tình huống thực tế: friends & social plans — checking an important detail about friends & social plans,deal with an everyday problem involving checking an important detail about friends & social plans; complete the exchange naturally at B1.,520–700,4,Ms Lan,Ms Emma (or another context-appropriate named Mr/Ms character),PLANNED
1147,B1,Social Life,checking an important detail about invitations & visits,Dealing with an everyday problem involving checking an important detail about invitations & visits,Xử lý tình huống thực tế: invitations & visits — checking an important detail about invitations & visits,deal with an everyday problem involving checking an important detail about invitations & visits; complete the exchange naturally at B1.,520–700,4,Ms Lan,Mr James (or another context-appropriate named Mr/Ms character),PLANNED
1148,B1,Community,checking an important detail about community & neighbours,Dealing with an everyday problem involving checking an important detail about community & neighbours,Xử lý tình huống thực tế: community & neighbours — checking an important detail about community & neighbours,deal with an everyday problem involving checking an important detail about community & neighbours; complete the exchange naturally at B1.,520–700,4,Ms Lan,Ms Sarah (or another context-appropriate named Mr/Ms character),PLANNED
1149,B1,Travel Problems,checking an important detail about travel problems & changes,Dealing with an everyday problem involving checking an important detail about travel problems & changes,Xử lý tình huống thực tế: travel problems & changes — checking an important detail about travel problems & changes,deal with an everyday problem involving checking an important detail about travel problems & changes; complete the exchange naturally at B1.,520–700,4,Ms Lan,Mr Daniel (or another context-appropriate named Mr/Ms character),PLANNED
1150,B1,Problems,checking an important detail about lost property & missing items,Dealing with an everyday problem involving checking an important detail about lost property & missing items,Xử lý tình huống thực tế: lost property & missing items — checking an important detail about lost property & missing items,deal with an everyday problem involving checking an important detail about lost property & missing items; complete the exchange naturally at B1.,520–700,4,Ms Lan,Ms Olivia (or another context-appropriate named Mr/Ms character),PLANNED
1151,B1,Emergencies,checking an important detail about emergencies & asking for help,Dealing with an everyday problem involving checking an important detail about emergencies & asking for help,Xử lý tình huống thực tế: emergencies & asking for help — checking an important detail about emergencies & asking for help,deal with an everyday problem involving checking an important detail about emergencies & asking for help; complete the exchange naturally at B1.,520–700,4,Ms Lan,Mr Thomas (or another context-appropriate named Mr/Ms character),PLANNED
1152,B1,Public Life,"checking an important detail about rules, permission & public places","Dealing with an everyday problem involving checking an important detail about rules, permission & public places","Xử lý tình huống thực tế: rules, permission & public places — checking an important detail about rules, permission & public places","deal with an everyday problem involving checking an important detail about rules, permission & public places; complete the exchange naturally at B1.",520–700,4,Ms Lan,Ms Sophie (or another context-appropriate named Mr/Ms character),PLANNED
1153,B1,Housing,checking an important detail about renting & moving home,Dealing with an everyday problem involving checking an important detail about renting & moving home,Xử lý tình huống thực tế: renting & moving home — checking an important detail about renting & moving home,deal with an everyday problem involving checking an important detail about renting & moving home; complete the exchange naturally at B1.,520–700,4,Ms Lan,Mr Michael (or another context-appropriate named Mr/Ms character),PLANNED
1154,B1,Housing,checking an important detail about utilities & household bills,Dealing with an everyday problem involving checking an important detail about utilities & household bills,Xử lý tình huống thực tế: utilities & household bills — checking an important detail about utilities & household bills,deal with an everyday problem involving checking an important detail about utilities & household bills; complete the exchange naturally at B1.,520–700,4,Ms Lan,Ms Grace (or another context-appropriate named Mr/Ms character),PLANNED
1155,B1,Public Services,checking an important detail about government/public services,Dealing with an everyday problem involving checking an important detail about government/public services,Xử lý tình huống thực tế: government/public services — checking an important detail about government/public services,deal with an everyday problem involving checking an important detail about government/public services; complete the exchange naturally at B1.,520–700,4,Ms Lan,Mr Henry (or another context-appropriate named Mr/Ms character),PLANNED
1156,B1,Culture,checking an important detail about cultural differences & etiquette,Dealing with an everyday problem involving checking an important detail about cultural differences & etiquette,Xử lý tình huống thực tế: cultural differences & etiquette — checking an important detail about cultural differences & etiquette,deal with an everyday problem involving checking an important detail about cultural differences & etiquette; complete the exchange naturally at B1.,520–700,4,Ms Lan,Ms Anna (or another context-appropriate named Mr/Ms character),PLANNED
1157,B1,Interaction,checking an important detail about opinions & preferences,Dealing with an everyday problem involving checking an important detail about opinions & preferences,Xử lý tình huống thực tế: opinions & preferences — checking an important detail about opinions & preferences,deal with an everyday problem involving checking an important detail about opinions & preferences; complete the exchange naturally at B1.,520–700,4,Ms Lan,Mr David (or another context-appropriate named Mr/Ms character),PLANNED
1158,B1,Interaction,"checking an important detail about plans, decisions & changes","Dealing with an everyday problem involving checking an important detail about plans, decisions & changes","Xử lý tình huống thực tế: plans, decisions & changes — checking an important detail about plans, decisions & changes","deal with an everyday problem involving checking an important detail about plans, decisions & changes; complete the exchange naturally at B1.",520–700,4,Ms Lan,Ms Emma (or another context-appropriate named Mr/Ms character),PLANNED
1159,B1,Interaction,checking an important detail about explaining experiences & stories,Dealing with an everyday problem involving checking an important detail about explaining experiences & stories,Xử lý tình huống thực tế: explaining experiences & stories — checking an important detail about explaining experiences & stories,deal with an everyday problem involving checking an important detail about explaining experiences & stories; complete the exchange naturally at B1.,520–700,4,Ms Lan,Mr James (or another context-appropriate named Mr/Ms character),PLANNED
1160,B1,Interaction,checking an important detail about clarifying & repairing communication,Dealing with an everyday problem involving checking an important detail about clarifying & repairing communication,Xử lý tình huống thực tế: clarifying & repairing communication — checking an important detail about clarifying & repairing communication,deal with an everyday problem involving checking an important detail about clarifying & repairing communication; complete the exchange naturally at B1.,520–700,4,Ms Lan,Ms Sarah (or another context-appropriate named Mr/Ms character),PLANNED
1161,B1,Interaction,checking an important detail about disagreement & boundaries,Dealing with an everyday problem involving checking an important detail about disagreement & boundaries,Xử lý tình huống thực tế: disagreement & boundaries — checking an important detail about disagreement & boundaries,deal with an everyday problem involving checking an important detail about disagreement & boundaries; complete the exchange naturally at B1.,520–700,4,Ms Lan,Mr Daniel (or another context-appropriate named Mr/Ms character),PLANNED
1162,B1,Interaction,checking an important detail about negotiation & compromise,Dealing with an everyday problem involving checking an important detail about negotiation & compromise,Xử lý tình huống thực tế: negotiation & compromise — checking an important detail about negotiation & compromise,deal with an everyday problem involving checking an important detail about negotiation & compromise; complete the exchange naturally at B1.,520–700,4,Ms Lan,Ms Olivia (or another context-appropriate named Mr/Ms character),PLANNED
1163,B1,Interaction,checking an important detail about unexpected situations & problem solving,Dealing with an everyday problem involving checking an important detail about unexpected situations & problem solving,Xử lý tình huống thực tế: unexpected situations & problem solving — checking an important detail about unexpected situations & problem solving,deal with an everyday problem involving checking an important detail about unexpected situations & problem solving; complete the exchange naturally at B1.,520–700,4,Ms Lan,Mr Thomas (or another context-appropriate named Mr/Ms character),PLANNED
1164,B1,Society,checking an important detail about news & everyday current events,Dealing with an everyday problem involving checking an important detail about news & everyday current events,Xử lý tình huống thực tế: news & everyday current events — checking an important detail about news & everyday current events,deal with an everyday problem involving checking an important detail about news & everyday current events; complete the exchange naturally at B1.,520–700,4,Ms Lan,Ms Sophie (or another context-appropriate named Mr/Ms character),PLANNED
1165,B1,Society,checking an important detail about environment & local issues,Dealing with an everyday problem involving checking an important detail about environment & local issues,Xử lý tình huống thực tế: environment & local issues — checking an important detail about environment & local issues,deal with an everyday problem involving checking an important detail about environment & local issues; complete the exchange naturally at B1.,520–700,4,Ms Lan,Mr Michael (or another context-appropriate named Mr/Ms character),PLANNED
1166,B1,Personal Identity,where you live,Dealing with an everyday problem involving where you live,Xử lý tình huống thực tế: personal identity & introductions — where you live,deal with an everyday problem involving where you live; complete the exchange naturally at B1.,520–700,4,Ms Lan,Ms Grace (or another context-appropriate named Mr/Ms character),PLANNED
1167,B1,Social Basics,saying thank you,Dealing with an everyday problem involving saying thank you,Xử lý tình huống thực tế: greetings & basic social contact — saying thank you,deal with an everyday problem involving saying thank you; complete the exchange naturally at B1.,520–700,4,Ms Lan,Mr Henry (or another context-appropriate named Mr/Ms character),PLANNED
1168,B1,Numbers and Time,today's date,Dealing with an everyday problem involving today's date,"Xử lý tình huống thực tế: numbers, dates & time — today's date",deal with an everyday problem involving today's date; complete the exchange naturally at B1.,520–700,4,Ms Lan,Ms Anna (or another context-appropriate named Mr/Ms character),PLANNED
1169,B1,Home,something you need at home,Dealing with an everyday problem involving something you need at home,Xử lý tình huống thực tế: home & household — something you need at home,deal with an everyday problem involving something you need at home; complete the exchange naturally at B1.,520–700,4,Ms Lan,Mr David (or another context-appropriate named Mr/Ms character),PLANNED
1170,B1,Family,a simple family relationship,Dealing with an everyday problem involving a simple family relationship,Xử lý tình huống thực tế: family & relationships — a simple family relationship,deal with an everyday problem involving a simple family relationship; complete the exchange naturally at B1.,520–700,4,Ms Lan,Ms Emma (or another context-appropriate named Mr/Ms character),PLANNED
1171,B1,Food,saying you are hungry or thirsty,Dealing with an everyday problem involving saying you are hungry or thirsty,Xử lý tình huống thực tế: food & drink — saying you are hungry or thirsty,deal with an everyday problem involving saying you are hungry or thirsty; complete the exchange naturally at B1.,520–700,4,Ms Lan,Mr James (or another context-appropriate named Mr/Ms character),PLANNED
1172,B1,Shopping,asking for help with shopping & payments,Dealing with an everyday problem involving asking for help with shopping & payments,Xử lý tình huống thực tế: shopping & payments — asking for help with shopping & payments,deal with an everyday problem involving asking for help with shopping & payments; complete the exchange naturally at B1.,520–700,4,Ms Lan,Ms Sarah (or another context-appropriate named Mr/Ms character),PLANNED
1173,B1,Clothing,asking for help with clothing & personal items,Dealing with an everyday problem involving asking for help with clothing & personal items,Xử lý tình huống thực tế: clothing & personal items — asking for help with clothing & personal items,deal with an everyday problem involving asking for help with clothing & personal items; complete the exchange naturally at B1.,520–700,4,Ms Lan,Mr Daniel (or another context-appropriate named Mr/Ms character),PLANNED
1174,B1,Neighbourhood,asking for help with neighbourhood & directions,Dealing with an everyday problem involving asking for help with neighbourhood & directions,Xử lý tình huống thực tế: neighbourhood & directions — asking for help with neighbourhood & directions,deal with an everyday problem involving asking for help with neighbourhood & directions; complete the exchange naturally at B1.,520–700,4,Ms Lan,Ms Olivia (or another context-appropriate named Mr/Ms character),PLANNED
1175,B1,Transport,asking for help with public transport,Dealing with an everyday problem involving asking for help with public transport,Xử lý tình huống thực tế: public transport — asking for help with public transport,deal with an everyday problem involving asking for help with public transport; complete the exchange naturally at B1.,520–700,4,Ms Lan,Mr Thomas (or another context-appropriate named Mr/Ms character),PLANNED
1176,B1,Transport,asking for help with taxi & ride services,Dealing with an everyday problem involving asking for help with taxi & ride services,Xử lý tình huống thực tế: taxi & ride services — asking for help with taxi & ride services,deal with an everyday problem involving asking for help with taxi & ride services; complete the exchange naturally at B1.,520–700,4,Ms Lan,Ms Sophie (or another context-appropriate named Mr/Ms character),PLANNED
1177,B1,Mobility,asking for help with walking & getting around,Dealing with an everyday problem involving asking for help with walking & getting around,Xử lý tình huống thực tế: walking & getting around — asking for help with walking & getting around,deal with an everyday problem involving asking for help with walking & getting around; complete the exchange naturally at B1.,520–700,4,Ms Lan,Mr Michael (or another context-appropriate named Mr/Ms character),PLANNED
1178,B1,Weather,asking for help with weather & daily plans,Dealing with an everyday problem involving asking for help with weather & daily plans,Xử lý tình huống thực tế: weather & daily plans — asking for help with weather & daily plans,deal with an everyday problem involving asking for help with weather & daily plans; complete the exchange naturally at B1.,520–700,4,Ms Lan,Ms Grace (or another context-appropriate named Mr/Ms character),PLANNED
1179,B1,Daily Life,asking for help with daily routines,Dealing with an everyday problem involving asking for help with daily routines,Xử lý tình huống thực tế: daily routines — asking for help with daily routines,deal with an everyday problem involving asking for help with daily routines; complete the exchange naturally at B1.,520–700,4,Ms Lan,Mr Henry (or another context-appropriate named Mr/Ms character),PLANNED
1180,B1,Learning,asking for help with school & learning,Dealing with an everyday problem involving asking for help with school & learning,Xử lý tình huống thực tế: school & learning — asking for help with school & learning,deal with an everyday problem involving asking for help with school & learning; complete the exchange naturally at B1.,520–700,4,Ms Lan,Ms Anna (or another context-appropriate named Mr/Ms character),PLANNED
1181,B1,Work,asking for help with workplace everyday communication,Dealing with an everyday problem involving asking for help with workplace everyday communication,Xử lý tình huống thực tế: workplace everyday communication — asking for help with workplace everyday communication,deal with an everyday problem involving asking for help with workplace everyday communication; complete the exchange naturally at B1.,520–700,4,Ms Lan,Mr David (or another context-appropriate named Mr/Ms character),PLANNED
1182,B1,Communication,asking for help with phone calls,Dealing with an everyday problem involving asking for help with phone calls,Xử lý tình huống thực tế: phone calls — asking for help with phone calls,deal with an everyday problem involving asking for help with phone calls; complete the exchange naturally at B1.,520–700,4,Ms Lan,Ms Emma (or another context-appropriate named Mr/Ms character),PLANNED
1183,B1,Communication,asking for help with messages & everyday digital communication,Dealing with an everyday problem involving asking for help with messages & everyday digital communication,Xử lý tình huống thực tế: messages & everyday digital communication — asking for help with messages & everyday digital communication,deal with an everyday problem involving asking for help with messages & everyday digital communication; complete the exchange naturally at B1.,520–700,4,Ms Lan,Mr James (or another context-appropriate named Mr/Ms character),PLANNED
1184,B1,Scheduling,asking for help with appointments & schedules,Dealing with an everyday problem involving asking for help with appointments & schedules,Xử lý tình huống thực tế: appointments & schedules — asking for help with appointments & schedules,deal with an everyday problem involving asking for help with appointments & schedules; complete the exchange naturally at B1.,520–700,4,Ms Lan,Ms Sarah (or another context-appropriate named Mr/Ms character),PLANNED
1185,B1,Eating Out,asking for help with restaurants & cafés,Dealing with an everyday problem involving asking for help with restaurants & cafés,Xử lý tình huống thực tế: restaurants & cafés — asking for help with restaurants & cafés,deal with an everyday problem involving asking for help with restaurants & cafés; complete the exchange naturally at B1.,520–700,4,Ms Lan,Mr Daniel (or another context-appropriate named Mr/Ms character),PLANNED
1186,B1,Travel,asking for help with hotels & accommodation,Dealing with an everyday problem involving asking for help with hotels & accommodation,Xử lý tình huống thực tế: hotels & accommodation — asking for help with hotels & accommodation,deal with an everyday problem involving asking for help with hotels & accommodation; complete the exchange naturally at B1.,520–700,4,Ms Lan,Ms Olivia (or another context-appropriate named Mr/Ms character),PLANNED
1187,B1,Travel,asking for help with airports & flights,Dealing with an everyday problem involving asking for help with airports & flights,Xử lý tình huống thực tế: airports & flights — asking for help with airports & flights,deal with an everyday problem involving asking for help with airports & flights; complete the exchange naturally at B1.,520–700,4,Ms Lan,Mr Thomas (or another context-appropriate named Mr/Ms character),PLANNED
1188,B1,Travel,asking for help with train & coach travel,Dealing with an everyday problem involving asking for help with train & coach travel,Xử lý tình huống thực tế: train & coach travel — asking for help with train & coach travel,deal with an everyday problem involving asking for help with train & coach travel; complete the exchange naturally at B1.,520–700,4,Ms Lan,Ms Sophie (or another context-appropriate named Mr/Ms character),PLANNED
1189,B1,Driving,"asking for help with driving, parking & fuel","Dealing with an everyday problem involving asking for help with driving, parking & fuel","Xử lý tình huống thực tế: driving, parking & fuel — asking for help with driving, parking & fuel","deal with an everyday problem involving asking for help with driving, parking & fuel; complete the exchange naturally at B1.",520–700,4,Ms Lan,Mr Michael (or another context-appropriate named Mr/Ms character),PLANNED
1190,B1,Health Services,asking for help with health services & pharmacy,Dealing with an everyday problem involving asking for help with health services & pharmacy,Xử lý tình huống thực tế: health services & pharmacy — asking for help with health services & pharmacy,deal with an everyday problem involving asking for help with health services & pharmacy; complete the exchange naturally at B1.,520–700,4,Ms Lan,Ms Grace (or another context-appropriate named Mr/Ms character),PLANNED
1191,B1,Wellbeing,asking for help with fitness & wellbeing routines,Dealing with an everyday problem involving asking for help with fitness & wellbeing routines,Xử lý tình huống thực tế: fitness & wellbeing routines — asking for help with fitness & wellbeing routines,deal with an everyday problem involving asking for help with fitness & wellbeing routines; complete the exchange naturally at B1.,520–700,4,Ms Lan,Mr Henry (or another context-appropriate named Mr/Ms character),PLANNED
1192,B1,Services,asking for help with personal care services,Dealing with an everyday problem involving asking for help with personal care services,Xử lý tình huống thực tế: personal care services — asking for help with personal care services,deal with an everyday problem involving asking for help with personal care services; complete the exchange naturally at B1.,520–700,4,Ms Lan,Ms Anna (or another context-appropriate named Mr/Ms character),PLANNED
1193,B1,Money,asking for help with banking & everyday money,Dealing with an everyday problem involving asking for help with banking & everyday money,Xử lý tình huống thực tế: banking & everyday money — asking for help with banking & everyday money,deal with an everyday problem involving asking for help with banking & everyday money; complete the exchange naturally at B1.,520–700,4,Ms Lan,Mr David (or another context-appropriate named Mr/Ms character),PLANNED
1194,B1,Services,"asking for help with post, courier & deliveries","Dealing with an everyday problem involving asking for help with post, courier & deliveries","Xử lý tình huống thực tế: post, courier & deliveries — asking for help with post, courier & deliveries","deal with an everyday problem involving asking for help with post, courier & deliveries; complete the exchange naturally at B1.",520–700,4,Ms Lan,Ms Emma (or another context-appropriate named Mr/Ms character),PLANNED
1195,B1,Services,asking for help with repairs & home services,Dealing with an everyday problem involving asking for help with repairs & home services,Xử lý tình huống thực tế: repairs & home services — asking for help with repairs & home services,deal with an everyday problem involving asking for help with repairs & home services; complete the exchange naturally at B1.,520–700,4,Ms Lan,Mr James (or another context-appropriate named Mr/Ms character),PLANNED
1196,B1,Customer Service,asking for help with customer service & complaints,Dealing with an everyday problem involving asking for help with customer service & complaints,Xử lý tình huống thực tế: customer service & complaints — asking for help with customer service & complaints,deal with an everyday problem involving asking for help with customer service & complaints; complete the exchange naturally at B1.,520–700,4,Ms Lan,Ms Sarah (or another context-appropriate named Mr/Ms character),PLANNED
1197,B1,Technology,asking for help with technology & devices,Dealing with an everyday problem involving asking for help with technology & devices,Xử lý tình huống thực tế: technology & devices — asking for help with technology & devices,deal with an everyday problem involving asking for help with technology & devices; complete the exchange naturally at B1.,520–700,4,Ms Lan,Mr Daniel (or another context-appropriate named Mr/Ms character),PLANNED
1198,B1,Technology,asking for help with internet & online accounts,Dealing with an everyday problem involving asking for help with internet & online accounts,Xử lý tình huống thực tế: internet & online accounts — asking for help with internet & online accounts,deal with an everyday problem involving asking for help with internet & online accounts; complete the exchange naturally at B1.,520–700,4,Ms Lan,Ms Olivia (or another context-appropriate named Mr/Ms character),PLANNED
1199,B1,Leisure,asking for help with entertainment & events,Dealing with an everyday problem involving asking for help with entertainment & events,Xử lý tình huống thực tế: entertainment & events — asking for help with entertainment & events,deal with an everyday problem involving asking for help with entertainment & events; complete the exchange naturally at B1.,520–700,4,Ms Lan,Mr Thomas (or another context-appropriate named Mr/Ms character),PLANNED
1200,B1,Leisure,asking for help with sports & hobbies,Dealing with an everyday problem involving asking for help with sports & hobbies,Xử lý tình huống thực tế: sports & hobbies — asking for help with sports & hobbies,deal with an everyday problem involving asking for help with sports & hobbies; complete the exchange naturally at B1.,520–700,4,Ms Lan,Ms Sophie (or another context-appropriate named Mr/Ms character),PLANNED
1201,B1,Relationships,asking for help with friends & social plans,Dealing with an everyday problem involving asking for help with friends & social plans,Xử lý tình huống thực tế: friends & social plans — asking for help with friends & social plans,deal with an everyday problem involving asking for help with friends & social plans; complete the exchange naturally at B1.,520–700,4,Ms Lan,Mr Michael (or another context-appropriate named Mr/Ms character),PLANNED
1202,B1,Social Life,asking for help with invitations & visits,Dealing with an everyday problem involving asking for help with invitations & visits,Xử lý tình huống thực tế: invitations & visits — asking for help with invitations & visits,deal with an everyday problem involving asking for help with invitations & visits; complete the exchange naturally at B1.,520–700,4,Ms Lan,Ms Grace (or another context-appropriate named Mr/Ms character),PLANNED
1203,B1,Community,asking for help with community & neighbours,Dealing with an everyday problem involving asking for help with community & neighbours,Xử lý tình huống thực tế: community & neighbours — asking for help with community & neighbours,deal with an everyday problem involving asking for help with community & neighbours; complete the exchange naturally at B1.,520–700,4,Ms Lan,Mr Henry (or another context-appropriate named Mr/Ms character),PLANNED
1204,B1,Travel Problems,asking for help with travel problems & changes,Dealing with an everyday problem involving asking for help with travel problems & changes,Xử lý tình huống thực tế: travel problems & changes — asking for help with travel problems & changes,deal with an everyday problem involving asking for help with travel problems & changes; complete the exchange naturally at B1.,520–700,4,Ms Lan,Ms Anna (or another context-appropriate named Mr/Ms character),PLANNED
1205,B1,Problems,asking for help with lost property & missing items,Dealing with an everyday problem involving asking for help with lost property & missing items,Xử lý tình huống thực tế: lost property & missing items — asking for help with lost property & missing items,deal with an everyday problem involving asking for help with lost property & missing items; complete the exchange naturally at B1.,520–700,4,Ms Lan,Mr David (or another context-appropriate named Mr/Ms character),PLANNED
1206,B1,Emergencies,asking for help with emergencies & asking for help,Dealing with an everyday problem involving asking for help with emergencies & asking for help,Xử lý tình huống thực tế: emergencies & asking for help — asking for help with emergencies & asking for help,deal with an everyday problem involving asking for help with emergencies & asking for help; complete the exchange naturally at B1.,520–700,4,Ms Lan,Ms Emma (or another context-appropriate named Mr/Ms character),PLANNED
1207,B1,Public Life,"asking for help with rules, permission & public places","Dealing with an everyday problem involving asking for help with rules, permission & public places","Xử lý tình huống thực tế: rules, permission & public places — asking for help with rules, permission & public places","deal with an everyday problem involving asking for help with rules, permission & public places; complete the exchange naturally at B1.",520–700,4,Ms Lan,Mr James (or another context-appropriate named Mr/Ms character),PLANNED
1208,B1,Housing,asking for help with renting & moving home,Dealing with an everyday problem involving asking for help with renting & moving home,Xử lý tình huống thực tế: renting & moving home — asking for help with renting & moving home,deal with an everyday problem involving asking for help with renting & moving home; complete the exchange naturally at B1.,520–700,4,Ms Lan,Ms Sarah (or another context-appropriate named Mr/Ms character),PLANNED
1209,B1,Housing,asking for help with utilities & household bills,Dealing with an everyday problem involving asking for help with utilities & household bills,Xử lý tình huống thực tế: utilities & household bills — asking for help with utilities & household bills,deal with an everyday problem involving asking for help with utilities & household bills; complete the exchange naturally at B1.,520–700,4,Ms Lan,Mr Daniel (or another context-appropriate named Mr/Ms character),PLANNED
1210,B1,Public Services,asking for help with government/public services,Dealing with an everyday problem involving asking for help with government/public services,Xử lý tình huống thực tế: government/public services — asking for help with government/public services,deal with an everyday problem involving asking for help with government/public services; complete the exchange naturally at B1.,520–700,4,Ms Lan,Ms Olivia (or another context-appropriate named Mr/Ms character),PLANNED
1211,B1,Culture,asking for help with cultural differences & etiquette,Dealing with an everyday problem involving asking for help with cultural differences & etiquette,Xử lý tình huống thực tế: cultural differences & etiquette — asking for help with cultural differences & etiquette,deal with an everyday problem involving asking for help with cultural differences & etiquette; complete the exchange naturally at B1.,520–700,4,Ms Lan,Mr Thomas (or another context-appropriate named Mr/Ms character),PLANNED
1212,B1,Interaction,asking for help with opinions & preferences,Dealing with an everyday problem involving asking for help with opinions & preferences,Xử lý tình huống thực tế: opinions & preferences — asking for help with opinions & preferences,deal with an everyday problem involving asking for help with opinions & preferences; complete the exchange naturally at B1.,520–700,4,Ms Lan,Ms Sophie (or another context-appropriate named Mr/Ms character),PLANNED
1213,B1,Interaction,"asking for help with plans, decisions & changes","Dealing with an everyday problem involving asking for help with plans, decisions & changes","Xử lý tình huống thực tế: plans, decisions & changes — asking for help with plans, decisions & changes","deal with an everyday problem involving asking for help with plans, decisions & changes; complete the exchange naturally at B1.",520–700,4,Ms Lan,Mr Michael (or another context-appropriate named Mr/Ms character),PLANNED
1214,B1,Interaction,asking for help with explaining experiences & stories,Dealing with an everyday problem involving asking for help with explaining experiences & stories,Xử lý tình huống thực tế: explaining experiences & stories — asking for help with explaining experiences & stories,deal with an everyday problem involving asking for help with explaining experiences & stories; complete the exchange naturally at B1.,520–700,4,Ms Lan,Ms Grace (or another context-appropriate named Mr/Ms character),PLANNED
1215,B1,Interaction,asking for help with clarifying & repairing communication,Dealing with an everyday problem involving asking for help with clarifying & repairing communication,Xử lý tình huống thực tế: clarifying & repairing communication — asking for help with clarifying & repairing communication,deal with an everyday problem involving asking for help with clarifying & repairing communication; complete the exchange naturally at B1.,520–700,4,Ms Lan,Mr Henry (or another context-appropriate named Mr/Ms character),PLANNED
1216,B1,Interaction,asking for help with disagreement & boundaries,Dealing with an everyday problem involving asking for help with disagreement & boundaries,Xử lý tình huống thực tế: disagreement & boundaries — asking for help with disagreement & boundaries,deal with an everyday problem involving asking for help with disagreement & boundaries; complete the exchange naturally at B1.,520–700,4,Ms Lan,Ms Anna (or another context-appropriate named Mr/Ms character),PLANNED
1217,B1,Interaction,asking for help with negotiation & compromise,Dealing with an everyday problem involving asking for help with negotiation & compromise,Xử lý tình huống thực tế: negotiation & compromise — asking for help with negotiation & compromise,deal with an everyday problem involving asking for help with negotiation & compromise; complete the exchange naturally at B1.,520–700,4,Ms Lan,Mr David (or another context-appropriate named Mr/Ms character),PLANNED
1218,B1,Interaction,asking for help with unexpected situations & problem solving,Dealing with an everyday problem involving asking for help with unexpected situations & problem solving,Xử lý tình huống thực tế: unexpected situations & problem solving — asking for help with unexpected situations & problem solving,deal with an everyday problem involving asking for help with unexpected situations & problem solving; complete the exchange naturally at B1.,520–700,4,Ms Lan,Ms Emma (or another context-appropriate named Mr/Ms character),PLANNED
1219,B1,Society,asking for help with news & everyday current events,Dealing with an everyday problem involving asking for help with news & everyday current events,Xử lý tình huống thực tế: news & everyday current events — asking for help with news & everyday current events,deal with an everyday problem involving asking for help with news & everyday current events; complete the exchange naturally at B1.,520–700,4,Ms Lan,Mr James (or another context-appropriate named Mr/Ms character),PLANNED
1220,B1,Society,asking for help with environment & local issues,Dealing with an everyday problem involving asking for help with environment & local issues,Xử lý tình huống thực tế: environment & local issues — asking for help with environment & local issues,deal with an everyday problem involving asking for help with environment & local issues; complete the exchange naturally at B1.,520–700,4,Ms Lan,Ms Sarah (or another context-appropriate named Mr/Ms character),PLANNED
1221,B1,Personal Identity,your age,Dealing with an everyday problem involving your age,Xử lý tình huống thực tế: personal identity & introductions — your age,deal with an everyday problem involving your age; complete the exchange naturally at B1.,520–700,4,Ms Lan,Mr Daniel (or another context-appropriate named Mr/Ms character),PLANNED
1222,B1,Social Basics,saying sorry,Dealing with an everyday problem involving saying sorry,Xử lý tình huống thực tế: greetings & basic social contact — saying sorry,deal with an everyday problem involving saying sorry; complete the exchange naturally at B1.,520–700,4,Ms Lan,Ms Olivia (or another context-appropriate named Mr/Ms character),PLANNED
1223,B1,Numbers and Time,the day of the week,Dealing with an everyday problem involving the day of the week,"Xử lý tình huống thực tế: numbers, dates & time — the day of the week",deal with an everyday problem involving the day of the week; complete the exchange naturally at B1.,520–700,4,Ms Lan,Mr Thomas (or another context-appropriate named Mr/Ms character),PLANNED
1224,B1,Home,opening or closing something,Dealing with an everyday problem involving opening or closing something,Xử lý tình huống thực tế: home & household — opening or closing something,deal with an everyday problem involving opening or closing something; complete the exchange naturally at B1.,520–700,4,Ms Lan,Ms Sophie (or another context-appropriate named Mr/Ms character),PLANNED
1225,B1,Family,where a family member is,Dealing with an everyday problem involving where a family member is,Xử lý tình huống thực tế: family & relationships — where a family member is,deal with an everyday problem involving where a family member is; complete the exchange naturally at B1.,520–700,4,Ms Lan,Mr Michael (or another context-appropriate named Mr/Ms character),PLANNED
1226,B1,Food,asking what something is,Dealing with an everyday problem involving asking what something is,Xử lý tình huống thực tế: food & drink — asking what something is,deal with an everyday problem involving asking what something is; complete the exchange naturally at B1.,520–700,4,Ms Lan,Ms Grace (or another context-appropriate named Mr/Ms character),PLANNED
1227,B1,Shopping,a change or choice involving shopping & payments,Dealing with an everyday problem involving a change or choice involving shopping & payments,Xử lý tình huống thực tế: shopping & payments — a change or choice involving shopping & payments,deal with an everyday problem involving a change or choice involving shopping & payments; complete the exchange naturally at B1.,520–700,4,Ms Lan,Mr Henry (or another context-appropriate named Mr/Ms character),PLANNED
1228,B1,Clothing,a change or choice involving clothing & personal items,Dealing with an everyday problem involving a change or choice involving clothing & personal items,Xử lý tình huống thực tế: clothing & personal items — a change or choice involving clothing & personal items,deal with an everyday problem involving a change or choice involving clothing & personal items; complete the exchange naturally at B1.,520–700,4,Ms Lan,Ms Anna (or another context-appropriate named Mr/Ms character),PLANNED
1229,B1,Neighbourhood,a change or choice involving neighbourhood & directions,Dealing with an everyday problem involving a change or choice involving neighbourhood & directions,Xử lý tình huống thực tế: neighbourhood & directions — a change or choice involving neighbourhood & directions,deal with an everyday problem involving a change or choice involving neighbourhood & directions; complete the exchange naturally at B1.,520–700,4,Ms Lan,Mr David (or another context-appropriate named Mr/Ms character),PLANNED
1230,B1,Transport,a change or choice involving public transport,Dealing with an everyday problem involving a change or choice involving public transport,Xử lý tình huống thực tế: public transport — a change or choice involving public transport,deal with an everyday problem involving a change or choice involving public transport; complete the exchange naturally at B1.,520–700,4,Ms Lan,Ms Emma (or another context-appropriate named Mr/Ms character),PLANNED
1231,B1,Transport,a change or choice involving taxi & ride services,Dealing with an everyday problem involving a change or choice involving taxi & ride services,Xử lý tình huống thực tế: taxi & ride services — a change or choice involving taxi & ride services,deal with an everyday problem involving a change or choice involving taxi & ride services; complete the exchange naturally at B1.,520–700,4,Ms Lan,Mr James (or another context-appropriate named Mr/Ms character),PLANNED
1232,B1,Mobility,a change or choice involving walking & getting around,Dealing with an everyday problem involving a change or choice involving walking & getting around,Xử lý tình huống thực tế: walking & getting around — a change or choice involving walking & getting around,deal with an everyday problem involving a change or choice involving walking & getting around; complete the exchange naturally at B1.,520–700,4,Ms Lan,Ms Sarah (or another context-appropriate named Mr/Ms character),PLANNED
1233,B1,Weather,a change or choice involving weather & daily plans,Dealing with an everyday problem involving a change or choice involving weather & daily plans,Xử lý tình huống thực tế: weather & daily plans — a change or choice involving weather & daily plans,deal with an everyday problem involving a change or choice involving weather & daily plans; complete the exchange naturally at B1.,520–700,4,Ms Lan,Mr Daniel (or another context-appropriate named Mr/Ms character),PLANNED
1234,B1,Daily Life,a change or choice involving daily routines,Dealing with an everyday problem involving a change or choice involving daily routines,Xử lý tình huống thực tế: daily routines — a change or choice involving daily routines,deal with an everyday problem involving a change or choice involving daily routines; complete the exchange naturally at B1.,520–700,4,Ms Lan,Ms Olivia (or another context-appropriate named Mr/Ms character),PLANNED
1235,B1,Learning,a change or choice involving school & learning,Dealing with an everyday problem involving a change or choice involving school & learning,Xử lý tình huống thực tế: school & learning — a change or choice involving school & learning,deal with an everyday problem involving a change or choice involving school & learning; complete the exchange naturally at B1.,520–700,4,Ms Lan,Mr Thomas (or another context-appropriate named Mr/Ms character),PLANNED
1236,B1,Work,a change or choice involving workplace everyday communication,Dealing with an everyday problem involving a change or choice involving workplace everyday communication,Xử lý tình huống thực tế: workplace everyday communication — a change or choice involving workplace everyday communication,deal with an everyday problem involving a change or choice involving workplace everyday communication; complete the exchange naturally at B1.,520–700,4,Ms Lan,Ms Sophie (or another context-appropriate named Mr/Ms character),PLANNED
1237,B1,Communication,a change or choice involving phone calls,Dealing with an everyday problem involving a change or choice involving phone calls,Xử lý tình huống thực tế: phone calls — a change or choice involving phone calls,deal with an everyday problem involving a change or choice involving phone calls; complete the exchange naturally at B1.,520–700,4,Ms Lan,Mr Michael (or another context-appropriate named Mr/Ms character),PLANNED
1238,B1,Communication,a change or choice involving messages & everyday digital communication,Dealing with an everyday problem involving a change or choice involving messages & everyday digital communication,Xử lý tình huống thực tế: messages & everyday digital communication — a change or choice involving messages & everyday digital communication,deal with an everyday problem involving a change or choice involving messages & everyday digital communication; complete the exchange naturally at B1.,520–700,4,Ms Lan,Ms Grace (or another context-appropriate named Mr/Ms character),PLANNED
1239,B1,Scheduling,a change or choice involving appointments & schedules,Dealing with an everyday problem involving a change or choice involving appointments & schedules,Xử lý tình huống thực tế: appointments & schedules — a change or choice involving appointments & schedules,deal with an everyday problem involving a change or choice involving appointments & schedules; complete the exchange naturally at B1.,520–700,4,Ms Lan,Mr Henry (or another context-appropriate named Mr/Ms character),PLANNED
1240,B1,Eating Out,a change or choice involving restaurants & cafés,Dealing with an everyday problem involving a change or choice involving restaurants & cafés,Xử lý tình huống thực tế: restaurants & cafés — a change or choice involving restaurants & cafés,deal with an everyday problem involving a change or choice involving restaurants & cafés; complete the exchange naturally at B1.,520–700,4,Ms Lan,Ms Anna (or another context-appropriate named Mr/Ms character),PLANNED
1241,B1,Travel,a change or choice involving hotels & accommodation,Dealing with an everyday problem involving a change or choice involving hotels & accommodation,Xử lý tình huống thực tế: hotels & accommodation — a change or choice involving hotels & accommodation,deal with an everyday problem involving a change or choice involving hotels & accommodation; complete the exchange naturally at B1.,520–700,4,Ms Lan,Mr David (or another context-appropriate named Mr/Ms character),PLANNED
1242,B1,Travel,a change or choice involving airports & flights,Dealing with an everyday problem involving a change or choice involving airports & flights,Xử lý tình huống thực tế: airports & flights — a change or choice involving airports & flights,deal with an everyday problem involving a change or choice involving airports & flights; complete the exchange naturally at B1.,520–700,4,Ms Lan,Ms Emma (or another context-appropriate named Mr/Ms character),PLANNED
1243,B1,Travel,a change or choice involving train & coach travel,Dealing with an everyday problem involving a change or choice involving train & coach travel,Xử lý tình huống thực tế: train & coach travel — a change or choice involving train & coach travel,deal with an everyday problem involving a change or choice involving train & coach travel; complete the exchange naturally at B1.,520–700,4,Ms Lan,Mr James (or another context-appropriate named Mr/Ms character),PLANNED
1244,B1,Driving,"a change or choice involving driving, parking & fuel","Dealing with an everyday problem involving a change or choice involving driving, parking & fuel","Xử lý tình huống thực tế: driving, parking & fuel — a change or choice involving driving, parking & fuel","deal with an everyday problem involving a change or choice involving driving, parking & fuel; complete the exchange naturally at B1.",520–700,4,Ms Lan,Ms Sarah (or another context-appropriate named Mr/Ms character),PLANNED
1245,B1,Health Services,a change or choice involving health services & pharmacy,Dealing with an everyday problem involving a change or choice involving health services & pharmacy,Xử lý tình huống thực tế: health services & pharmacy — a change or choice involving health services & pharmacy,deal with an everyday problem involving a change or choice involving health services & pharmacy; complete the exchange naturally at B1.,520–700,4,Ms Lan,Mr Daniel (or another context-appropriate named Mr/Ms character),PLANNED
1246,B1,Wellbeing,a change or choice involving fitness & wellbeing routines,Dealing with an everyday problem involving a change or choice involving fitness & wellbeing routines,Xử lý tình huống thực tế: fitness & wellbeing routines — a change or choice involving fitness & wellbeing routines,deal with an everyday problem involving a change or choice involving fitness & wellbeing routines; complete the exchange naturally at B1.,520–700,4,Ms Lan,Ms Olivia (or another context-appropriate named Mr/Ms character),PLANNED
1247,B1,Services,a change or choice involving personal care services,Dealing with an everyday problem involving a change or choice involving personal care services,Xử lý tình huống thực tế: personal care services — a change or choice involving personal care services,deal with an everyday problem involving a change or choice involving personal care services; complete the exchange naturally at B1.,520–700,4,Ms Lan,Mr Thomas (or another context-appropriate named Mr/Ms character),PLANNED
1248,B1,Money,a change or choice involving banking & everyday money,Dealing with an everyday problem involving a change or choice involving banking & everyday money,Xử lý tình huống thực tế: banking & everyday money — a change or choice involving banking & everyday money,deal with an everyday problem involving a change or choice involving banking & everyday money; complete the exchange naturally at B1.,520–700,4,Ms Lan,Ms Sophie (or another context-appropriate named Mr/Ms character),PLANNED
1249,B1,Services,"a change or choice involving post, courier & deliveries","Dealing with an everyday problem involving a change or choice involving post, courier & deliveries","Xử lý tình huống thực tế: post, courier & deliveries — a change or choice involving post, courier & deliveries","deal with an everyday problem involving a change or choice involving post, courier & deliveries; complete the exchange naturally at B1.",520–700,4,Ms Lan,Mr Michael (or another context-appropriate named Mr/Ms character),PLANNED
1250,B1,Services,a change or choice involving repairs & home services,Dealing with an everyday problem involving a change or choice involving repairs & home services,Xử lý tình huống thực tế: repairs & home services — a change or choice involving repairs & home services,deal with an everyday problem involving a change or choice involving repairs & home services; complete the exchange naturally at B1.,520–700,4,Ms Lan,Ms Grace (or another context-appropriate named Mr/Ms character),PLANNED
1251,B1,Customer Service,a change or choice involving customer service & complaints,Dealing with an everyday problem involving a change or choice involving customer service & complaints,Xử lý tình huống thực tế: customer service & complaints — a change or choice involving customer service & complaints,deal with an everyday problem involving a change or choice involving customer service & complaints; complete the exchange naturally at B1.,520–700,4,Ms Lan,Mr Henry (or another context-appropriate named Mr/Ms character),PLANNED
1252,B1,Technology,a change or choice involving technology & devices,Dealing with an everyday problem involving a change or choice involving technology & devices,Xử lý tình huống thực tế: technology & devices — a change or choice involving technology & devices,deal with an everyday problem involving a change or choice involving technology & devices; complete the exchange naturally at B1.,520–700,4,Ms Lan,Ms Anna (or another context-appropriate named Mr/Ms character),PLANNED
1253,B1,Technology,a change or choice involving internet & online accounts,Dealing with an everyday problem involving a change or choice involving internet & online accounts,Xử lý tình huống thực tế: internet & online accounts — a change or choice involving internet & online accounts,deal with an everyday problem involving a change or choice involving internet & online accounts; complete the exchange naturally at B1.,520–700,4,Ms Lan,Mr David (or another context-appropriate named Mr/Ms character),PLANNED
1254,B1,Leisure,a change or choice involving entertainment & events,Dealing with an everyday problem involving a change or choice involving entertainment & events,Xử lý tình huống thực tế: entertainment & events — a change or choice involving entertainment & events,deal with an everyday problem involving a change or choice involving entertainment & events; complete the exchange naturally at B1.,520–700,4,Ms Lan,Ms Emma (or another context-appropriate named Mr/Ms character),PLANNED
1255,B1,Leisure,a change or choice involving sports & hobbies,Dealing with an everyday problem involving a change or choice involving sports & hobbies,Xử lý tình huống thực tế: sports & hobbies — a change or choice involving sports & hobbies,deal with an everyday problem involving a change or choice involving sports & hobbies; complete the exchange naturally at B1.,520–700,4,Ms Lan,Mr James (or another context-appropriate named Mr/Ms character),PLANNED
1256,B1,Relationships,a change or choice involving friends & social plans,Dealing with an everyday problem involving a change or choice involving friends & social plans,Xử lý tình huống thực tế: friends & social plans — a change or choice involving friends & social plans,deal with an everyday problem involving a change or choice involving friends & social plans; complete the exchange naturally at B1.,520–700,4,Ms Lan,Ms Sarah (or another context-appropriate named Mr/Ms character),PLANNED
1257,B1,Social Life,a change or choice involving invitations & visits,Dealing with an everyday problem involving a change or choice involving invitations & visits,Xử lý tình huống thực tế: invitations & visits — a change or choice involving invitations & visits,deal with an everyday problem involving a change or choice involving invitations & visits; complete the exchange naturally at B1.,520–700,4,Ms Lan,Mr Daniel (or another context-appropriate named Mr/Ms character),PLANNED
1258,B1,Community,a change or choice involving community & neighbours,Dealing with an everyday problem involving a change or choice involving community & neighbours,Xử lý tình huống thực tế: community & neighbours — a change or choice involving community & neighbours,deal with an everyday problem involving a change or choice involving community & neighbours; complete the exchange naturally at B1.,520–700,4,Ms Lan,Ms Olivia (or another context-appropriate named Mr/Ms character),PLANNED
1259,B1,Travel Problems,a change or choice involving travel problems & changes,Dealing with an everyday problem involving a change or choice involving travel problems & changes,Xử lý tình huống thực tế: travel problems & changes — a change or choice involving travel problems & changes,deal with an everyday problem involving a change or choice involving travel problems & changes; complete the exchange naturally at B1.,520–700,4,Ms Lan,Mr Thomas (or another context-appropriate named Mr/Ms character),PLANNED
1260,B1,Problems,a change or choice involving lost property & missing items,Dealing with an everyday problem involving a change or choice involving lost property & missing items,Xử lý tình huống thực tế: lost property & missing items — a change or choice involving lost property & missing items,deal with an everyday problem involving a change or choice involving lost property & missing items; complete the exchange naturally at B1.,520–700,4,Ms Lan,Ms Sophie (or another context-appropriate named Mr/Ms character),PLANNED
1261,B1,Emergencies,a change or choice involving emergencies & asking for help,Dealing with an everyday problem involving a change or choice involving emergencies & asking for help,Xử lý tình huống thực tế: emergencies & asking for help — a change or choice involving emergencies & asking for help,deal with an everyday problem involving a change or choice involving emergencies & asking for help; complete the exchange naturally at B1.,520–700,4,Ms Lan,Mr Michael (or another context-appropriate named Mr/Ms character),PLANNED
1262,B1,Public Life,"a change or choice involving rules, permission & public places","Dealing with an everyday problem involving a change or choice involving rules, permission & public places","Xử lý tình huống thực tế: rules, permission & public places — a change or choice involving rules, permission & public places","deal with an everyday problem involving a change or choice involving rules, permission & public places; complete the exchange naturally at B1.",520–700,4,Ms Lan,Ms Grace (or another context-appropriate named Mr/Ms character),PLANNED
1263,B1,Housing,a change or choice involving renting & moving home,Dealing with an everyday problem involving a change or choice involving renting & moving home,Xử lý tình huống thực tế: renting & moving home — a change or choice involving renting & moving home,deal with an everyday problem involving a change or choice involving renting & moving home; complete the exchange naturally at B1.,520–700,4,Ms Lan,Mr Henry (or another context-appropriate named Mr/Ms character),PLANNED
1264,B1,Housing,a change or choice involving utilities & household bills,Dealing with an everyday problem involving a change or choice involving utilities & household bills,Xử lý tình huống thực tế: utilities & household bills — a change or choice involving utilities & household bills,deal with an everyday problem involving a change or choice involving utilities & household bills; complete the exchange naturally at B1.,520–700,4,Ms Lan,Ms Anna (or another context-appropriate named Mr/Ms character),PLANNED
1265,B1,Public Services,a change or choice involving government/public services,Dealing with an everyday problem involving a change or choice involving government/public services,Xử lý tình huống thực tế: government/public services — a change or choice involving government/public services,deal with an everyday problem involving a change or choice involving government/public services; complete the exchange naturally at B1.,520–700,4,Ms Lan,Mr David (or another context-appropriate named Mr/Ms character),PLANNED
1266,B1,Culture,a change or choice involving cultural differences & etiquette,Dealing with an everyday problem involving a change or choice involving cultural differences & etiquette,Xử lý tình huống thực tế: cultural differences & etiquette — a change or choice involving cultural differences & etiquette,deal with an everyday problem involving a change or choice involving cultural differences & etiquette; complete the exchange naturally at B1.,520–700,4,Ms Lan,Ms Emma (or another context-appropriate named Mr/Ms character),PLANNED
1267,B1,Interaction,a change or choice involving opinions & preferences,Dealing with an everyday problem involving a change or choice involving opinions & preferences,Xử lý tình huống thực tế: opinions & preferences — a change or choice involving opinions & preferences,deal with an everyday problem involving a change or choice involving opinions & preferences; complete the exchange naturally at B1.,520–700,4,Ms Lan,Mr James (or another context-appropriate named Mr/Ms character),PLANNED
1268,B1,Interaction,"a change or choice involving plans, decisions & changes","Dealing with an everyday problem involving a change or choice involving plans, decisions & changes","Xử lý tình huống thực tế: plans, decisions & changes — a change or choice involving plans, decisions & changes","deal with an everyday problem involving a change or choice involving plans, decisions & changes; complete the exchange naturally at B1.",520–700,4,Ms Lan,Ms Sarah (or another context-appropriate named Mr/Ms character),PLANNED
1269,B1,Interaction,a change or choice involving explaining experiences & stories,Dealing with an everyday problem involving a change or choice involving explaining experiences & stories,Xử lý tình huống thực tế: explaining experiences & stories — a change or choice involving explaining experiences & stories,deal with an everyday problem involving a change or choice involving explaining experiences & stories; complete the exchange naturally at B1.,520–700,4,Ms Lan,Mr Daniel (or another context-appropriate named Mr/Ms character),PLANNED
1270,B1,Interaction,a change or choice involving clarifying & repairing communication,Dealing with an everyday problem involving a change or choice involving clarifying & repairing communication,Xử lý tình huống thực tế: clarifying & repairing communication — a change or choice involving clarifying & repairing communication,deal with an everyday problem involving a change or choice involving clarifying & repairing communication; complete the exchange naturally at B1.,520–700,4,Ms Lan,Ms Olivia (or another context-appropriate named Mr/Ms character),PLANNED
1271,B1,Interaction,a change or choice involving disagreement & boundaries,Dealing with an everyday problem involving a change or choice involving disagreement & boundaries,Xử lý tình huống thực tế: disagreement & boundaries — a change or choice involving disagreement & boundaries,deal with an everyday problem involving a change or choice involving disagreement & boundaries; complete the exchange naturally at B1.,520–700,4,Ms Lan,Mr Thomas (or another context-appropriate named Mr/Ms character),PLANNED
1272,B1,Interaction,a change or choice involving negotiation & compromise,Dealing with an everyday problem involving a change or choice involving negotiation & compromise,Xử lý tình huống thực tế: negotiation & compromise — a change or choice involving negotiation & compromise,deal with an everyday problem involving a change or choice involving negotiation & compromise; complete the exchange naturally at B1.,520–700,4,Ms Lan,Ms Sophie (or another context-appropriate named Mr/Ms character),PLANNED
1273,B1,Interaction,a change or choice involving unexpected situations & problem solving,Dealing with an everyday problem involving a change or choice involving unexpected situations & problem solving,Xử lý tình huống thực tế: unexpected situations & problem solving — a change or choice involving unexpected situations & problem solving,deal with an everyday problem involving a change or choice involving unexpected situations & problem solving; complete the exchange naturally at B1.,520–700,4,Ms Lan,Mr Michael (or another context-appropriate named Mr/Ms character),PLANNED
1274,B1,Society,a change or choice involving news & everyday current events,Dealing with an everyday problem involving a change or choice involving news & everyday current events,Xử lý tình huống thực tế: news & everyday current events — a change or choice involving news & everyday current events,deal with an everyday problem involving a change or choice involving news & everyday current events; complete the exchange naturally at B1.,520–700,4,Ms Lan,Ms Grace (or another context-appropriate named Mr/Ms character),PLANNED
1275,B1,Society,a change or choice involving environment & local issues,Dealing with an everyday problem involving a change or choice involving environment & local issues,Xử lý tình huống thực tế: environment & local issues — a change or choice involving environment & local issues,deal with an everyday problem involving a change or choice involving environment & local issues; complete the exchange naturally at B1.,520–700,4,Ms Lan,Mr Henry (or another context-appropriate named Mr/Ms character),PLANNED
1276,B1,Personal Identity,your phone number,Dealing with an everyday problem involving your phone number,Xử lý tình huống thực tế: personal identity & introductions — your phone number,deal with an everyday problem involving your phone number; complete the exchange naturally at B1.,520–700,4,Ms Lan,Ms Anna (or another context-appropriate named Mr/Ms character),PLANNED
1277,B1,Social Basics,getting someone's attention politely,Dealing with an everyday problem involving getting someone's attention politely,Xử lý tình huống thực tế: greetings & basic social contact — getting someone's attention politely,deal with an everyday problem involving getting someone's attention politely; complete the exchange naturally at B1.,520–700,4,Ms Lan,Mr David (or another context-appropriate named Mr/Ms character),PLANNED
1278,B1,Numbers and Time,the current time,Dealing with an everyday problem involving the current time,"Xử lý tình huống thực tế: numbers, dates & time — the current time",deal with an everyday problem involving the current time; complete the exchange naturally at B1.,520–700,4,Ms Lan,Ms Emma (or another context-appropriate named Mr/Ms character),PLANNED
1279,B1,Home,a simple household instruction,Dealing with an everyday problem involving a simple household instruction,Xử lý tình huống thực tế: home & household — a simple household instruction,deal with an everyday problem involving a simple household instruction; complete the exchange naturally at B1.,520–700,4,Ms Lan,Mr James (or another context-appropriate named Mr/Ms character),PLANNED
1280,B1,Family,a simple family plan,Dealing with an everyday problem involving a simple family plan,Xử lý tình huống thực tế: family & relationships — a simple family plan,deal with an everyday problem involving a simple family plan; complete the exchange naturally at B1.,520–700,4,Ms Lan,Ms Sarah (or another context-appropriate named Mr/Ms character),PLANNED
1281,B1,Food,a basic meal choice,Dealing with an everyday problem involving a basic meal choice,Xử lý tình huống thực tế: food & drink — a basic meal choice,deal with an everyday problem involving a basic meal choice; complete the exchange naturally at B1.,520–700,4,Ms Lan,Mr Daniel (or another context-appropriate named Mr/Ms character),PLANNED
1282,B1,Shopping,a misunderstanding or problem involving shopping & payments,Dealing with an everyday problem involving a misunderstanding or problem involving shopping & payments,Xử lý tình huống thực tế: shopping & payments — a misunderstanding or problem involving shopping & payments,deal with an everyday problem involving a misunderstanding or problem involving shopping & payments; complete the exchange naturally at B1.,520–700,4,Ms Lan,Ms Olivia (or another context-appropriate named Mr/Ms character),PLANNED
1283,B1,Clothing,a misunderstanding or problem involving clothing & personal items,Dealing with an everyday problem involving a misunderstanding or problem involving clothing & personal items,Xử lý tình huống thực tế: clothing & personal items — a misunderstanding or problem involving clothing & personal items,deal with an everyday problem involving a misunderstanding or problem involving clothing & personal items; complete the exchange naturally at B1.,520–700,4,Ms Lan,Mr Thomas (or another context-appropriate named Mr/Ms character),PLANNED
1284,B1,Neighbourhood,a misunderstanding or problem involving neighbourhood & directions,Dealing with an everyday problem involving a misunderstanding or problem involving neighbourhood & directions,Xử lý tình huống thực tế: neighbourhood & directions — a misunderstanding or problem involving neighbourhood & directions,deal with an everyday problem involving a misunderstanding or problem involving neighbourhood & directions; complete the exchange naturally at B1.,520–700,4,Ms Lan,Ms Sophie (or another context-appropriate named Mr/Ms character),PLANNED
1285,B1,Transport,a misunderstanding or problem involving public transport,Dealing with an everyday problem involving a misunderstanding or problem involving public transport,Xử lý tình huống thực tế: public transport — a misunderstanding or problem involving public transport,deal with an everyday problem involving a misunderstanding or problem involving public transport; complete the exchange naturally at B1.,520–700,4,Ms Lan,Mr Michael (or another context-appropriate named Mr/Ms character),PLANNED
1286,B1,Transport,a misunderstanding or problem involving taxi & ride services,Dealing with an everyday problem involving a misunderstanding or problem involving taxi & ride services,Xử lý tình huống thực tế: taxi & ride services — a misunderstanding or problem involving taxi & ride services,deal with an everyday problem involving a misunderstanding or problem involving taxi & ride services; complete the exchange naturally at B1.,520–700,4,Ms Lan,Ms Grace (or another context-appropriate named Mr/Ms character),PLANNED
1287,B1,Mobility,a misunderstanding or problem involving walking & getting around,Dealing with an everyday problem involving a misunderstanding or problem involving walking & getting around,Xử lý tình huống thực tế: walking & getting around — a misunderstanding or problem involving walking & getting around,deal with an everyday problem involving a misunderstanding or problem involving walking & getting around; complete the exchange naturally at B1.,520–700,4,Ms Lan,Mr Henry (or another context-appropriate named Mr/Ms character),PLANNED
1288,B1,Weather,a misunderstanding or problem involving weather & daily plans,Dealing with an everyday problem involving a misunderstanding or problem involving weather & daily plans,Xử lý tình huống thực tế: weather & daily plans — a misunderstanding or problem involving weather & daily plans,deal with an everyday problem involving a misunderstanding or problem involving weather & daily plans; complete the exchange naturally at B1.,520–700,4,Ms Lan,Ms Anna (or another context-appropriate named Mr/Ms character),PLANNED
1289,B1,Daily Life,a misunderstanding or problem involving daily routines,Dealing with an everyday problem involving a misunderstanding or problem involving daily routines,Xử lý tình huống thực tế: daily routines — a misunderstanding or problem involving daily routines,deal with an everyday problem involving a misunderstanding or problem involving daily routines; complete the exchange naturally at B1.,520–700,4,Ms Lan,Mr David (or another context-appropriate named Mr/Ms character),PLANNED
1290,B1,Learning,a misunderstanding or problem involving school & learning,Dealing with an everyday problem involving a misunderstanding or problem involving school & learning,Xử lý tình huống thực tế: school & learning — a misunderstanding or problem involving school & learning,deal with an everyday problem involving a misunderstanding or problem involving school & learning; complete the exchange naturally at B1.,520–700,4,Ms Lan,Ms Emma (or another context-appropriate named Mr/Ms character),PLANNED
1291,B1,Work,a misunderstanding or problem involving workplace everyday communication,Dealing with an everyday problem involving a misunderstanding or problem involving workplace everyday communication,Xử lý tình huống thực tế: workplace everyday communication — a misunderstanding or problem involving workplace everyday communication,deal with an everyday problem involving a misunderstanding or problem involving workplace everyday communication; complete the exchange naturally at B1.,520–700,4,Ms Lan,Mr James (or another context-appropriate named Mr/Ms character),PLANNED
1292,B1,Communication,a misunderstanding or problem involving phone calls,Dealing with an everyday problem involving a misunderstanding or problem involving phone calls,Xử lý tình huống thực tế: phone calls — a misunderstanding or problem involving phone calls,deal with an everyday problem involving a misunderstanding or problem involving phone calls; complete the exchange naturally at B1.,520–700,4,Ms Lan,Ms Sarah (or another context-appropriate named Mr/Ms character),PLANNED
1293,B1,Communication,a misunderstanding or problem involving messages & everyday digital communication,Dealing with an everyday problem involving a misunderstanding or problem involving messages & everyday digital communication,Xử lý tình huống thực tế: messages & everyday digital communication — a misunderstanding or problem involving messages & everyday digital communication,deal with an everyday problem involving a misunderstanding or problem involving messages & everyday digital communication; complete the exchange naturally at B1.,520–700,4,Ms Lan,Mr Daniel (or another context-appropriate named Mr/Ms character),PLANNED
1294,B1,Scheduling,a misunderstanding or problem involving appointments & schedules,Dealing with an everyday problem involving a misunderstanding or problem involving appointments & schedules,Xử lý tình huống thực tế: appointments & schedules — a misunderstanding or problem involving appointments & schedules,deal with an everyday problem involving a misunderstanding or problem involving appointments & schedules; complete the exchange naturally at B1.,520–700,4,Ms Lan,Ms Olivia (or another context-appropriate named Mr/Ms character),PLANNED
1295,B1,Eating Out,a misunderstanding or problem involving restaurants & cafés,Dealing with an everyday problem involving a misunderstanding or problem involving restaurants & cafés,Xử lý tình huống thực tế: restaurants & cafés — a misunderstanding or problem involving restaurants & cafés,deal with an everyday problem involving a misunderstanding or problem involving restaurants & cafés; complete the exchange naturally at B1.,520–700,4,Ms Lan,Mr Thomas (or another context-appropriate named Mr/Ms character),PLANNED
1296,B1,Travel,a misunderstanding or problem involving hotels & accommodation,Dealing with an everyday problem involving a misunderstanding or problem involving hotels & accommodation,Xử lý tình huống thực tế: hotels & accommodation — a misunderstanding or problem involving hotels & accommodation,deal with an everyday problem involving a misunderstanding or problem involving hotels & accommodation; complete the exchange naturally at B1.,520–700,4,Ms Lan,Ms Sophie (or another context-appropriate named Mr/Ms character),PLANNED
1297,B1,Travel,a misunderstanding or problem involving airports & flights,Dealing with an everyday problem involving a misunderstanding or problem involving airports & flights,Xử lý tình huống thực tế: airports & flights — a misunderstanding or problem involving airports & flights,deal with an everyday problem involving a misunderstanding or problem involving airports & flights; complete the exchange naturally at B1.,520–700,4,Ms Lan,Mr Michael (or another context-appropriate named Mr/Ms character),PLANNED
1298,B1,Travel,a misunderstanding or problem involving train & coach travel,Dealing with an everyday problem involving a misunderstanding or problem involving train & coach travel,Xử lý tình huống thực tế: train & coach travel — a misunderstanding or problem involving train & coach travel,deal with an everyday problem involving a misunderstanding or problem involving train & coach travel; complete the exchange naturally at B1.,520–700,4,Ms Lan,Ms Grace (or another context-appropriate named Mr/Ms character),PLANNED
1299,B1,Driving,"a misunderstanding or problem involving driving, parking & fuel","Dealing with an everyday problem involving a misunderstanding or problem involving driving, parking & fuel","Xử lý tình huống thực tế: driving, parking & fuel — a misunderstanding or problem involving driving, parking & fuel","deal with an everyday problem involving a misunderstanding or problem involving driving, parking & fuel; complete the exchange naturally at B1.",520–700,4,Ms Lan,Mr Henry (or another context-appropriate named Mr/Ms character),PLANNED
1300,B1,Health Services,a misunderstanding or problem involving health services & pharmacy,Dealing with an everyday problem involving a misunderstanding or problem involving health services & pharmacy,Xử lý tình huống thực tế: health services & pharmacy — a misunderstanding or problem involving health services & pharmacy,deal with an everyday problem involving a misunderstanding or problem involving health services & pharmacy; complete the exchange naturally at B1.,520–700,4,Ms Lan,Ms Anna (or another context-appropriate named Mr/Ms character),PLANNED
1301,B1,Wellbeing,a misunderstanding or problem involving fitness & wellbeing routines,Dealing with an everyday problem involving a misunderstanding or problem involving fitness & wellbeing routines,Xử lý tình huống thực tế: fitness & wellbeing routines — a misunderstanding or problem involving fitness & wellbeing routines,deal with an everyday problem involving a misunderstanding or problem involving fitness & wellbeing routines; complete the exchange naturally at B1.,520–700,4,Ms Lan,Mr David (or another context-appropriate named Mr/Ms character),PLANNED
1302,B1,Services,a misunderstanding or problem involving personal care services,Dealing with an everyday problem involving a misunderstanding or problem involving personal care services,Xử lý tình huống thực tế: personal care services — a misunderstanding or problem involving personal care services,deal with an everyday problem involving a misunderstanding or problem involving personal care services; complete the exchange naturally at B1.,520–700,4,Ms Lan,Ms Emma (or another context-appropriate named Mr/Ms character),PLANNED
1303,B1,Money,a misunderstanding or problem involving banking & everyday money,Dealing with an everyday problem involving a misunderstanding or problem involving banking & everyday money,Xử lý tình huống thực tế: banking & everyday money — a misunderstanding or problem involving banking & everyday money,deal with an everyday problem involving a misunderstanding or problem involving banking & everyday money; complete the exchange naturally at B1.,520–700,4,Ms Lan,Mr James (or another context-appropriate named Mr/Ms character),PLANNED
1304,B1,Services,"a misunderstanding or problem involving post, courier & deliveries","Dealing with an everyday problem involving a misunderstanding or problem involving post, courier & deliveries","Xử lý tình huống thực tế: post, courier & deliveries — a misunderstanding or problem involving post, courier & deliveries","deal with an everyday problem involving a misunderstanding or problem involving post, courier & deliveries; complete the exchange naturally at B1.",520–700,4,Ms Lan,Ms Sarah (or another context-appropriate named Mr/Ms character),PLANNED
1305,B1,Services,a misunderstanding or problem involving repairs & home services,Dealing with an everyday problem involving a misunderstanding or problem involving repairs & home services,Xử lý tình huống thực tế: repairs & home services — a misunderstanding or problem involving repairs & home services,deal with an everyday problem involving a misunderstanding or problem involving repairs & home services; complete the exchange naturally at B1.,520–700,4,Ms Lan,Mr Daniel (or another context-appropriate named Mr/Ms character),PLANNED
1306,B1,Customer Service,a misunderstanding or problem involving customer service & complaints,Dealing with an everyday problem involving a misunderstanding or problem involving customer service & complaints,Xử lý tình huống thực tế: customer service & complaints — a misunderstanding or problem involving customer service & complaints,deal with an everyday problem involving a misunderstanding or problem involving customer service & complaints; complete the exchange naturally at B1.,520–700,4,Ms Lan,Ms Olivia (or another context-appropriate named Mr/Ms character),PLANNED
1307,B1,Technology,a misunderstanding or problem involving technology & devices,Dealing with an everyday problem involving a misunderstanding or problem involving technology & devices,Xử lý tình huống thực tế: technology & devices — a misunderstanding or problem involving technology & devices,deal with an everyday problem involving a misunderstanding or problem involving technology & devices; complete the exchange naturally at B1.,520–700,4,Ms Lan,Mr Thomas (or another context-appropriate named Mr/Ms character),PLANNED
1308,B1,Technology,a misunderstanding or problem involving internet & online accounts,Dealing with an everyday problem involving a misunderstanding or problem involving internet & online accounts,Xử lý tình huống thực tế: internet & online accounts — a misunderstanding or problem involving internet & online accounts,deal with an everyday problem involving a misunderstanding or problem involving internet & online accounts; complete the exchange naturally at B1.,520–700,4,Ms Lan,Ms Sophie (or another context-appropriate named Mr/Ms character),PLANNED
1309,B1,Leisure,a misunderstanding or problem involving entertainment & events,Dealing with an everyday problem involving a misunderstanding or problem involving entertainment & events,Xử lý tình huống thực tế: entertainment & events — a misunderstanding or problem involving entertainment & events,deal with an everyday problem involving a misunderstanding or problem involving entertainment & events; complete the exchange naturally at B1.,520–700,4,Ms Lan,Mr Michael (or another context-appropriate named Mr/Ms character),PLANNED
1310,B1,Leisure,a misunderstanding or problem involving sports & hobbies,Dealing with an everyday problem involving a misunderstanding or problem involving sports & hobbies,Xử lý tình huống thực tế: sports & hobbies — a misunderstanding or problem involving sports & hobbies,deal with an everyday problem involving a misunderstanding or problem involving sports & hobbies; complete the exchange naturally at B1.,520–700,4,Ms Lan,Ms Grace (or another context-appropriate named Mr/Ms character),PLANNED
1311,B1,Relationships,a misunderstanding or problem involving friends & social plans,Dealing with an everyday problem involving a misunderstanding or problem involving friends & social plans,Xử lý tình huống thực tế: friends & social plans — a misunderstanding or problem involving friends & social plans,deal with an everyday problem involving a misunderstanding or problem involving friends & social plans; complete the exchange naturally at B1.,520–700,4,Ms Lan,Mr Henry (or another context-appropriate named Mr/Ms character),PLANNED
1312,B1,Social Life,a misunderstanding or problem involving invitations & visits,Dealing with an everyday problem involving a misunderstanding or problem involving invitations & visits,Xử lý tình huống thực tế: invitations & visits — a misunderstanding or problem involving invitations & visits,deal with an everyday problem involving a misunderstanding or problem involving invitations & visits; complete the exchange naturally at B1.,520–700,4,Ms Lan,Ms Anna (or another context-appropriate named Mr/Ms character),PLANNED
1313,B1,Community,a misunderstanding or problem involving community & neighbours,Dealing with an everyday problem involving a misunderstanding or problem involving community & neighbours,Xử lý tình huống thực tế: community & neighbours — a misunderstanding or problem involving community & neighbours,deal with an everyday problem involving a misunderstanding or problem involving community & neighbours; complete the exchange naturally at B1.,520–700,4,Ms Lan,Mr David (or another context-appropriate named Mr/Ms character),PLANNED
1314,B1,Travel Problems,a misunderstanding or problem involving travel problems & changes,Dealing with an everyday problem involving a misunderstanding or problem involving travel problems & changes,Xử lý tình huống thực tế: travel problems & changes — a misunderstanding or problem involving travel problems & changes,deal with an everyday problem involving a misunderstanding or problem involving travel problems & changes; complete the exchange naturally at B1.,520–700,4,Ms Lan,Ms Emma (or another context-appropriate named Mr/Ms character),PLANNED
1315,B1,Problems,a misunderstanding or problem involving lost property & missing items,Dealing with an everyday problem involving a misunderstanding or problem involving lost property & missing items,Xử lý tình huống thực tế: lost property & missing items — a misunderstanding or problem involving lost property & missing items,deal with an everyday problem involving a misunderstanding or problem involving lost property & missing items; complete the exchange naturally at B1.,520–700,4,Ms Lan,Mr James (or another context-appropriate named Mr/Ms character),PLANNED
1316,B1,Emergencies,a misunderstanding or problem involving emergencies & asking for help,Dealing with an everyday problem involving a misunderstanding or problem involving emergencies & asking for help,Xử lý tình huống thực tế: emergencies & asking for help — a misunderstanding or problem involving emergencies & asking for help,deal with an everyday problem involving a misunderstanding or problem involving emergencies & asking for help; complete the exchange naturally at B1.,520–700,4,Ms Lan,Ms Sarah (or another context-appropriate named Mr/Ms character),PLANNED
1317,B1,Public Life,"a misunderstanding or problem involving rules, permission & public places","Dealing with an everyday problem involving a misunderstanding or problem involving rules, permission & public places","Xử lý tình huống thực tế: rules, permission & public places — a misunderstanding or problem involving rules, permission & public places","deal with an everyday problem involving a misunderstanding or problem involving rules, permission & public places; complete the exchange naturally at B1.",520–700,4,Ms Lan,Mr Daniel (or another context-appropriate named Mr/Ms character),PLANNED
1318,B1,Housing,a misunderstanding or problem involving renting & moving home,Dealing with an everyday problem involving a misunderstanding or problem involving renting & moving home,Xử lý tình huống thực tế: renting & moving home — a misunderstanding or problem involving renting & moving home,deal with an everyday problem involving a misunderstanding or problem involving renting & moving home; complete the exchange naturally at B1.,520–700,4,Ms Lan,Ms Olivia (or another context-appropriate named Mr/Ms character),PLANNED
1319,B1,Housing,a misunderstanding or problem involving utilities & household bills,Dealing with an everyday problem involving a misunderstanding or problem involving utilities & household bills,Xử lý tình huống thực tế: utilities & household bills — a misunderstanding or problem involving utilities & household bills,deal with an everyday problem involving a misunderstanding or problem involving utilities & household bills; complete the exchange naturally at B1.,520–700,4,Ms Lan,Mr Thomas (or another context-appropriate named Mr/Ms character),PLANNED
1320,B1,Public Services,a misunderstanding or problem involving government/public services,Dealing with an everyday problem involving a misunderstanding or problem involving government/public services,Xử lý tình huống thực tế: government/public services — a misunderstanding or problem involving government/public services,deal with an everyday problem involving a misunderstanding or problem involving government/public services; complete the exchange naturally at B1.,520–700,4,Ms Lan,Ms Sophie (or another context-appropriate named Mr/Ms character),PLANNED
1321,B1,Culture,a misunderstanding or problem involving cultural differences & etiquette,Dealing with an everyday problem involving a misunderstanding or problem involving cultural differences & etiquette,Xử lý tình huống thực tế: cultural differences & etiquette — a misunderstanding or problem involving cultural differences & etiquette,deal with an everyday problem involving a misunderstanding or problem involving cultural differences & etiquette; complete the exchange naturally at B1.,520–700,4,Ms Lan,Mr Michael (or another context-appropriate named Mr/Ms character),PLANNED
1322,B1,Interaction,a misunderstanding or problem involving opinions & preferences,Dealing with an everyday problem involving a misunderstanding or problem involving opinions & preferences,Xử lý tình huống thực tế: opinions & preferences — a misunderstanding or problem involving opinions & preferences,deal with an everyday problem involving a misunderstanding or problem involving opinions & preferences; complete the exchange naturally at B1.,520–700,4,Ms Lan,Ms Grace (or another context-appropriate named Mr/Ms character),PLANNED
1323,B1,Interaction,"a misunderstanding or problem involving plans, decisions & changes","Dealing with an everyday problem involving a misunderstanding or problem involving plans, decisions & changes","Xử lý tình huống thực tế: plans, decisions & changes — a misunderstanding or problem involving plans, decisions & changes","deal with an everyday problem involving a misunderstanding or problem involving plans, decisions & changes; complete the exchange naturally at B1.",520–700,4,Ms Lan,Mr Henry (or another context-appropriate named Mr/Ms character),PLANNED
1324,B1,Interaction,a misunderstanding or problem involving explaining experiences & stories,Dealing with an everyday problem involving a misunderstanding or problem involving explaining experiences & stories,Xử lý tình huống thực tế: explaining experiences & stories — a misunderstanding or problem involving explaining experiences & stories,deal with an everyday problem involving a misunderstanding or problem involving explaining experiences & stories; complete the exchange naturally at B1.,520–700,4,Ms Lan,Ms Anna (or another context-appropriate named Mr/Ms character),PLANNED
1325,B1,Interaction,a misunderstanding or problem involving clarifying & repairing communication,Dealing with an everyday problem involving a misunderstanding or problem involving clarifying & repairing communication,Xử lý tình huống thực tế: clarifying & repairing communication — a misunderstanding or problem involving clarifying & repairing communication,deal with an everyday problem involving a misunderstanding or problem involving clarifying & repairing communication; complete the exchange naturally at B1.,520–700,4,Ms Lan,Mr David (or another context-appropriate named Mr/Ms character),PLANNED
1326,B1,Interaction,a misunderstanding or problem involving disagreement & boundaries,Dealing with an everyday problem involving a misunderstanding or problem involving disagreement & boundaries,Xử lý tình huống thực tế: disagreement & boundaries — a misunderstanding or problem involving disagreement & boundaries,deal with an everyday problem involving a misunderstanding or problem involving disagreement & boundaries; complete the exchange naturally at B1.,520–700,4,Ms Lan,Ms Emma (or another context-appropriate named Mr/Ms character),PLANNED
1327,B1,Interaction,a misunderstanding or problem involving negotiation & compromise,Dealing with an everyday problem involving a misunderstanding or problem involving negotiation & compromise,Xử lý tình huống thực tế: negotiation & compromise — a misunderstanding or problem involving negotiation & compromise,deal with an everyday problem involving a misunderstanding or problem involving negotiation & compromise; complete the exchange naturally at B1.,520–700,4,Ms Lan,Mr James (or another context-appropriate named Mr/Ms character),PLANNED
1328,B1,Interaction,a misunderstanding or problem involving unexpected situations & problem solving,Dealing with an everyday problem involving a misunderstanding or problem involving unexpected situations & problem solving,Xử lý tình huống thực tế: unexpected situations & problem solving — a misunderstanding or problem involving unexpected situations & problem solving,deal with an everyday problem involving a misunderstanding or problem involving unexpected situations & problem solving; complete the exchange naturally at B1.,520–700,4,Ms Lan,Ms Sarah (or another context-appropriate named Mr/Ms character),PLANNED
1329,B1,Society,a misunderstanding or problem involving news & everyday current events,Dealing with an everyday problem involving a misunderstanding or problem involving news & everyday current events,Xử lý tình huống thực tế: news & everyday current events — a misunderstanding or problem involving news & everyday current events,deal with an everyday problem involving a misunderstanding or problem involving news & everyday current events; complete the exchange naturally at B1.,520–700,4,Ms Lan,Mr Daniel (or another context-appropriate named Mr/Ms character),PLANNED
1330,B1,Society,a misunderstanding or problem involving environment & local issues,Dealing with an everyday problem involving a misunderstanding or problem involving environment & local issues,Xử lý tình huống thực tế: environment & local issues — a misunderstanding or problem involving environment & local issues,deal with an everyday problem involving a misunderstanding or problem involving environment & local issues; complete the exchange naturally at B1.,520–700,4,Ms Lan,Ms Olivia (or another context-appropriate named Mr/Ms character),PLANNED
1331,B1,Personal Identity,your name,Explaining reasons and preferences about your name,Xử lý tình huống thực tế: personal identity & introductions — your name,explain reasons and preferences about your name; complete the exchange naturally at B1.,520–700,4,Ms Lan,Mr Thomas (or another context-appropriate named Mr/Ms character),PLANNED
1332,B1,Social Basics,saying hello,Explaining reasons and preferences about saying hello,Xử lý tình huống thực tế: greetings & basic social contact — saying hello,explain reasons and preferences about saying hello; complete the exchange naturally at B1.,520–700,4,Ms Lan,Ms Sophie (or another context-appropriate named Mr/Ms character),PLANNED
1333,B1,Numbers and Time,numbers 0–20,Explaining reasons and preferences about numbers 0–20,"Xử lý tình huống thực tế: numbers, dates & time — numbers 0–20",explain reasons and preferences about numbers 0–20; complete the exchange naturally at B1.,520–700,4,Ms Lan,Mr Michael (or another context-appropriate named Mr/Ms character),PLANNED
1334,B1,Home,a room in the home,Explaining reasons and preferences about a room in the home,Xử lý tình huống thực tế: home & household — a room in the home,explain reasons and preferences about a room in the home; complete the exchange naturally at B1.,520–700,4,Ms Lan,Ms Grace (or another context-appropriate named Mr/Ms character),PLANNED
1335,B1,Family,who a family member is,Explaining reasons and preferences about who a family member is,Xử lý tình huống thực tế: family & relationships — who a family member is,explain reasons and preferences about who a family member is; complete the exchange naturally at B1.,520–700,4,Ms Lan,Mr Henry (or another context-appropriate named Mr/Ms character),PLANNED
1336,B1,Food,asking for water,Explaining reasons and preferences about asking for water,Xử lý tình huống thực tế: food & drink — asking for water,explain reasons and preferences about asking for water; complete the exchange naturally at B1.,520–700,4,Ms Lan,Ms Anna (or another context-appropriate named Mr/Ms character),PLANNED
1337,B1,Shopping,the first practical exchange about shopping & payments,Explaining reasons and preferences about the first practical exchange about shopping & payments,Xử lý tình huống thực tế: shopping & payments — the first practical exchange about shopping & payments,explain reasons and preferences about the first practical exchange about shopping & payments; complete the exchange naturally at B1.,520–700,4,Ms Lan,Mr David (or another context-appropriate named Mr/Ms character),PLANNED
1338,B1,Clothing,the first practical exchange about clothing & personal items,Explaining reasons and preferences about the first practical exchange about clothing & personal items,Xử lý tình huống thực tế: clothing & personal items — the first practical exchange about clothing & personal items,explain reasons and preferences about the first practical exchange about clothing & personal items; complete the exchange naturally at B1.,520–700,4,Ms Lan,Ms Emma (or another context-appropriate named Mr/Ms character),PLANNED
1339,B1,Neighbourhood,the first practical exchange about neighbourhood & directions,Explaining reasons and preferences about the first practical exchange about neighbourhood & directions,Xử lý tình huống thực tế: neighbourhood & directions — the first practical exchange about neighbourhood & directions,explain reasons and preferences about the first practical exchange about neighbourhood & directions; complete the exchange naturally at B1.,520–700,4,Ms Lan,Mr James (or another context-appropriate named Mr/Ms character),PLANNED
1340,B1,Transport,the first practical exchange about public transport,Explaining reasons and preferences about the first practical exchange about public transport,Xử lý tình huống thực tế: public transport — the first practical exchange about public transport,explain reasons and preferences about the first practical exchange about public transport; complete the exchange naturally at B1.,520–700,4,Ms Lan,Ms Sarah (or another context-appropriate named Mr/Ms character),PLANNED
1341,B1,Transport,the first practical exchange about taxi & ride services,Explaining reasons and preferences about the first practical exchange about taxi & ride services,Xử lý tình huống thực tế: taxi & ride services — the first practical exchange about taxi & ride services,explain reasons and preferences about the first practical exchange about taxi & ride services; complete the exchange naturally at B1.,520–700,4,Ms Lan,Mr Daniel (or another context-appropriate named Mr/Ms character),PLANNED
1342,B1,Mobility,the first practical exchange about walking & getting around,Explaining reasons and preferences about the first practical exchange about walking & getting around,Xử lý tình huống thực tế: walking & getting around — the first practical exchange about walking & getting around,explain reasons and preferences about the first practical exchange about walking & getting around; complete the exchange naturally at B1.,520–700,4,Ms Lan,Ms Olivia (or another context-appropriate named Mr/Ms character),PLANNED
1343,B1,Weather,the first practical exchange about weather & daily plans,Explaining reasons and preferences about the first practical exchange about weather & daily plans,Xử lý tình huống thực tế: weather & daily plans — the first practical exchange about weather & daily plans,explain reasons and preferences about the first practical exchange about weather & daily plans; complete the exchange naturally at B1.,520–700,4,Ms Lan,Mr Thomas (or another context-appropriate named Mr/Ms character),PLANNED
1344,B1,Daily Life,the first practical exchange about daily routines,Explaining reasons and preferences about the first practical exchange about daily routines,Xử lý tình huống thực tế: daily routines — the first practical exchange about daily routines,explain reasons and preferences about the first practical exchange about daily routines; complete the exchange naturally at B1.,520–700,4,Ms Lan,Ms Sophie (or another context-appropriate named Mr/Ms character),PLANNED
1345,B1,Learning,the first practical exchange about school & learning,Explaining reasons and preferences about the first practical exchange about school & learning,Xử lý tình huống thực tế: school & learning — the first practical exchange about school & learning,explain reasons and preferences about the first practical exchange about school & learning; complete the exchange naturally at B1.,520–700,4,Ms Lan,Mr Michael (or another context-appropriate named Mr/Ms character),PLANNED
1346,B1,Work,the first practical exchange about workplace everyday communication,Explaining reasons and preferences about the first practical exchange about workplace everyday communication,Xử lý tình huống thực tế: workplace everyday communication — the first practical exchange about workplace everyday communication,explain reasons and preferences about the first practical exchange about workplace everyday communication; complete the exchange naturally at B1.,520–700,4,Ms Lan,Ms Grace (or another context-appropriate named Mr/Ms character),PLANNED
1347,B1,Communication,the first practical exchange about phone calls,Explaining reasons and preferences about the first practical exchange about phone calls,Xử lý tình huống thực tế: phone calls — the first practical exchange about phone calls,explain reasons and preferences about the first practical exchange about phone calls; complete the exchange naturally at B1.,520–700,4,Ms Lan,Mr Henry (or another context-appropriate named Mr/Ms character),PLANNED
1348,B1,Communication,the first practical exchange about messages & everyday digital communication,Explaining reasons and preferences about the first practical exchange about messages & everyday digital communication,Xử lý tình huống thực tế: messages & everyday digital communication — the first practical exchange about messages & everyday digital communication,explain reasons and preferences about the first practical exchange about messages & everyday digital communication; complete the exchange naturally at B1.,520–700,4,Ms Lan,Ms Anna (or another context-appropriate named Mr/Ms character),PLANNED
1349,B1,Scheduling,the first practical exchange about appointments & schedules,Explaining reasons and preferences about the first practical exchange about appointments & schedules,Xử lý tình huống thực tế: appointments & schedules — the first practical exchange about appointments & schedules,explain reasons and preferences about the first practical exchange about appointments & schedules; complete the exchange naturally at B1.,520–700,4,Ms Lan,Mr David (or another context-appropriate named Mr/Ms character),PLANNED
1350,B1,Eating Out,the first practical exchange about restaurants & cafés,Explaining reasons and preferences about the first practical exchange about restaurants & cafés,Xử lý tình huống thực tế: restaurants & cafés — the first practical exchange about restaurants & cafés,explain reasons and preferences about the first practical exchange about restaurants & cafés; complete the exchange naturally at B1.,520–700,4,Ms Lan,Ms Emma (or another context-appropriate named Mr/Ms character),PLANNED
1351,B1,Travel,the first practical exchange about hotels & accommodation,Explaining reasons and preferences about the first practical exchange about hotels & accommodation,Xử lý tình huống thực tế: hotels & accommodation — the first practical exchange about hotels & accommodation,explain reasons and preferences about the first practical exchange about hotels & accommodation; complete the exchange naturally at B1.,520–700,4,Ms Lan,Mr James (or another context-appropriate named Mr/Ms character),PLANNED
1352,B1,Travel,the first practical exchange about airports & flights,Explaining reasons and preferences about the first practical exchange about airports & flights,Xử lý tình huống thực tế: airports & flights — the first practical exchange about airports & flights,explain reasons and preferences about the first practical exchange about airports & flights; complete the exchange naturally at B1.,520–700,4,Ms Lan,Ms Sarah (or another context-appropriate named Mr/Ms character),PLANNED
1353,B1,Travel,the first practical exchange about train & coach travel,Explaining reasons and preferences about the first practical exchange about train & coach travel,Xử lý tình huống thực tế: train & coach travel — the first practical exchange about train & coach travel,explain reasons and preferences about the first practical exchange about train & coach travel; complete the exchange naturally at B1.,520–700,4,Ms Lan,Mr Daniel (or another context-appropriate named Mr/Ms character),PLANNED
1354,B1,Driving,"the first practical exchange about driving, parking & fuel","Explaining reasons and preferences about the first practical exchange about driving, parking & fuel","Xử lý tình huống thực tế: driving, parking & fuel — the first practical exchange about driving, parking & fuel","explain reasons and preferences about the first practical exchange about driving, parking & fuel; complete the exchange naturally at B1.",520–700,4,Ms Lan,Ms Olivia (or another context-appropriate named Mr/Ms character),PLANNED
1355,B1,Health Services,the first practical exchange about health services & pharmacy,Explaining reasons and preferences about the first practical exchange about health services & pharmacy,Xử lý tình huống thực tế: health services & pharmacy — the first practical exchange about health services & pharmacy,explain reasons and preferences about the first practical exchange about health services & pharmacy; complete the exchange naturally at B1.,520–700,4,Ms Lan,Mr Thomas (or another context-appropriate named Mr/Ms character),PLANNED
1356,B1,Wellbeing,the first practical exchange about fitness & wellbeing routines,Explaining reasons and preferences about the first practical exchange about fitness & wellbeing routines,Xử lý tình huống thực tế: fitness & wellbeing routines — the first practical exchange about fitness & wellbeing routines,explain reasons and preferences about the first practical exchange about fitness & wellbeing routines; complete the exchange naturally at B1.,520–700,4,Ms Lan,Ms Sophie (or another context-appropriate named Mr/Ms character),PLANNED
1357,B1,Services,the first practical exchange about personal care services,Explaining reasons and preferences about the first practical exchange about personal care services,Xử lý tình huống thực tế: personal care services — the first practical exchange about personal care services,explain reasons and preferences about the first practical exchange about personal care services; complete the exchange naturally at B1.,520–700,4,Ms Lan,Mr Michael (or another context-appropriate named Mr/Ms character),PLANNED
1358,B1,Money,the first practical exchange about banking & everyday money,Explaining reasons and preferences about the first practical exchange about banking & everyday money,Xử lý tình huống thực tế: banking & everyday money — the first practical exchange about banking & everyday money,explain reasons and preferences about the first practical exchange about banking & everyday money; complete the exchange naturally at B1.,520–700,4,Ms Lan,Ms Grace (or another context-appropriate named Mr/Ms character),PLANNED
1359,B1,Services,"the first practical exchange about post, courier & deliveries","Explaining reasons and preferences about the first practical exchange about post, courier & deliveries","Xử lý tình huống thực tế: post, courier & deliveries — the first practical exchange about post, courier & deliveries","explain reasons and preferences about the first practical exchange about post, courier & deliveries; complete the exchange naturally at B1.",520–700,4,Ms Lan,Mr Henry (or another context-appropriate named Mr/Ms character),PLANNED
1360,B1,Services,the first practical exchange about repairs & home services,Explaining reasons and preferences about the first practical exchange about repairs & home services,Xử lý tình huống thực tế: repairs & home services — the first practical exchange about repairs & home services,explain reasons and preferences about the first practical exchange about repairs & home services; complete the exchange naturally at B1.,520–700,4,Ms Lan,Ms Anna (or another context-appropriate named Mr/Ms character),PLANNED
1361,B1,Customer Service,the first practical exchange about customer service & complaints,Explaining reasons and preferences about the first practical exchange about customer service & complaints,Xử lý tình huống thực tế: customer service & complaints — the first practical exchange about customer service & complaints,explain reasons and preferences about the first practical exchange about customer service & complaints; complete the exchange naturally at B1.,520–700,4,Ms Lan,Mr David (or another context-appropriate named Mr/Ms character),PLANNED
1362,B1,Technology,the first practical exchange about technology & devices,Explaining reasons and preferences about the first practical exchange about technology & devices,Xử lý tình huống thực tế: technology & devices — the first practical exchange about technology & devices,explain reasons and preferences about the first practical exchange about technology & devices; complete the exchange naturally at B1.,520–700,4,Ms Lan,Ms Emma (or another context-appropriate named Mr/Ms character),PLANNED
1363,B1,Technology,the first practical exchange about internet & online accounts,Explaining reasons and preferences about the first practical exchange about internet & online accounts,Xử lý tình huống thực tế: internet & online accounts — the first practical exchange about internet & online accounts,explain reasons and preferences about the first practical exchange about internet & online accounts; complete the exchange naturally at B1.,520–700,4,Ms Lan,Mr James (or another context-appropriate named Mr/Ms character),PLANNED
1364,B1,Leisure,the first practical exchange about entertainment & events,Explaining reasons and preferences about the first practical exchange about entertainment & events,Xử lý tình huống thực tế: entertainment & events — the first practical exchange about entertainment & events,explain reasons and preferences about the first practical exchange about entertainment & events; complete the exchange naturally at B1.,520–700,4,Ms Lan,Ms Sarah (or another context-appropriate named Mr/Ms character),PLANNED
1365,B1,Leisure,the first practical exchange about sports & hobbies,Explaining reasons and preferences about the first practical exchange about sports & hobbies,Xử lý tình huống thực tế: sports & hobbies — the first practical exchange about sports & hobbies,explain reasons and preferences about the first practical exchange about sports & hobbies; complete the exchange naturally at B1.,520–700,4,Ms Lan,Mr Daniel (or another context-appropriate named Mr/Ms character),PLANNED
1366,B1,Relationships,the first practical exchange about friends & social plans,Explaining reasons and preferences about the first practical exchange about friends & social plans,Xử lý tình huống thực tế: friends & social plans — the first practical exchange about friends & social plans,explain reasons and preferences about the first practical exchange about friends & social plans; complete the exchange naturally at B1.,520–700,4,Ms Lan,Ms Olivia (or another context-appropriate named Mr/Ms character),PLANNED
1367,B1,Social Life,the first practical exchange about invitations & visits,Explaining reasons and preferences about the first practical exchange about invitations & visits,Xử lý tình huống thực tế: invitations & visits — the first practical exchange about invitations & visits,explain reasons and preferences about the first practical exchange about invitations & visits; complete the exchange naturally at B1.,520–700,4,Ms Lan,Mr Thomas (or another context-appropriate named Mr/Ms character),PLANNED
1368,B1,Community,the first practical exchange about community & neighbours,Explaining reasons and preferences about the first practical exchange about community & neighbours,Xử lý tình huống thực tế: community & neighbours — the first practical exchange about community & neighbours,explain reasons and preferences about the first practical exchange about community & neighbours; complete the exchange naturally at B1.,520–700,4,Ms Lan,Ms Sophie (or another context-appropriate named Mr/Ms character),PLANNED
1369,B1,Travel Problems,the first practical exchange about travel problems & changes,Explaining reasons and preferences about the first practical exchange about travel problems & changes,Xử lý tình huống thực tế: travel problems & changes — the first practical exchange about travel problems & changes,explain reasons and preferences about the first practical exchange about travel problems & changes; complete the exchange naturally at B1.,520–700,4,Ms Lan,Mr Michael (or another context-appropriate named Mr/Ms character),PLANNED
1370,B1,Problems,the first practical exchange about lost property & missing items,Explaining reasons and preferences about the first practical exchange about lost property & missing items,Xử lý tình huống thực tế: lost property & missing items — the first practical exchange about lost property & missing items,explain reasons and preferences about the first practical exchange about lost property & missing items; complete the exchange naturally at B1.,520–700,4,Ms Lan,Ms Grace (or another context-appropriate named Mr/Ms character),PLANNED
1371,B1,Emergencies,the first practical exchange about emergencies & asking for help,Explaining reasons and preferences about the first practical exchange about emergencies & asking for help,Xử lý tình huống thực tế: emergencies & asking for help — the first practical exchange about emergencies & asking for help,explain reasons and preferences about the first practical exchange about emergencies & asking for help; complete the exchange naturally at B1.,520–700,4,Ms Lan,Mr Henry (or another context-appropriate named Mr/Ms character),PLANNED
1372,B1,Public Life,"the first practical exchange about rules, permission & public places","Explaining reasons and preferences about the first practical exchange about rules, permission & public places","Xử lý tình huống thực tế: rules, permission & public places — the first practical exchange about rules, permission & public places","explain reasons and preferences about the first practical exchange about rules, permission & public places; complete the exchange naturally at B1.",520–700,4,Ms Lan,Ms Anna (or another context-appropriate named Mr/Ms character),PLANNED
1373,B1,Housing,the first practical exchange about renting & moving home,Explaining reasons and preferences about the first practical exchange about renting & moving home,Xử lý tình huống thực tế: renting & moving home — the first practical exchange about renting & moving home,explain reasons and preferences about the first practical exchange about renting & moving home; complete the exchange naturally at B1.,520–700,4,Ms Lan,Mr David (or another context-appropriate named Mr/Ms character),PLANNED
1374,B1,Housing,the first practical exchange about utilities & household bills,Explaining reasons and preferences about the first practical exchange about utilities & household bills,Xử lý tình huống thực tế: utilities & household bills — the first practical exchange about utilities & household bills,explain reasons and preferences about the first practical exchange about utilities & household bills; complete the exchange naturally at B1.,520–700,4,Ms Lan,Ms Emma (or another context-appropriate named Mr/Ms character),PLANNED
1375,B1,Public Services,the first practical exchange about government/public services,Explaining reasons and preferences about the first practical exchange about government/public services,Xử lý tình huống thực tế: government/public services — the first practical exchange about government/public services,explain reasons and preferences about the first practical exchange about government/public services; complete the exchange naturally at B1.,520–700,4,Ms Lan,Mr James (or another context-appropriate named Mr/Ms character),PLANNED
1376,B1,Culture,the first practical exchange about cultural differences & etiquette,Explaining reasons and preferences about the first practical exchange about cultural differences & etiquette,Xử lý tình huống thực tế: cultural differences & etiquette — the first practical exchange about cultural differences & etiquette,explain reasons and preferences about the first practical exchange about cultural differences & etiquette; complete the exchange naturally at B1.,520–700,4,Ms Lan,Ms Sarah (or another context-appropriate named Mr/Ms character),PLANNED
1377,B1,Interaction,the first practical exchange about opinions & preferences,Explaining reasons and preferences about the first practical exchange about opinions & preferences,Xử lý tình huống thực tế: opinions & preferences — the first practical exchange about opinions & preferences,explain reasons and preferences about the first practical exchange about opinions & preferences; complete the exchange naturally at B1.,520–700,4,Ms Lan,Mr Daniel (or another context-appropriate named Mr/Ms character),PLANNED
1378,B1,Interaction,"the first practical exchange about plans, decisions & changes","Explaining reasons and preferences about the first practical exchange about plans, decisions & changes","Xử lý tình huống thực tế: plans, decisions & changes — the first practical exchange about plans, decisions & changes","explain reasons and preferences about the first practical exchange about plans, decisions & changes; complete the exchange naturally at B1.",520–700,4,Ms Lan,Ms Olivia (or another context-appropriate named Mr/Ms character),PLANNED
1379,B1,Interaction,the first practical exchange about explaining experiences & stories,Explaining reasons and preferences about the first practical exchange about explaining experiences & stories,Xử lý tình huống thực tế: explaining experiences & stories — the first practical exchange about explaining experiences & stories,explain reasons and preferences about the first practical exchange about explaining experiences & stories; complete the exchange naturally at B1.,520–700,4,Ms Lan,Mr Thomas (or another context-appropriate named Mr/Ms character),PLANNED
1380,B1,Interaction,the first practical exchange about clarifying & repairing communication,Explaining reasons and preferences about the first practical exchange about clarifying & repairing communication,Xử lý tình huống thực tế: clarifying & repairing communication — the first practical exchange about clarifying & repairing communication,explain reasons and preferences about the first practical exchange about clarifying & repairing communication; complete the exchange naturally at B1.,520–700,4,Ms Lan,Ms Sophie (or another context-appropriate named Mr/Ms character),PLANNED
1381,B1,Interaction,the first practical exchange about disagreement & boundaries,Explaining reasons and preferences about the first practical exchange about disagreement & boundaries,Xử lý tình huống thực tế: disagreement & boundaries — the first practical exchange about disagreement & boundaries,explain reasons and preferences about the first practical exchange about disagreement & boundaries; complete the exchange naturally at B1.,520–700,4,Ms Lan,Mr Michael (or another context-appropriate named Mr/Ms character),PLANNED
1382,B1,Interaction,the first practical exchange about negotiation & compromise,Explaining reasons and preferences about the first practical exchange about negotiation & compromise,Xử lý tình huống thực tế: negotiation & compromise — the first practical exchange about negotiation & compromise,explain reasons and preferences about the first practical exchange about negotiation & compromise; complete the exchange naturally at B1.,520–700,4,Ms Lan,Ms Grace (or another context-appropriate named Mr/Ms character),PLANNED
1383,B1,Interaction,the first practical exchange about unexpected situations & problem solving,Explaining reasons and preferences about the first practical exchange about unexpected situations & problem solving,Xử lý tình huống thực tế: unexpected situations & problem solving — the first practical exchange about unexpected situations & problem solving,explain reasons and preferences about the first practical exchange about unexpected situations & problem solving; complete the exchange naturally at B1.,520–700,4,Ms Lan,Mr Henry (or another context-appropriate named Mr/Ms character),PLANNED
1384,B1,Society,the first practical exchange about news & everyday current events,Explaining reasons and preferences about the first practical exchange about news & everyday current events,Xử lý tình huống thực tế: news & everyday current events — the first practical exchange about news & everyday current events,explain reasons and preferences about the first practical exchange about news & everyday current events; complete the exchange naturally at B1.,520–700,4,Ms Lan,Ms Anna (or another context-appropriate named Mr/Ms character),PLANNED
1385,B1,Society,the first practical exchange about environment & local issues,Explaining reasons and preferences about the first practical exchange about environment & local issues,Xử lý tình huống thực tế: environment & local issues — the first practical exchange about environment & local issues,explain reasons and preferences about the first practical exchange about environment & local issues; complete the exchange naturally at B1.,520–700,4,Ms Lan,Mr David (or another context-appropriate named Mr/Ms character),PLANNED
1386,B1,Personal Identity,how to spell your name,Explaining reasons and preferences about how to spell your name,Xử lý tình huống thực tế: personal identity & introductions — how to spell your name,explain reasons and preferences about how to spell your name; complete the exchange naturally at B1.,520–700,4,Ms Lan,Ms Emma (or another context-appropriate named Mr/Ms character),PLANNED
1387,B1,Social Basics,responding to a greeting,Explaining reasons and preferences about responding to a greeting,Xử lý tình huống thực tế: greetings & basic social contact — responding to a greeting,explain reasons and preferences about responding to a greeting; complete the exchange naturally at B1.,520–700,4,Ms Lan,Mr James (or another context-appropriate named Mr/Ms character),PLANNED
1388,B1,Numbers and Time,a phone number,Explaining reasons and preferences about a phone number,"Xử lý tình huống thực tế: numbers, dates & time — a phone number",explain reasons and preferences about a phone number; complete the exchange naturally at B1.,520–700,4,Ms Lan,Ms Sarah (or another context-appropriate named Mr/Ms character),PLANNED
1389,B1,Home,a common household object,Explaining reasons and preferences about a common household object,Xử lý tình huống thực tế: home & household — a common household object,explain reasons and preferences about a common household object; complete the exchange naturally at B1.,520–700,4,Ms Lan,Mr Daniel (or another context-appropriate named Mr/Ms character),PLANNED
1390,B1,Family,a family member's name,Explaining reasons and preferences about a family member's name,Xử lý tình huống thực tế: family & relationships — a family member's name,explain reasons and preferences about a family member's name; complete the exchange naturally at B1.,520–700,4,Ms Lan,Ms Olivia (or another context-appropriate named Mr/Ms character),PLANNED
1391,B1,Food,choosing a drink,Explaining reasons and preferences about choosing a drink,Xử lý tình huống thực tế: food & drink — choosing a drink,explain reasons and preferences about choosing a drink; complete the exchange naturally at B1.,520–700,4,Ms Lan,Mr Thomas (or another context-appropriate named Mr/Ms character),PLANNED
1392,B1,Shopping,a routine everyday need involving shopping & payments,Explaining reasons and preferences about a routine everyday need involving shopping & payments,Xử lý tình huống thực tế: shopping & payments — a routine everyday need involving shopping & payments,explain reasons and preferences about a routine everyday need involving shopping & payments; complete the exchange naturally at B1.,520–700,4,Ms Lan,Ms Sophie (or another context-appropriate named Mr/Ms character),PLANNED
1393,B1,Clothing,a routine everyday need involving clothing & personal items,Explaining reasons and preferences about a routine everyday need involving clothing & personal items,Xử lý tình huống thực tế: clothing & personal items — a routine everyday need involving clothing & personal items,explain reasons and preferences about a routine everyday need involving clothing & personal items; complete the exchange naturally at B1.,520–700,4,Ms Lan,Mr Michael (or another context-appropriate named Mr/Ms character),PLANNED
1394,B1,Neighbourhood,a routine everyday need involving neighbourhood & directions,Explaining reasons and preferences about a routine everyday need involving neighbourhood & directions,Xử lý tình huống thực tế: neighbourhood & directions — a routine everyday need involving neighbourhood & directions,explain reasons and preferences about a routine everyday need involving neighbourhood & directions; complete the exchange naturally at B1.,520–700,4,Ms Lan,Ms Grace (or another context-appropriate named Mr/Ms character),PLANNED
1395,B1,Transport,a routine everyday need involving public transport,Explaining reasons and preferences about a routine everyday need involving public transport,Xử lý tình huống thực tế: public transport — a routine everyday need involving public transport,explain reasons and preferences about a routine everyday need involving public transport; complete the exchange naturally at B1.,520–700,4,Ms Lan,Mr Henry (or another context-appropriate named Mr/Ms character),PLANNED
1396,B1,Transport,a routine everyday need involving taxi & ride services,Explaining reasons and preferences about a routine everyday need involving taxi & ride services,Xử lý tình huống thực tế: taxi & ride services — a routine everyday need involving taxi & ride services,explain reasons and preferences about a routine everyday need involving taxi & ride services; complete the exchange naturally at B1.,520–700,4,Ms Lan,Ms Anna (or another context-appropriate named Mr/Ms character),PLANNED
1397,B1,Mobility,a routine everyday need involving walking & getting around,Explaining reasons and preferences about a routine everyday need involving walking & getting around,Xử lý tình huống thực tế: walking & getting around — a routine everyday need involving walking & getting around,explain reasons and preferences about a routine everyday need involving walking & getting around; complete the exchange naturally at B1.,520–700,4,Ms Lan,Mr David (or another context-appropriate named Mr/Ms character),PLANNED
1398,B1,Weather,a routine everyday need involving weather & daily plans,Explaining reasons and preferences about a routine everyday need involving weather & daily plans,Xử lý tình huống thực tế: weather & daily plans — a routine everyday need involving weather & daily plans,explain reasons and preferences about a routine everyday need involving weather & daily plans; complete the exchange naturally at B1.,520–700,4,Ms Lan,Ms Emma (or another context-appropriate named Mr/Ms character),PLANNED
1399,B1,Daily Life,a routine everyday need involving daily routines,Explaining reasons and preferences about a routine everyday need involving daily routines,Xử lý tình huống thực tế: daily routines — a routine everyday need involving daily routines,explain reasons and preferences about a routine everyday need involving daily routines; complete the exchange naturally at B1.,520–700,4,Ms Lan,Mr James (or another context-appropriate named Mr/Ms character),PLANNED
1400,B1,Learning,a routine everyday need involving school & learning,Explaining reasons and preferences about a routine everyday need involving school & learning,Xử lý tình huống thực tế: school & learning — a routine everyday need involving school & learning,explain reasons and preferences about a routine everyday need involving school & learning; complete the exchange naturally at B1.,520–700,4,Ms Lan,Ms Sarah (or another context-appropriate named Mr/Ms character),PLANNED
1401,B1+,Travel,the first practical exchange about hotels & accommodation,Negotiating a practical solution about the first practical exchange about hotels & accommodation,Giao tiếp mở rộng: hotels & accommodation — the first practical exchange about hotels & accommodation,negotiate a practical solution about the first practical exchange about hotels & accommodation; complete the exchange naturally at B1+.,650–850,4–5,Ms Lan,Mr David (or another context-appropriate named Mr/Ms character),PLANNED
1402,B1+,Travel,the first practical exchange about airports & flights,Negotiating a practical solution about the first practical exchange about airports & flights,Giao tiếp mở rộng: airports & flights — the first practical exchange about airports & flights,negotiate a practical solution about the first practical exchange about airports & flights; complete the exchange naturally at B1+.,650–850,4–5,Ms Lan,Ms Emma (or another context-appropriate named Mr/Ms character),PLANNED
1403,B1+,Travel,the first practical exchange about train & coach travel,Negotiating a practical solution about the first practical exchange about train & coach travel,Giao tiếp mở rộng: train & coach travel — the first practical exchange about train & coach travel,negotiate a practical solution about the first practical exchange about train & coach travel; complete the exchange naturally at B1+.,650–850,4–5,Ms Lan,Mr James (or another context-appropriate named Mr/Ms character),PLANNED
1404,B1+,Driving,"the first practical exchange about driving, parking & fuel","Negotiating a practical solution about the first practical exchange about driving, parking & fuel","Giao tiếp mở rộng: driving, parking & fuel — the first practical exchange about driving, parking & fuel","negotiate a practical solution about the first practical exchange about driving, parking & fuel; complete the exchange naturally at B1+.",650–850,4–5,Ms Lan,Ms Sarah (or another context-appropriate named Mr/Ms character),PLANNED
1405,B1+,Health Services,the first practical exchange about health services & pharmacy,Negotiating a practical solution about the first practical exchange about health services & pharmacy,Giao tiếp mở rộng: health services & pharmacy — the first practical exchange about health services & pharmacy,negotiate a practical solution about the first practical exchange about health services & pharmacy; complete the exchange naturally at B1+.,650–850,4–5,Ms Lan,Mr Daniel (or another context-appropriate named Mr/Ms character),PLANNED
1406,B1+,Wellbeing,the first practical exchange about fitness & wellbeing routines,Negotiating a practical solution about the first practical exchange about fitness & wellbeing routines,Giao tiếp mở rộng: fitness & wellbeing routines — the first practical exchange about fitness & wellbeing routines,negotiate a practical solution about the first practical exchange about fitness & wellbeing routines; complete the exchange naturally at B1+.,650–850,4–5,Ms Lan,Ms Olivia (or another context-appropriate named Mr/Ms character),PLANNED
1407,B1+,Services,the first practical exchange about personal care services,Negotiating a practical solution about the first practical exchange about personal care services,Giao tiếp mở rộng: personal care services — the first practical exchange about personal care services,negotiate a practical solution about the first practical exchange about personal care services; complete the exchange naturally at B1+.,650–850,4–5,Ms Lan,Mr Thomas (or another context-appropriate named Mr/Ms character),PLANNED
1408,B1+,Money,the first practical exchange about banking & everyday money,Negotiating a practical solution about the first practical exchange about banking & everyday money,Giao tiếp mở rộng: banking & everyday money — the first practical exchange about banking & everyday money,negotiate a practical solution about the first practical exchange about banking & everyday money; complete the exchange naturally at B1+.,650–850,4–5,Ms Lan,Ms Sophie (or another context-appropriate named Mr/Ms character),PLANNED
1409,B1+,Services,"the first practical exchange about post, courier & deliveries","Negotiating a practical solution about the first practical exchange about post, courier & deliveries","Giao tiếp mở rộng: post, courier & deliveries — the first practical exchange about post, courier & deliveries","negotiate a practical solution about the first practical exchange about post, courier & deliveries; complete the exchange naturally at B1+.",650–850,4–5,Ms Lan,Mr Michael (or another context-appropriate named Mr/Ms character),PLANNED
1410,B1+,Services,the first practical exchange about repairs & home services,Negotiating a practical solution about the first practical exchange about repairs & home services,Giao tiếp mở rộng: repairs & home services — the first practical exchange about repairs & home services,negotiate a practical solution about the first practical exchange about repairs & home services; complete the exchange naturally at B1+.,650–850,4–5,Ms Lan,Ms Grace (or another context-appropriate named Mr/Ms character),PLANNED
1411,B1+,Customer Service,the first practical exchange about customer service & complaints,Negotiating a practical solution about the first practical exchange about customer service & complaints,Giao tiếp mở rộng: customer service & complaints — the first practical exchange about customer service & complaints,negotiate a practical solution about the first practical exchange about customer service & complaints; complete the exchange naturally at B1+.,650–850,4–5,Ms Lan,Mr Henry (or another context-appropriate named Mr/Ms character),PLANNED
1412,B1+,Technology,the first practical exchange about technology & devices,Negotiating a practical solution about the first practical exchange about technology & devices,Giao tiếp mở rộng: technology & devices — the first practical exchange about technology & devices,negotiate a practical solution about the first practical exchange about technology & devices; complete the exchange naturally at B1+.,650–850,4–5,Ms Lan,Ms Anna (or another context-appropriate named Mr/Ms character),PLANNED
1413,B1+,Technology,the first practical exchange about internet & online accounts,Negotiating a practical solution about the first practical exchange about internet & online accounts,Giao tiếp mở rộng: internet & online accounts — the first practical exchange about internet & online accounts,negotiate a practical solution about the first practical exchange about internet & online accounts; complete the exchange naturally at B1+.,650–850,4–5,Ms Lan,Mr David (or another context-appropriate named Mr/Ms character),PLANNED
1414,B1+,Leisure,the first practical exchange about entertainment & events,Negotiating a practical solution about the first practical exchange about entertainment & events,Giao tiếp mở rộng: entertainment & events — the first practical exchange about entertainment & events,negotiate a practical solution about the first practical exchange about entertainment & events; complete the exchange naturally at B1+.,650–850,4–5,Ms Lan,Ms Emma (or another context-appropriate named Mr/Ms character),PLANNED
1415,B1+,Leisure,the first practical exchange about sports & hobbies,Negotiating a practical solution about the first practical exchange about sports & hobbies,Giao tiếp mở rộng: sports & hobbies — the first practical exchange about sports & hobbies,negotiate a practical solution about the first practical exchange about sports & hobbies; complete the exchange naturally at B1+.,650–850,4–5,Ms Lan,Mr James (or another context-appropriate named Mr/Ms character),PLANNED
1416,B1+,Relationships,the first practical exchange about friends & social plans,Negotiating a practical solution about the first practical exchange about friends & social plans,Giao tiếp mở rộng: friends & social plans — the first practical exchange about friends & social plans,negotiate a practical solution about the first practical exchange about friends & social plans; complete the exchange naturally at B1+.,650–850,4–5,Ms Lan,Ms Sarah (or another context-appropriate named Mr/Ms character),PLANNED
1417,B1+,Social Life,the first practical exchange about invitations & visits,Negotiating a practical solution about the first practical exchange about invitations & visits,Giao tiếp mở rộng: invitations & visits — the first practical exchange about invitations & visits,negotiate a practical solution about the first practical exchange about invitations & visits; complete the exchange naturally at B1+.,650–850,4–5,Ms Lan,Mr Daniel (or another context-appropriate named Mr/Ms character),PLANNED
1418,B1+,Community,the first practical exchange about community & neighbours,Negotiating a practical solution about the first practical exchange about community & neighbours,Giao tiếp mở rộng: community & neighbours — the first practical exchange about community & neighbours,negotiate a practical solution about the first practical exchange about community & neighbours; complete the exchange naturally at B1+.,650–850,4–5,Ms Lan,Ms Olivia (or another context-appropriate named Mr/Ms character),PLANNED
1419,B1+,Travel Problems,the first practical exchange about travel problems & changes,Negotiating a practical solution about the first practical exchange about travel problems & changes,Giao tiếp mở rộng: travel problems & changes — the first practical exchange about travel problems & changes,negotiate a practical solution about the first practical exchange about travel problems & changes; complete the exchange naturally at B1+.,650–850,4–5,Ms Lan,Mr Thomas (or another context-appropriate named Mr/Ms character),PLANNED
1420,B1+,Problems,the first practical exchange about lost property & missing items,Negotiating a practical solution about the first practical exchange about lost property & missing items,Giao tiếp mở rộng: lost property & missing items — the first practical exchange about lost property & missing items,negotiate a practical solution about the first practical exchange about lost property & missing items; complete the exchange naturally at B1+.,650–850,4–5,Ms Lan,Ms Sophie (or another context-appropriate named Mr/Ms character),PLANNED
1421,B1+,Emergencies,the first practical exchange about emergencies & asking for help,Negotiating a practical solution about the first practical exchange about emergencies & asking for help,Giao tiếp mở rộng: emergencies & asking for help — the first practical exchange about emergencies & asking for help,negotiate a practical solution about the first practical exchange about emergencies & asking for help; complete the exchange naturally at B1+.,650–850,4–5,Ms Lan,Mr Michael (or another context-appropriate named Mr/Ms character),PLANNED
1422,B1+,Public Life,"the first practical exchange about rules, permission & public places","Negotiating a practical solution about the first practical exchange about rules, permission & public places","Giao tiếp mở rộng: rules, permission & public places — the first practical exchange about rules, permission & public places","negotiate a practical solution about the first practical exchange about rules, permission & public places; complete the exchange naturally at B1+.",650–850,4–5,Ms Lan,Ms Grace (or another context-appropriate named Mr/Ms character),PLANNED
1423,B1+,Housing,the first practical exchange about renting & moving home,Negotiating a practical solution about the first practical exchange about renting & moving home,Giao tiếp mở rộng: renting & moving home — the first practical exchange about renting & moving home,negotiate a practical solution about the first practical exchange about renting & moving home; complete the exchange naturally at B1+.,650–850,4–5,Ms Lan,Mr Henry (or another context-appropriate named Mr/Ms character),PLANNED
1424,B1+,Housing,the first practical exchange about utilities & household bills,Negotiating a practical solution about the first practical exchange about utilities & household bills,Giao tiếp mở rộng: utilities & household bills — the first practical exchange about utilities & household bills,negotiate a practical solution about the first practical exchange about utilities & household bills; complete the exchange naturally at B1+.,650–850,4–5,Ms Lan,Ms Anna (or another context-appropriate named Mr/Ms character),PLANNED
1425,B1+,Public Services,the first practical exchange about government/public services,Negotiating a practical solution about the first practical exchange about government/public services,Giao tiếp mở rộng: government/public services — the first practical exchange about government/public services,negotiate a practical solution about the first practical exchange about government/public services; complete the exchange naturally at B1+.,650–850,4–5,Ms Lan,Mr David (or another context-appropriate named Mr/Ms character),PLANNED
1426,B1+,Culture,the first practical exchange about cultural differences & etiquette,Negotiating a practical solution about the first practical exchange about cultural differences & etiquette,Giao tiếp mở rộng: cultural differences & etiquette — the first practical exchange about cultural differences & etiquette,negotiate a practical solution about the first practical exchange about cultural differences & etiquette; complete the exchange naturally at B1+.,650–850,4–5,Ms Lan,Ms Emma (or another context-appropriate named Mr/Ms character),PLANNED
1427,B1+,Interaction,the first practical exchange about opinions & preferences,Negotiating a practical solution about the first practical exchange about opinions & preferences,Giao tiếp mở rộng: opinions & preferences — the first practical exchange about opinions & preferences,negotiate a practical solution about the first practical exchange about opinions & preferences; complete the exchange naturally at B1+.,650–850,4–5,Ms Lan,Mr James (or another context-appropriate named Mr/Ms character),PLANNED
1428,B1+,Interaction,"the first practical exchange about plans, decisions & changes","Negotiating a practical solution about the first practical exchange about plans, decisions & changes","Giao tiếp mở rộng: plans, decisions & changes — the first practical exchange about plans, decisions & changes","negotiate a practical solution about the first practical exchange about plans, decisions & changes; complete the exchange naturally at B1+.",650–850,4–5,Ms Lan,Ms Sarah (or another context-appropriate named Mr/Ms character),PLANNED
1429,B1+,Interaction,the first practical exchange about explaining experiences & stories,Negotiating a practical solution about the first practical exchange about explaining experiences & stories,Giao tiếp mở rộng: explaining experiences & stories — the first practical exchange about explaining experiences & stories,negotiate a practical solution about the first practical exchange about explaining experiences & stories; complete the exchange naturally at B1+.,650–850,4–5,Ms Lan,Mr Daniel (or another context-appropriate named Mr/Ms character),PLANNED
1430,B1+,Interaction,the first practical exchange about clarifying & repairing communication,Negotiating a practical solution about the first practical exchange about clarifying & repairing communication,Giao tiếp mở rộng: clarifying & repairing communication — the first practical exchange about clarifying & repairing communication,negotiate a practical solution about the first practical exchange about clarifying & repairing communication; complete the exchange naturally at B1+.,650–850,4–5,Ms Lan,Ms Olivia (or another context-appropriate named Mr/Ms character),PLANNED
1431,B1+,Interaction,the first practical exchange about disagreement & boundaries,Negotiating a practical solution about the first practical exchange about disagreement & boundaries,Giao tiếp mở rộng: disagreement & boundaries — the first practical exchange about disagreement & boundaries,negotiate a practical solution about the first practical exchange about disagreement & boundaries; complete the exchange naturally at B1+.,650–850,4–5,Ms Lan,Mr Thomas (or another context-appropriate named Mr/Ms character),PLANNED
1432,B1+,Interaction,the first practical exchange about negotiation & compromise,Negotiating a practical solution about the first practical exchange about negotiation & compromise,Giao tiếp mở rộng: negotiation & compromise — the first practical exchange about negotiation & compromise,negotiate a practical solution about the first practical exchange about negotiation & compromise; complete the exchange naturally at B1+.,650–850,4–5,Ms Lan,Ms Sophie (or another context-appropriate named Mr/Ms character),PLANNED
1433,B1+,Interaction,the first practical exchange about unexpected situations & problem solving,Negotiating a practical solution about the first practical exchange about unexpected situations & problem solving,Giao tiếp mở rộng: unexpected situations & problem solving — the first practical exchange about unexpected situations & problem solving,negotiate a practical solution about the first practical exchange about unexpected situations & problem solving; complete the exchange naturally at B1+.,650–850,4–5,Ms Lan,Mr Michael (or another context-appropriate named Mr/Ms character),PLANNED
1434,B1+,Society,the first practical exchange about news & everyday current events,Negotiating a practical solution about the first practical exchange about news & everyday current events,Giao tiếp mở rộng: news & everyday current events — the first practical exchange about news & everyday current events,negotiate a practical solution about the first practical exchange about news & everyday current events; complete the exchange naturally at B1+.,650–850,4–5,Ms Lan,Ms Grace (or another context-appropriate named Mr/Ms character),PLANNED
1435,B1+,Society,the first practical exchange about environment & local issues,Negotiating a practical solution about the first practical exchange about environment & local issues,Giao tiếp mở rộng: environment & local issues — the first practical exchange about environment & local issues,negotiate a practical solution about the first practical exchange about environment & local issues; complete the exchange naturally at B1+.,650–850,4–5,Ms Lan,Mr Henry (or another context-appropriate named Mr/Ms character),PLANNED
1436,B1+,Travel,the first practical exchange about travel experiences & recommendations,Negotiating a practical solution about the first practical exchange about travel experiences & recommendations,Giao tiếp mở rộng: travel experiences & recommendations — the first practical exchange about travel experiences & recommendations,negotiate a practical solution about the first practical exchange about travel experiences & recommendations; complete the exchange naturally at B1+.,650–850,4–5,Ms Lan,Ms Anna (or another context-appropriate named Mr/Ms character),PLANNED
1437,B1+,Life Management,the first practical exchange about work-life balance & personal goals,Negotiating a practical solution about the first practical exchange about work-life balance & personal goals,Giao tiếp mở rộng: work-life balance & personal goals — the first practical exchange about work-life balance & personal goals,negotiate a practical solution about the first practical exchange about work-life balance & personal goals; complete the exchange naturally at B1+.,650–850,4–5,Ms Lan,Mr David (or another context-appropriate named Mr/Ms character),PLANNED
1438,B1+,Learning,the first practical exchange about learning strategies & self-improvement,Negotiating a practical solution about the first practical exchange about learning strategies & self-improvement,Giao tiếp mở rộng: learning strategies & self-improvement — the first practical exchange about learning strategies & self-improvement,negotiate a practical solution about the first practical exchange about learning strategies & self-improvement; complete the exchange naturally at B1+.,650–850,4–5,Ms Lan,Ms Emma (or another context-appropriate named Mr/Ms character),PLANNED
1439,B1+,Relationships,"the first practical exchange about relationships, feelings & sensitive conversations","Negotiating a practical solution about the first practical exchange about relationships, feelings & sensitive conversations","Giao tiếp mở rộng: relationships, feelings & sensitive conversations — the first practical exchange about relationships, feelings & sensitive conversations","negotiate a practical solution about the first practical exchange about relationships, feelings & sensitive conversations; complete the exchange naturally at B1+.",650–850,4–5,Ms Lan,Mr James (or another context-appropriate named Mr/Ms character),PLANNED
1440,B1+,Consumer Life,the first practical exchange about complex services & consumer decisions,Negotiating a practical solution about the first practical exchange about complex services & consumer decisions,Giao tiếp mở rộng: complex services & consumer decisions — the first practical exchange about complex services & consumer decisions,negotiate a practical solution about the first practical exchange about complex services & consumer decisions; complete the exchange naturally at B1+.,650–850,4–5,Ms Lan,Ms Sarah (or another context-appropriate named Mr/Ms character),PLANNED
1441,B1+,Travel,a routine everyday need involving hotels & accommodation,Negotiating a practical solution about a routine everyday need involving hotels & accommodation,Giao tiếp mở rộng: hotels & accommodation — a routine everyday need involving hotels & accommodation,negotiate a practical solution about a routine everyday need involving hotels & accommodation; complete the exchange naturally at B1+.,650–850,4–5,Ms Lan,Mr Daniel (or another context-appropriate named Mr/Ms character),PLANNED
1442,B1+,Travel,a routine everyday need involving airports & flights,Negotiating a practical solution about a routine everyday need involving airports & flights,Giao tiếp mở rộng: airports & flights — a routine everyday need involving airports & flights,negotiate a practical solution about a routine everyday need involving airports & flights; complete the exchange naturally at B1+.,650–850,4–5,Ms Lan,Ms Olivia (or another context-appropriate named Mr/Ms character),PLANNED
1443,B1+,Travel,a routine everyday need involving train & coach travel,Negotiating a practical solution about a routine everyday need involving train & coach travel,Giao tiếp mở rộng: train & coach travel — a routine everyday need involving train & coach travel,negotiate a practical solution about a routine everyday need involving train & coach travel; complete the exchange naturally at B1+.,650–850,4–5,Ms Lan,Mr Thomas (or another context-appropriate named Mr/Ms character),PLANNED
1444,B1+,Driving,"a routine everyday need involving driving, parking & fuel","Negotiating a practical solution about a routine everyday need involving driving, parking & fuel","Giao tiếp mở rộng: driving, parking & fuel — a routine everyday need involving driving, parking & fuel","negotiate a practical solution about a routine everyday need involving driving, parking & fuel; complete the exchange naturally at B1+.",650–850,4–5,Ms Lan,Ms Sophie (or another context-appropriate named Mr/Ms character),PLANNED
1445,B1+,Health Services,a routine everyday need involving health services & pharmacy,Negotiating a practical solution about a routine everyday need involving health services & pharmacy,Giao tiếp mở rộng: health services & pharmacy — a routine everyday need involving health services & pharmacy,negotiate a practical solution about a routine everyday need involving health services & pharmacy; complete the exchange naturally at B1+.,650–850,4–5,Ms Lan,Mr Michael (or another context-appropriate named Mr/Ms character),PLANNED
1446,B1+,Wellbeing,a routine everyday need involving fitness & wellbeing routines,Negotiating a practical solution about a routine everyday need involving fitness & wellbeing routines,Giao tiếp mở rộng: fitness & wellbeing routines — a routine everyday need involving fitness & wellbeing routines,negotiate a practical solution about a routine everyday need involving fitness & wellbeing routines; complete the exchange naturally at B1+.,650–850,4–5,Ms Lan,Ms Grace (or another context-appropriate named Mr/Ms character),PLANNED
1447,B1+,Services,a routine everyday need involving personal care services,Negotiating a practical solution about a routine everyday need involving personal care services,Giao tiếp mở rộng: personal care services — a routine everyday need involving personal care services,negotiate a practical solution about a routine everyday need involving personal care services; complete the exchange naturally at B1+.,650–850,4–5,Ms Lan,Mr Henry (or another context-appropriate named Mr/Ms character),PLANNED
1448,B1+,Money,a routine everyday need involving banking & everyday money,Negotiating a practical solution about a routine everyday need involving banking & everyday money,Giao tiếp mở rộng: banking & everyday money — a routine everyday need involving banking & everyday money,negotiate a practical solution about a routine everyday need involving banking & everyday money; complete the exchange naturally at B1+.,650–850,4–5,Ms Lan,Ms Anna (or another context-appropriate named Mr/Ms character),PLANNED
1449,B1+,Services,"a routine everyday need involving post, courier & deliveries","Negotiating a practical solution about a routine everyday need involving post, courier & deliveries","Giao tiếp mở rộng: post, courier & deliveries — a routine everyday need involving post, courier & deliveries","negotiate a practical solution about a routine everyday need involving post, courier & deliveries; complete the exchange naturally at B1+.",650–850,4–5,Ms Lan,Mr David (or another context-appropriate named Mr/Ms character),PLANNED
1450,B1+,Services,a routine everyday need involving repairs & home services,Negotiating a practical solution about a routine everyday need involving repairs & home services,Giao tiếp mở rộng: repairs & home services — a routine everyday need involving repairs & home services,negotiate a practical solution about a routine everyday need involving repairs & home services; complete the exchange naturally at B1+.,650–850,4–5,Ms Lan,Ms Emma (or another context-appropriate named Mr/Ms character),PLANNED
1451,B1+,Customer Service,a routine everyday need involving customer service & complaints,Negotiating a practical solution about a routine everyday need involving customer service & complaints,Giao tiếp mở rộng: customer service & complaints — a routine everyday need involving customer service & complaints,negotiate a practical solution about a routine everyday need involving customer service & complaints; complete the exchange naturally at B1+.,650–850,4–5,Ms Lan,Mr James (or another context-appropriate named Mr/Ms character),PLANNED
1452,B1+,Technology,a routine everyday need involving technology & devices,Negotiating a practical solution about a routine everyday need involving technology & devices,Giao tiếp mở rộng: technology & devices — a routine everyday need involving technology & devices,negotiate a practical solution about a routine everyday need involving technology & devices; complete the exchange naturally at B1+.,650–850,4–5,Ms Lan,Ms Sarah (or another context-appropriate named Mr/Ms character),PLANNED
1453,B1+,Technology,a routine everyday need involving internet & online accounts,Negotiating a practical solution about a routine everyday need involving internet & online accounts,Giao tiếp mở rộng: internet & online accounts — a routine everyday need involving internet & online accounts,negotiate a practical solution about a routine everyday need involving internet & online accounts; complete the exchange naturally at B1+.,650–850,4–5,Ms Lan,Mr Daniel (or another context-appropriate named Mr/Ms character),PLANNED
1454,B1+,Leisure,a routine everyday need involving entertainment & events,Negotiating a practical solution about a routine everyday need involving entertainment & events,Giao tiếp mở rộng: entertainment & events — a routine everyday need involving entertainment & events,negotiate a practical solution about a routine everyday need involving entertainment & events; complete the exchange naturally at B1+.,650–850,4–5,Ms Lan,Ms Olivia (or another context-appropriate named Mr/Ms character),PLANNED
1455,B1+,Leisure,a routine everyday need involving sports & hobbies,Negotiating a practical solution about a routine everyday need involving sports & hobbies,Giao tiếp mở rộng: sports & hobbies — a routine everyday need involving sports & hobbies,negotiate a practical solution about a routine everyday need involving sports & hobbies; complete the exchange naturally at B1+.,650–850,4–5,Ms Lan,Mr Thomas (or another context-appropriate named Mr/Ms character),PLANNED
1456,B1+,Relationships,a routine everyday need involving friends & social plans,Negotiating a practical solution about a routine everyday need involving friends & social plans,Giao tiếp mở rộng: friends & social plans — a routine everyday need involving friends & social plans,negotiate a practical solution about a routine everyday need involving friends & social plans; complete the exchange naturally at B1+.,650–850,4–5,Ms Lan,Ms Sophie (or another context-appropriate named Mr/Ms character),PLANNED
1457,B1+,Social Life,a routine everyday need involving invitations & visits,Negotiating a practical solution about a routine everyday need involving invitations & visits,Giao tiếp mở rộng: invitations & visits — a routine everyday need involving invitations & visits,negotiate a practical solution about a routine everyday need involving invitations & visits; complete the exchange naturally at B1+.,650–850,4–5,Ms Lan,Mr Michael (or another context-appropriate named Mr/Ms character),PLANNED
1458,B1+,Community,a routine everyday need involving community & neighbours,Negotiating a practical solution about a routine everyday need involving community & neighbours,Giao tiếp mở rộng: community & neighbours — a routine everyday need involving community & neighbours,negotiate a practical solution about a routine everyday need involving community & neighbours; complete the exchange naturally at B1+.,650–850,4–5,Ms Lan,Ms Grace (or another context-appropriate named Mr/Ms character),PLANNED
1459,B1+,Travel Problems,a routine everyday need involving travel problems & changes,Negotiating a practical solution about a routine everyday need involving travel problems & changes,Giao tiếp mở rộng: travel problems & changes — a routine everyday need involving travel problems & changes,negotiate a practical solution about a routine everyday need involving travel problems & changes; complete the exchange naturally at B1+.,650–850,4–5,Ms Lan,Mr Henry (or another context-appropriate named Mr/Ms character),PLANNED
1460,B1+,Problems,a routine everyday need involving lost property & missing items,Negotiating a practical solution about a routine everyday need involving lost property & missing items,Giao tiếp mở rộng: lost property & missing items — a routine everyday need involving lost property & missing items,negotiate a practical solution about a routine everyday need involving lost property & missing items; complete the exchange naturally at B1+.,650–850,4–5,Ms Lan,Ms Anna (or another context-appropriate named Mr/Ms character),PLANNED
1461,B1+,Emergencies,a routine everyday need involving emergencies & asking for help,Negotiating a practical solution about a routine everyday need involving emergencies & asking for help,Giao tiếp mở rộng: emergencies & asking for help — a routine everyday need involving emergencies & asking for help,negotiate a practical solution about a routine everyday need involving emergencies & asking for help; complete the exchange naturally at B1+.,650–850,4–5,Ms Lan,Mr David (or another context-appropriate named Mr/Ms character),PLANNED
1462,B1+,Public Life,"a routine everyday need involving rules, permission & public places","Negotiating a practical solution about a routine everyday need involving rules, permission & public places","Giao tiếp mở rộng: rules, permission & public places — a routine everyday need involving rules, permission & public places","negotiate a practical solution about a routine everyday need involving rules, permission & public places; complete the exchange naturally at B1+.",650–850,4–5,Ms Lan,Ms Emma (or another context-appropriate named Mr/Ms character),PLANNED
1463,B1+,Housing,a routine everyday need involving renting & moving home,Negotiating a practical solution about a routine everyday need involving renting & moving home,Giao tiếp mở rộng: renting & moving home — a routine everyday need involving renting & moving home,negotiate a practical solution about a routine everyday need involving renting & moving home; complete the exchange naturally at B1+.,650–850,4–5,Ms Lan,Mr James (or another context-appropriate named Mr/Ms character),PLANNED
1464,B1+,Housing,a routine everyday need involving utilities & household bills,Negotiating a practical solution about a routine everyday need involving utilities & household bills,Giao tiếp mở rộng: utilities & household bills — a routine everyday need involving utilities & household bills,negotiate a practical solution about a routine everyday need involving utilities & household bills; complete the exchange naturally at B1+.,650–850,4–5,Ms Lan,Ms Sarah (or another context-appropriate named Mr/Ms character),PLANNED
1465,B1+,Public Services,a routine everyday need involving government/public services,Negotiating a practical solution about a routine everyday need involving government/public services,Giao tiếp mở rộng: government/public services — a routine everyday need involving government/public services,negotiate a practical solution about a routine everyday need involving government/public services; complete the exchange naturally at B1+.,650–850,4–5,Ms Lan,Mr Daniel (or another context-appropriate named Mr/Ms character),PLANNED
1466,B1+,Culture,a routine everyday need involving cultural differences & etiquette,Negotiating a practical solution about a routine everyday need involving cultural differences & etiquette,Giao tiếp mở rộng: cultural differences & etiquette — a routine everyday need involving cultural differences & etiquette,negotiate a practical solution about a routine everyday need involving cultural differences & etiquette; complete the exchange naturally at B1+.,650–850,4–5,Ms Lan,Ms Olivia (or another context-appropriate named Mr/Ms character),PLANNED
1467,B1+,Interaction,a routine everyday need involving opinions & preferences,Negotiating a practical solution about a routine everyday need involving opinions & preferences,Giao tiếp mở rộng: opinions & preferences — a routine everyday need involving opinions & preferences,negotiate a practical solution about a routine everyday need involving opinions & preferences; complete the exchange naturally at B1+.,650–850,4–5,Ms Lan,Mr Thomas (or another context-appropriate named Mr/Ms character),PLANNED
1468,B1+,Interaction,"a routine everyday need involving plans, decisions & changes","Negotiating a practical solution about a routine everyday need involving plans, decisions & changes","Giao tiếp mở rộng: plans, decisions & changes — a routine everyday need involving plans, decisions & changes","negotiate a practical solution about a routine everyday need involving plans, decisions & changes; complete the exchange naturally at B1+.",650–850,4–5,Ms Lan,Ms Sophie (or another context-appropriate named Mr/Ms character),PLANNED
1469,B1+,Interaction,a routine everyday need involving explaining experiences & stories,Negotiating a practical solution about a routine everyday need involving explaining experiences & stories,Giao tiếp mở rộng: explaining experiences & stories — a routine everyday need involving explaining experiences & stories,negotiate a practical solution about a routine everyday need involving explaining experiences & stories; complete the exchange naturally at B1+.,650–850,4–5,Ms Lan,Mr Michael (or another context-appropriate named Mr/Ms character),PLANNED
1470,B1+,Interaction,a routine everyday need involving clarifying & repairing communication,Negotiating a practical solution about a routine everyday need involving clarifying & repairing communication,Giao tiếp mở rộng: clarifying & repairing communication — a routine everyday need involving clarifying & repairing communication,negotiate a practical solution about a routine everyday need involving clarifying & repairing communication; complete the exchange naturally at B1+.,650–850,4–5,Ms Lan,Ms Grace (or another context-appropriate named Mr/Ms character),PLANNED
1471,B1+,Interaction,a routine everyday need involving disagreement & boundaries,Negotiating a practical solution about a routine everyday need involving disagreement & boundaries,Giao tiếp mở rộng: disagreement & boundaries — a routine everyday need involving disagreement & boundaries,negotiate a practical solution about a routine everyday need involving disagreement & boundaries; complete the exchange naturally at B1+.,650–850,4–5,Ms Lan,Mr Henry (or another context-appropriate named Mr/Ms character),PLANNED
1472,B1+,Interaction,a routine everyday need involving negotiation & compromise,Negotiating a practical solution about a routine everyday need involving negotiation & compromise,Giao tiếp mở rộng: negotiation & compromise — a routine everyday need involving negotiation & compromise,negotiate a practical solution about a routine everyday need involving negotiation & compromise; complete the exchange naturally at B1+.,650–850,4–5,Ms Lan,Ms Anna (or another context-appropriate named Mr/Ms character),PLANNED
1473,B1+,Interaction,a routine everyday need involving unexpected situations & problem solving,Negotiating a practical solution about a routine everyday need involving unexpected situations & problem solving,Giao tiếp mở rộng: unexpected situations & problem solving — a routine everyday need involving unexpected situations & problem solving,negotiate a practical solution about a routine everyday need involving unexpected situations & problem solving; complete the exchange naturally at B1+.,650–850,4–5,Ms Lan,Mr David (or another context-appropriate named Mr/Ms character),PLANNED
1474,B1+,Society,a routine everyday need involving news & everyday current events,Negotiating a practical solution about a routine everyday need involving news & everyday current events,Giao tiếp mở rộng: news & everyday current events — a routine everyday need involving news & everyday current events,negotiate a practical solution about a routine everyday need involving news & everyday current events; complete the exchange naturally at B1+.,650–850,4–5,Ms Lan,Ms Emma (or another context-appropriate named Mr/Ms character),PLANNED
1475,B1+,Society,a routine everyday need involving environment & local issues,Negotiating a practical solution about a routine everyday need involving environment & local issues,Giao tiếp mở rộng: environment & local issues — a routine everyday need involving environment & local issues,negotiate a practical solution about a routine everyday need involving environment & local issues; complete the exchange naturally at B1+.,650–850,4–5,Ms Lan,Mr James (or another context-appropriate named Mr/Ms character),PLANNED
1476,B1+,Travel,a routine everyday need involving travel experiences & recommendations,Negotiating a practical solution about a routine everyday need involving travel experiences & recommendations,Giao tiếp mở rộng: travel experiences & recommendations — a routine everyday need involving travel experiences & recommendations,negotiate a practical solution about a routine everyday need involving travel experiences & recommendations; complete the exchange naturally at B1+.,650–850,4–5,Ms Lan,Ms Sarah (or another context-appropriate named Mr/Ms character),PLANNED
1477,B1+,Life Management,a routine everyday need involving work-life balance & personal goals,Negotiating a practical solution about a routine everyday need involving work-life balance & personal goals,Giao tiếp mở rộng: work-life balance & personal goals — a routine everyday need involving work-life balance & personal goals,negotiate a practical solution about a routine everyday need involving work-life balance & personal goals; complete the exchange naturally at B1+.,650–850,4–5,Ms Lan,Mr Daniel (or another context-appropriate named Mr/Ms character),PLANNED
1478,B1+,Learning,a routine everyday need involving learning strategies & self-improvement,Negotiating a practical solution about a routine everyday need involving learning strategies & self-improvement,Giao tiếp mở rộng: learning strategies & self-improvement — a routine everyday need involving learning strategies & self-improvement,negotiate a practical solution about a routine everyday need involving learning strategies & self-improvement; complete the exchange naturally at B1+.,650–850,4–5,Ms Lan,Ms Olivia (or another context-appropriate named Mr/Ms character),PLANNED
1479,B1+,Relationships,"a routine everyday need involving relationships, feelings & sensitive conversations","Negotiating a practical solution about a routine everyday need involving relationships, feelings & sensitive conversations","Giao tiếp mở rộng: relationships, feelings & sensitive conversations — a routine everyday need involving relationships, feelings & sensitive conversations","negotiate a practical solution about a routine everyday need involving relationships, feelings & sensitive conversations; complete the exchange naturally at B1+.",650–850,4–5,Ms Lan,Mr Thomas (or another context-appropriate named Mr/Ms character),PLANNED
1480,B1+,Consumer Life,a routine everyday need involving complex services & consumer decisions,Negotiating a practical solution about a routine everyday need involving complex services & consumer decisions,Giao tiếp mở rộng: complex services & consumer decisions — a routine everyday need involving complex services & consumer decisions,negotiate a practical solution about a routine everyday need involving complex services & consumer decisions; complete the exchange naturally at B1+.,650–850,4–5,Ms Lan,Ms Sophie (or another context-appropriate named Mr/Ms character),PLANNED
1481,B1+,Travel,checking an important detail about hotels & accommodation,Negotiating a practical solution about checking an important detail about hotels & accommodation,Giao tiếp mở rộng: hotels & accommodation — checking an important detail about hotels & accommodation,negotiate a practical solution about checking an important detail about hotels & accommodation; complete the exchange naturally at B1+.,650–850,4–5,Ms Lan,Mr Michael (or another context-appropriate named Mr/Ms character),PLANNED
1482,B1+,Travel,checking an important detail about airports & flights,Negotiating a practical solution about checking an important detail about airports & flights,Giao tiếp mở rộng: airports & flights — checking an important detail about airports & flights,negotiate a practical solution about checking an important detail about airports & flights; complete the exchange naturally at B1+.,650–850,4–5,Ms Lan,Ms Grace (or another context-appropriate named Mr/Ms character),PLANNED
1483,B1+,Travel,checking an important detail about train & coach travel,Negotiating a practical solution about checking an important detail about train & coach travel,Giao tiếp mở rộng: train & coach travel — checking an important detail about train & coach travel,negotiate a practical solution about checking an important detail about train & coach travel; complete the exchange naturally at B1+.,650–850,4–5,Ms Lan,Mr Henry (or another context-appropriate named Mr/Ms character),PLANNED
1484,B1+,Driving,"checking an important detail about driving, parking & fuel","Negotiating a practical solution about checking an important detail about driving, parking & fuel","Giao tiếp mở rộng: driving, parking & fuel — checking an important detail about driving, parking & fuel","negotiate a practical solution about checking an important detail about driving, parking & fuel; complete the exchange naturally at B1+.",650–850,4–5,Ms Lan,Ms Anna (or another context-appropriate named Mr/Ms character),PLANNED
1485,B1+,Health Services,checking an important detail about health services & pharmacy,Negotiating a practical solution about checking an important detail about health services & pharmacy,Giao tiếp mở rộng: health services & pharmacy — checking an important detail about health services & pharmacy,negotiate a practical solution about checking an important detail about health services & pharmacy; complete the exchange naturally at B1+.,650–850,4–5,Ms Lan,Mr David (or another context-appropriate named Mr/Ms character),PLANNED
1486,B1+,Wellbeing,checking an important detail about fitness & wellbeing routines,Negotiating a practical solution about checking an important detail about fitness & wellbeing routines,Giao tiếp mở rộng: fitness & wellbeing routines — checking an important detail about fitness & wellbeing routines,negotiate a practical solution about checking an important detail about fitness & wellbeing routines; complete the exchange naturally at B1+.,650–850,4–5,Ms Lan,Ms Emma (or another context-appropriate named Mr/Ms character),PLANNED
1487,B1+,Services,checking an important detail about personal care services,Negotiating a practical solution about checking an important detail about personal care services,Giao tiếp mở rộng: personal care services — checking an important detail about personal care services,negotiate a practical solution about checking an important detail about personal care services; complete the exchange naturally at B1+.,650–850,4–5,Ms Lan,Mr James (or another context-appropriate named Mr/Ms character),PLANNED
1488,B1+,Money,checking an important detail about banking & everyday money,Negotiating a practical solution about checking an important detail about banking & everyday money,Giao tiếp mở rộng: banking & everyday money — checking an important detail about banking & everyday money,negotiate a practical solution about checking an important detail about banking & everyday money; complete the exchange naturally at B1+.,650–850,4–5,Ms Lan,Ms Sarah (or another context-appropriate named Mr/Ms character),PLANNED
1489,B1+,Services,"checking an important detail about post, courier & deliveries","Negotiating a practical solution about checking an important detail about post, courier & deliveries","Giao tiếp mở rộng: post, courier & deliveries — checking an important detail about post, courier & deliveries","negotiate a practical solution about checking an important detail about post, courier & deliveries; complete the exchange naturally at B1+.",650–850,4–5,Ms Lan,Mr Daniel (or another context-appropriate named Mr/Ms character),PLANNED
1490,B1+,Services,checking an important detail about repairs & home services,Negotiating a practical solution about checking an important detail about repairs & home services,Giao tiếp mở rộng: repairs & home services — checking an important detail about repairs & home services,negotiate a practical solution about checking an important detail about repairs & home services; complete the exchange naturally at B1+.,650–850,4–5,Ms Lan,Ms Olivia (or another context-appropriate named Mr/Ms character),PLANNED
1491,B1+,Customer Service,checking an important detail about customer service & complaints,Negotiating a practical solution about checking an important detail about customer service & complaints,Giao tiếp mở rộng: customer service & complaints — checking an important detail about customer service & complaints,negotiate a practical solution about checking an important detail about customer service & complaints; complete the exchange naturally at B1+.,650–850,4–5,Ms Lan,Mr Thomas (or another context-appropriate named Mr/Ms character),PLANNED
1492,B1+,Technology,checking an important detail about technology & devices,Negotiating a practical solution about checking an important detail about technology & devices,Giao tiếp mở rộng: technology & devices — checking an important detail about technology & devices,negotiate a practical solution about checking an important detail about technology & devices; complete the exchange naturally at B1+.,650–850,4–5,Ms Lan,Ms Sophie (or another context-appropriate named Mr/Ms character),PLANNED
1493,B1+,Technology,checking an important detail about internet & online accounts,Negotiating a practical solution about checking an important detail about internet & online accounts,Giao tiếp mở rộng: internet & online accounts — checking an important detail about internet & online accounts,negotiate a practical solution about checking an important detail about internet & online accounts; complete the exchange naturally at B1+.,650–850,4–5,Ms Lan,Mr Michael (or another context-appropriate named Mr/Ms character),PLANNED
1494,B1+,Leisure,checking an important detail about entertainment & events,Negotiating a practical solution about checking an important detail about entertainment & events,Giao tiếp mở rộng: entertainment & events — checking an important detail about entertainment & events,negotiate a practical solution about checking an important detail about entertainment & events; complete the exchange naturally at B1+.,650–850,4–5,Ms Lan,Ms Grace (or another context-appropriate named Mr/Ms character),PLANNED
1495,B1+,Leisure,checking an important detail about sports & hobbies,Negotiating a practical solution about checking an important detail about sports & hobbies,Giao tiếp mở rộng: sports & hobbies — checking an important detail about sports & hobbies,negotiate a practical solution about checking an important detail about sports & hobbies; complete the exchange naturally at B1+.,650–850,4–5,Ms Lan,Mr Henry (or another context-appropriate named Mr/Ms character),PLANNED
1496,B1+,Relationships,checking an important detail about friends & social plans,Negotiating a practical solution about checking an important detail about friends & social plans,Giao tiếp mở rộng: friends & social plans — checking an important detail about friends & social plans,negotiate a practical solution about checking an important detail about friends & social plans; complete the exchange naturally at B1+.,650–850,4–5,Ms Lan,Ms Anna (or another context-appropriate named Mr/Ms character),PLANNED
1497,B1+,Social Life,checking an important detail about invitations & visits,Negotiating a practical solution about checking an important detail about invitations & visits,Giao tiếp mở rộng: invitations & visits — checking an important detail about invitations & visits,negotiate a practical solution about checking an important detail about invitations & visits; complete the exchange naturally at B1+.,650–850,4–5,Ms Lan,Mr David (or another context-appropriate named Mr/Ms character),PLANNED
1498,B1+,Community,checking an important detail about community & neighbours,Negotiating a practical solution about checking an important detail about community & neighbours,Giao tiếp mở rộng: community & neighbours — checking an important detail about community & neighbours,negotiate a practical solution about checking an important detail about community & neighbours; complete the exchange naturally at B1+.,650–850,4–5,Ms Lan,Ms Emma (or another context-appropriate named Mr/Ms character),PLANNED
1499,B1+,Travel Problems,checking an important detail about travel problems & changes,Negotiating a practical solution about checking an important detail about travel problems & changes,Giao tiếp mở rộng: travel problems & changes — checking an important detail about travel problems & changes,negotiate a practical solution about checking an important detail about travel problems & changes; complete the exchange naturally at B1+.,650–850,4–5,Ms Lan,Mr James (or another context-appropriate named Mr/Ms character),PLANNED
1500,B1+,Problems,checking an important detail about lost property & missing items,Negotiating a practical solution about checking an important detail about lost property & missing items,Giao tiếp mở rộng: lost property & missing items — checking an important detail about lost property & missing items,negotiate a practical solution about checking an important detail about lost property & missing items; complete the exchange naturally at B1+.,650–850,4–5,Ms Lan,Ms Sarah (or another context-appropriate named Mr/Ms character),PLANNED
1501,B1+,Emergencies,checking an important detail about emergencies & asking for help,Negotiating a practical solution about checking an important detail about emergencies & asking for help,Giao tiếp mở rộng: emergencies & asking for help — checking an important detail about emergencies & asking for help,negotiate a practical solution about checking an important detail about emergencies & asking for help; complete the exchange naturally at B1+.,650–850,4–5,Ms Lan,Mr Daniel (or another context-appropriate named Mr/Ms character),PLANNED
1502,B1+,Public Life,"checking an important detail about rules, permission & public places","Negotiating a practical solution about checking an important detail about rules, permission & public places","Giao tiếp mở rộng: rules, permission & public places — checking an important detail about rules, permission & public places","negotiate a practical solution about checking an important detail about rules, permission & public places; complete the exchange naturally at B1+.",650–850,4–5,Ms Lan,Ms Olivia (or another context-appropriate named Mr/Ms character),PLANNED
1503,B1+,Housing,checking an important detail about renting & moving home,Negotiating a practical solution about checking an important detail about renting & moving home,Giao tiếp mở rộng: renting & moving home — checking an important detail about renting & moving home,negotiate a practical solution about checking an important detail about renting & moving home; complete the exchange naturally at B1+.,650–850,4–5,Ms Lan,Mr Thomas (or another context-appropriate named Mr/Ms character),PLANNED
1504,B1+,Housing,checking an important detail about utilities & household bills,Negotiating a practical solution about checking an important detail about utilities & household bills,Giao tiếp mở rộng: utilities & household bills — checking an important detail about utilities & household bills,negotiate a practical solution about checking an important detail about utilities & household bills; complete the exchange naturally at B1+.,650–850,4–5,Ms Lan,Ms Sophie (or another context-appropriate named Mr/Ms character),PLANNED
1505,B1+,Public Services,checking an important detail about government/public services,Negotiating a practical solution about checking an important detail about government/public services,Giao tiếp mở rộng: government/public services — checking an important detail about government/public services,negotiate a practical solution about checking an important detail about government/public services; complete the exchange naturally at B1+.,650–850,4–5,Ms Lan,Mr Michael (or another context-appropriate named Mr/Ms character),PLANNED
1506,B1+,Culture,checking an important detail about cultural differences & etiquette,Negotiating a practical solution about checking an important detail about cultural differences & etiquette,Giao tiếp mở rộng: cultural differences & etiquette — checking an important detail about cultural differences & etiquette,negotiate a practical solution about checking an important detail about cultural differences & etiquette; complete the exchange naturally at B1+.,650–850,4–5,Ms Lan,Ms Grace (or another context-appropriate named Mr/Ms character),PLANNED
1507,B1+,Interaction,checking an important detail about opinions & preferences,Negotiating a practical solution about checking an important detail about opinions & preferences,Giao tiếp mở rộng: opinions & preferences — checking an important detail about opinions & preferences,negotiate a practical solution about checking an important detail about opinions & preferences; complete the exchange naturally at B1+.,650–850,4–5,Ms Lan,Mr Henry (or another context-appropriate named Mr/Ms character),PLANNED
1508,B1+,Interaction,"checking an important detail about plans, decisions & changes","Negotiating a practical solution about checking an important detail about plans, decisions & changes","Giao tiếp mở rộng: plans, decisions & changes — checking an important detail about plans, decisions & changes","negotiate a practical solution about checking an important detail about plans, decisions & changes; complete the exchange naturally at B1+.",650–850,4–5,Ms Lan,Ms Anna (or another context-appropriate named Mr/Ms character),PLANNED
1509,B1+,Interaction,checking an important detail about explaining experiences & stories,Negotiating a practical solution about checking an important detail about explaining experiences & stories,Giao tiếp mở rộng: explaining experiences & stories — checking an important detail about explaining experiences & stories,negotiate a practical solution about checking an important detail about explaining experiences & stories; complete the exchange naturally at B1+.,650–850,4–5,Ms Lan,Mr David (or another context-appropriate named Mr/Ms character),PLANNED
1510,B1+,Interaction,checking an important detail about clarifying & repairing communication,Negotiating a practical solution about checking an important detail about clarifying & repairing communication,Giao tiếp mở rộng: clarifying & repairing communication — checking an important detail about clarifying & repairing communication,negotiate a practical solution about checking an important detail about clarifying & repairing communication; complete the exchange naturally at B1+.,650–850,4–5,Ms Lan,Ms Emma (or another context-appropriate named Mr/Ms character),PLANNED
1511,B1+,Interaction,checking an important detail about disagreement & boundaries,Negotiating a practical solution about checking an important detail about disagreement & boundaries,Giao tiếp mở rộng: disagreement & boundaries — checking an important detail about disagreement & boundaries,negotiate a practical solution about checking an important detail about disagreement & boundaries; complete the exchange naturally at B1+.,650–850,4–5,Ms Lan,Mr James (or another context-appropriate named Mr/Ms character),PLANNED
1512,B1+,Interaction,checking an important detail about negotiation & compromise,Negotiating a practical solution about checking an important detail about negotiation & compromise,Giao tiếp mở rộng: negotiation & compromise — checking an important detail about negotiation & compromise,negotiate a practical solution about checking an important detail about negotiation & compromise; complete the exchange naturally at B1+.,650–850,4–5,Ms Lan,Ms Sarah (or another context-appropriate named Mr/Ms character),PLANNED
1513,B1+,Interaction,checking an important detail about unexpected situations & problem solving,Negotiating a practical solution about checking an important detail about unexpected situations & problem solving,Giao tiếp mở rộng: unexpected situations & problem solving — checking an important detail about unexpected situations & problem solving,negotiate a practical solution about checking an important detail about unexpected situations & problem solving; complete the exchange naturally at B1+.,650–850,4–5,Ms Lan,Mr Daniel (or another context-appropriate named Mr/Ms character),PLANNED
1514,B1+,Society,checking an important detail about news & everyday current events,Negotiating a practical solution about checking an important detail about news & everyday current events,Giao tiếp mở rộng: news & everyday current events — checking an important detail about news & everyday current events,negotiate a practical solution about checking an important detail about news & everyday current events; complete the exchange naturally at B1+.,650–850,4–5,Ms Lan,Ms Olivia (or another context-appropriate named Mr/Ms character),PLANNED
1515,B1+,Society,checking an important detail about environment & local issues,Negotiating a practical solution about checking an important detail about environment & local issues,Giao tiếp mở rộng: environment & local issues — checking an important detail about environment & local issues,negotiate a practical solution about checking an important detail about environment & local issues; complete the exchange naturally at B1+.,650–850,4–5,Ms Lan,Mr Thomas (or another context-appropriate named Mr/Ms character),PLANNED
1516,B1+,Travel,checking an important detail about travel experiences & recommendations,Negotiating a practical solution about checking an important detail about travel experiences & recommendations,Giao tiếp mở rộng: travel experiences & recommendations — checking an important detail about travel experiences & recommendations,negotiate a practical solution about checking an important detail about travel experiences & recommendations; complete the exchange naturally at B1+.,650–850,4–5,Ms Lan,Ms Sophie (or another context-appropriate named Mr/Ms character),PLANNED
1517,B1+,Life Management,checking an important detail about work-life balance & personal goals,Negotiating a practical solution about checking an important detail about work-life balance & personal goals,Giao tiếp mở rộng: work-life balance & personal goals — checking an important detail about work-life balance & personal goals,negotiate a practical solution about checking an important detail about work-life balance & personal goals; complete the exchange naturally at B1+.,650–850,4–5,Ms Lan,Mr Michael (or another context-appropriate named Mr/Ms character),PLANNED
1518,B1+,Learning,checking an important detail about learning strategies & self-improvement,Negotiating a practical solution about checking an important detail about learning strategies & self-improvement,Giao tiếp mở rộng: learning strategies & self-improvement — checking an important detail about learning strategies & self-improvement,negotiate a practical solution about checking an important detail about learning strategies & self-improvement; complete the exchange naturally at B1+.,650–850,4–5,Ms Lan,Ms Grace (or another context-appropriate named Mr/Ms character),PLANNED
1519,B1+,Relationships,"checking an important detail about relationships, feelings & sensitive conversations","Negotiating a practical solution about checking an important detail about relationships, feelings & sensitive conversations","Giao tiếp mở rộng: relationships, feelings & sensitive conversations — checking an important detail about relationships, feelings & sensitive conversations","negotiate a practical solution about checking an important detail about relationships, feelings & sensitive conversations; complete the exchange naturally at B1+.",650–850,4–5,Ms Lan,Mr Henry (or another context-appropriate named Mr/Ms character),PLANNED
1520,B1+,Consumer Life,checking an important detail about complex services & consumer decisions,Negotiating a practical solution about checking an important detail about complex services & consumer decisions,Giao tiếp mở rộng: complex services & consumer decisions — checking an important detail about complex services & consumer decisions,negotiate a practical solution about checking an important detail about complex services & consumer decisions; complete the exchange naturally at B1+.,650–850,4–5,Ms Lan,Ms Anna (or another context-appropriate named Mr/Ms character),PLANNED
1521,B1+,Travel,asking for help with hotels & accommodation,Negotiating a practical solution about asking for help with hotels & accommodation,Giao tiếp mở rộng: hotels & accommodation — asking for help with hotels & accommodation,negotiate a practical solution about asking for help with hotels & accommodation; complete the exchange naturally at B1+.,650–850,4–5,Ms Lan,Mr David (or another context-appropriate named Mr/Ms character),PLANNED
1522,B1+,Travel,asking for help with airports & flights,Negotiating a practical solution about asking for help with airports & flights,Giao tiếp mở rộng: airports & flights — asking for help with airports & flights,negotiate a practical solution about asking for help with airports & flights; complete the exchange naturally at B1+.,650–850,4–5,Ms Lan,Ms Emma (or another context-appropriate named Mr/Ms character),PLANNED
1523,B1+,Travel,asking for help with train & coach travel,Negotiating a practical solution about asking for help with train & coach travel,Giao tiếp mở rộng: train & coach travel — asking for help with train & coach travel,negotiate a practical solution about asking for help with train & coach travel; complete the exchange naturally at B1+.,650–850,4–5,Ms Lan,Mr James (or another context-appropriate named Mr/Ms character),PLANNED
1524,B1+,Driving,"asking for help with driving, parking & fuel","Negotiating a practical solution about asking for help with driving, parking & fuel","Giao tiếp mở rộng: driving, parking & fuel — asking for help with driving, parking & fuel","negotiate a practical solution about asking for help with driving, parking & fuel; complete the exchange naturally at B1+.",650–850,4–5,Ms Lan,Ms Sarah (or another context-appropriate named Mr/Ms character),PLANNED
1525,B1+,Health Services,asking for help with health services & pharmacy,Negotiating a practical solution about asking for help with health services & pharmacy,Giao tiếp mở rộng: health services & pharmacy — asking for help with health services & pharmacy,negotiate a practical solution about asking for help with health services & pharmacy; complete the exchange naturally at B1+.,650–850,4–5,Ms Lan,Mr Daniel (or another context-appropriate named Mr/Ms character),PLANNED
1526,B1+,Wellbeing,asking for help with fitness & wellbeing routines,Negotiating a practical solution about asking for help with fitness & wellbeing routines,Giao tiếp mở rộng: fitness & wellbeing routines — asking for help with fitness & wellbeing routines,negotiate a practical solution about asking for help with fitness & wellbeing routines; complete the exchange naturally at B1+.,650–850,4–5,Ms Lan,Ms Olivia (or another context-appropriate named Mr/Ms character),PLANNED
1527,B1+,Services,asking for help with personal care services,Negotiating a practical solution about asking for help with personal care services,Giao tiếp mở rộng: personal care services — asking for help with personal care services,negotiate a practical solution about asking for help with personal care services; complete the exchange naturally at B1+.,650–850,4–5,Ms Lan,Mr Thomas (or another context-appropriate named Mr/Ms character),PLANNED
1528,B1+,Money,asking for help with banking & everyday money,Negotiating a practical solution about asking for help with banking & everyday money,Giao tiếp mở rộng: banking & everyday money — asking for help with banking & everyday money,negotiate a practical solution about asking for help with banking & everyday money; complete the exchange naturally at B1+.,650–850,4–5,Ms Lan,Ms Sophie (or another context-appropriate named Mr/Ms character),PLANNED
1529,B1+,Services,"asking for help with post, courier & deliveries","Negotiating a practical solution about asking for help with post, courier & deliveries","Giao tiếp mở rộng: post, courier & deliveries — asking for help with post, courier & deliveries","negotiate a practical solution about asking for help with post, courier & deliveries; complete the exchange naturally at B1+.",650–850,4–5,Ms Lan,Mr Michael (or another context-appropriate named Mr/Ms character),PLANNED
1530,B1+,Services,asking for help with repairs & home services,Negotiating a practical solution about asking for help with repairs & home services,Giao tiếp mở rộng: repairs & home services — asking for help with repairs & home services,negotiate a practical solution about asking for help with repairs & home services; complete the exchange naturally at B1+.,650–850,4–5,Ms Lan,Ms Grace (or another context-appropriate named Mr/Ms character),PLANNED
1531,B1+,Customer Service,asking for help with customer service & complaints,Negotiating a practical solution about asking for help with customer service & complaints,Giao tiếp mở rộng: customer service & complaints — asking for help with customer service & complaints,negotiate a practical solution about asking for help with customer service & complaints; complete the exchange naturally at B1+.,650–850,4–5,Ms Lan,Mr Henry (or another context-appropriate named Mr/Ms character),PLANNED
1532,B1+,Technology,asking for help with technology & devices,Negotiating a practical solution about asking for help with technology & devices,Giao tiếp mở rộng: technology & devices — asking for help with technology & devices,negotiate a practical solution about asking for help with technology & devices; complete the exchange naturally at B1+.,650–850,4–5,Ms Lan,Ms Anna (or another context-appropriate named Mr/Ms character),PLANNED
1533,B1+,Technology,asking for help with internet & online accounts,Negotiating a practical solution about asking for help with internet & online accounts,Giao tiếp mở rộng: internet & online accounts — asking for help with internet & online accounts,negotiate a practical solution about asking for help with internet & online accounts; complete the exchange naturally at B1+.,650–850,4–5,Ms Lan,Mr David (or another context-appropriate named Mr/Ms character),PLANNED
1534,B1+,Leisure,asking for help with entertainment & events,Negotiating a practical solution about asking for help with entertainment & events,Giao tiếp mở rộng: entertainment & events — asking for help with entertainment & events,negotiate a practical solution about asking for help with entertainment & events; complete the exchange naturally at B1+.,650–850,4–5,Ms Lan,Ms Emma (or another context-appropriate named Mr/Ms character),PLANNED
1535,B1+,Leisure,asking for help with sports & hobbies,Negotiating a practical solution about asking for help with sports & hobbies,Giao tiếp mở rộng: sports & hobbies — asking for help with sports & hobbies,negotiate a practical solution about asking for help with sports & hobbies; complete the exchange naturally at B1+.,650–850,4–5,Ms Lan,Mr James (or another context-appropriate named Mr/Ms character),PLANNED
1536,B1+,Relationships,asking for help with friends & social plans,Negotiating a practical solution about asking for help with friends & social plans,Giao tiếp mở rộng: friends & social plans — asking for help with friends & social plans,negotiate a practical solution about asking for help with friends & social plans; complete the exchange naturally at B1+.,650–850,4–5,Ms Lan,Ms Sarah (or another context-appropriate named Mr/Ms character),PLANNED
1537,B1+,Social Life,asking for help with invitations & visits,Negotiating a practical solution about asking for help with invitations & visits,Giao tiếp mở rộng: invitations & visits — asking for help with invitations & visits,negotiate a practical solution about asking for help with invitations & visits; complete the exchange naturally at B1+.,650–850,4–5,Ms Lan,Mr Daniel (or another context-appropriate named Mr/Ms character),PLANNED
1538,B1+,Community,asking for help with community & neighbours,Negotiating a practical solution about asking for help with community & neighbours,Giao tiếp mở rộng: community & neighbours — asking for help with community & neighbours,negotiate a practical solution about asking for help with community & neighbours; complete the exchange naturally at B1+.,650–850,4–5,Ms Lan,Ms Olivia (or another context-appropriate named Mr/Ms character),PLANNED
1539,B1+,Travel Problems,asking for help with travel problems & changes,Negotiating a practical solution about asking for help with travel problems & changes,Giao tiếp mở rộng: travel problems & changes — asking for help with travel problems & changes,negotiate a practical solution about asking for help with travel problems & changes; complete the exchange naturally at B1+.,650–850,4–5,Ms Lan,Mr Thomas (or another context-appropriate named Mr/Ms character),PLANNED
1540,B1+,Problems,asking for help with lost property & missing items,Negotiating a practical solution about asking for help with lost property & missing items,Giao tiếp mở rộng: lost property & missing items — asking for help with lost property & missing items,negotiate a practical solution about asking for help with lost property & missing items; complete the exchange naturally at B1+.,650–850,4–5,Ms Lan,Ms Sophie (or another context-appropriate named Mr/Ms character),PLANNED
1541,B1+,Emergencies,asking for help with emergencies & asking for help,Negotiating a practical solution about asking for help with emergencies & asking for help,Giao tiếp mở rộng: emergencies & asking for help — asking for help with emergencies & asking for help,negotiate a practical solution about asking for help with emergencies & asking for help; complete the exchange naturally at B1+.,650–850,4–5,Ms Lan,Mr Michael (or another context-appropriate named Mr/Ms character),PLANNED
1542,B1+,Public Life,"asking for help with rules, permission & public places","Negotiating a practical solution about asking for help with rules, permission & public places","Giao tiếp mở rộng: rules, permission & public places — asking for help with rules, permission & public places","negotiate a practical solution about asking for help with rules, permission & public places; complete the exchange naturally at B1+.",650–850,4–5,Ms Lan,Ms Grace (or another context-appropriate named Mr/Ms character),PLANNED
1543,B1+,Housing,asking for help with renting & moving home,Negotiating a practical solution about asking for help with renting & moving home,Giao tiếp mở rộng: renting & moving home — asking for help with renting & moving home,negotiate a practical solution about asking for help with renting & moving home; complete the exchange naturally at B1+.,650–850,4–5,Ms Lan,Mr Henry (or another context-appropriate named Mr/Ms character),PLANNED
1544,B1+,Housing,asking for help with utilities & household bills,Negotiating a practical solution about asking for help with utilities & household bills,Giao tiếp mở rộng: utilities & household bills — asking for help with utilities & household bills,negotiate a practical solution about asking for help with utilities & household bills; complete the exchange naturally at B1+.,650–850,4–5,Ms Lan,Ms Anna (or another context-appropriate named Mr/Ms character),PLANNED
1545,B1+,Public Services,asking for help with government/public services,Negotiating a practical solution about asking for help with government/public services,Giao tiếp mở rộng: government/public services — asking for help with government/public services,negotiate a practical solution about asking for help with government/public services; complete the exchange naturally at B1+.,650–850,4–5,Ms Lan,Mr David (or another context-appropriate named Mr/Ms character),PLANNED
1546,B1+,Culture,asking for help with cultural differences & etiquette,Negotiating a practical solution about asking for help with cultural differences & etiquette,Giao tiếp mở rộng: cultural differences & etiquette — asking for help with cultural differences & etiquette,negotiate a practical solution about asking for help with cultural differences & etiquette; complete the exchange naturally at B1+.,650–850,4–5,Ms Lan,Ms Emma (or another context-appropriate named Mr/Ms character),PLANNED
1547,B1+,Interaction,asking for help with opinions & preferences,Negotiating a practical solution about asking for help with opinions & preferences,Giao tiếp mở rộng: opinions & preferences — asking for help with opinions & preferences,negotiate a practical solution about asking for help with opinions & preferences; complete the exchange naturally at B1+.,650–850,4–5,Ms Lan,Mr James (or another context-appropriate named Mr/Ms character),PLANNED
1548,B1+,Interaction,"asking for help with plans, decisions & changes","Negotiating a practical solution about asking for help with plans, decisions & changes","Giao tiếp mở rộng: plans, decisions & changes — asking for help with plans, decisions & changes","negotiate a practical solution about asking for help with plans, decisions & changes; complete the exchange naturally at B1+.",650–850,4–5,Ms Lan,Ms Sarah (or another context-appropriate named Mr/Ms character),PLANNED
1549,B1+,Interaction,asking for help with explaining experiences & stories,Negotiating a practical solution about asking for help with explaining experiences & stories,Giao tiếp mở rộng: explaining experiences & stories — asking for help with explaining experiences & stories,negotiate a practical solution about asking for help with explaining experiences & stories; complete the exchange naturally at B1+.,650–850,4–5,Ms Lan,Mr Daniel (or another context-appropriate named Mr/Ms character),PLANNED
1550,B1+,Interaction,asking for help with clarifying & repairing communication,Negotiating a practical solution about asking for help with clarifying & repairing communication,Giao tiếp mở rộng: clarifying & repairing communication — asking for help with clarifying & repairing communication,negotiate a practical solution about asking for help with clarifying & repairing communication; complete the exchange naturally at B1+.,650–850,4–5,Ms Lan,Ms Olivia (or another context-appropriate named Mr/Ms character),PLANNED
1551,B1+,Interaction,asking for help with disagreement & boundaries,Negotiating a practical solution about asking for help with disagreement & boundaries,Giao tiếp mở rộng: disagreement & boundaries — asking for help with disagreement & boundaries,negotiate a practical solution about asking for help with disagreement & boundaries; complete the exchange naturally at B1+.,650–850,4–5,Ms Lan,Mr Thomas (or another context-appropriate named Mr/Ms character),PLANNED
1552,B1+,Interaction,asking for help with negotiation & compromise,Negotiating a practical solution about asking for help with negotiation & compromise,Giao tiếp mở rộng: negotiation & compromise — asking for help with negotiation & compromise,negotiate a practical solution about asking for help with negotiation & compromise; complete the exchange naturally at B1+.,650–850,4–5,Ms Lan,Ms Sophie (or another context-appropriate named Mr/Ms character),PLANNED
1553,B1+,Interaction,asking for help with unexpected situations & problem solving,Negotiating a practical solution about asking for help with unexpected situations & problem solving,Giao tiếp mở rộng: unexpected situations & problem solving — asking for help with unexpected situations & problem solving,negotiate a practical solution about asking for help with unexpected situations & problem solving; complete the exchange naturally at B1+.,650–850,4–5,Ms Lan,Mr Michael (or another context-appropriate named Mr/Ms character),PLANNED
1554,B1+,Society,asking for help with news & everyday current events,Negotiating a practical solution about asking for help with news & everyday current events,Giao tiếp mở rộng: news & everyday current events — asking for help with news & everyday current events,negotiate a practical solution about asking for help with news & everyday current events; complete the exchange naturally at B1+.,650–850,4–5,Ms Lan,Ms Grace (or another context-appropriate named Mr/Ms character),PLANNED
1555,B1+,Society,asking for help with environment & local issues,Negotiating a practical solution about asking for help with environment & local issues,Giao tiếp mở rộng: environment & local issues — asking for help with environment & local issues,negotiate a practical solution about asking for help with environment & local issues; complete the exchange naturally at B1+.,650–850,4–5,Ms Lan,Mr Henry (or another context-appropriate named Mr/Ms character),PLANNED
1556,B1+,Travel,asking for help with travel experiences & recommendations,Negotiating a practical solution about asking for help with travel experiences & recommendations,Giao tiếp mở rộng: travel experiences & recommendations — asking for help with travel experiences & recommendations,negotiate a practical solution about asking for help with travel experiences & recommendations; complete the exchange naturally at B1+.,650–850,4–5,Ms Lan,Ms Anna (or another context-appropriate named Mr/Ms character),PLANNED
1557,B1+,Life Management,asking for help with work-life balance & personal goals,Negotiating a practical solution about asking for help with work-life balance & personal goals,Giao tiếp mở rộng: work-life balance & personal goals — asking for help with work-life balance & personal goals,negotiate a practical solution about asking for help with work-life balance & personal goals; complete the exchange naturally at B1+.,650–850,4–5,Ms Lan,Mr David (or another context-appropriate named Mr/Ms character),PLANNED
1558,B1+,Learning,asking for help with learning strategies & self-improvement,Negotiating a practical solution about asking for help with learning strategies & self-improvement,Giao tiếp mở rộng: learning strategies & self-improvement — asking for help with learning strategies & self-improvement,negotiate a practical solution about asking for help with learning strategies & self-improvement; complete the exchange naturally at B1+.,650–850,4–5,Ms Lan,Ms Emma (or another context-appropriate named Mr/Ms character),PLANNED
1559,B1+,Relationships,"asking for help with relationships, feelings & sensitive conversations","Negotiating a practical solution about asking for help with relationships, feelings & sensitive conversations","Giao tiếp mở rộng: relationships, feelings & sensitive conversations — asking for help with relationships, feelings & sensitive conversations","negotiate a practical solution about asking for help with relationships, feelings & sensitive conversations; complete the exchange naturally at B1+.",650–850,4–5,Ms Lan,Mr James (or another context-appropriate named Mr/Ms character),PLANNED
1560,B1+,Consumer Life,asking for help with complex services & consumer decisions,Negotiating a practical solution about asking for help with complex services & consumer decisions,Giao tiếp mở rộng: complex services & consumer decisions — asking for help with complex services & consumer decisions,negotiate a practical solution about asking for help with complex services & consumer decisions; complete the exchange naturally at B1+.,650–850,4–5,Ms Lan,Ms Sarah (or another context-appropriate named Mr/Ms character),PLANNED
1561,B1+,Travel,a change or choice involving hotels & accommodation,Negotiating a practical solution about a change or choice involving hotels & accommodation,Giao tiếp mở rộng: hotels & accommodation — a change or choice involving hotels & accommodation,negotiate a practical solution about a change or choice involving hotels & accommodation; complete the exchange naturally at B1+.,650–850,4–5,Ms Lan,Mr Daniel (or another context-appropriate named Mr/Ms character),PLANNED
1562,B1+,Travel,a change or choice involving airports & flights,Negotiating a practical solution about a change or choice involving airports & flights,Giao tiếp mở rộng: airports & flights — a change or choice involving airports & flights,negotiate a practical solution about a change or choice involving airports & flights; complete the exchange naturally at B1+.,650–850,4–5,Ms Lan,Ms Olivia (or another context-appropriate named Mr/Ms character),PLANNED
1563,B1+,Travel,a change or choice involving train & coach travel,Negotiating a practical solution about a change or choice involving train & coach travel,Giao tiếp mở rộng: train & coach travel — a change or choice involving train & coach travel,negotiate a practical solution about a change or choice involving train & coach travel; complete the exchange naturally at B1+.,650–850,4–5,Ms Lan,Mr Thomas (or another context-appropriate named Mr/Ms character),PLANNED
1564,B1+,Driving,"a change or choice involving driving, parking & fuel","Negotiating a practical solution about a change or choice involving driving, parking & fuel","Giao tiếp mở rộng: driving, parking & fuel — a change or choice involving driving, parking & fuel","negotiate a practical solution about a change or choice involving driving, parking & fuel; complete the exchange naturally at B1+.",650–850,4–5,Ms Lan,Ms Sophie (or another context-appropriate named Mr/Ms character),PLANNED
1565,B1+,Health Services,a change or choice involving health services & pharmacy,Negotiating a practical solution about a change or choice involving health services & pharmacy,Giao tiếp mở rộng: health services & pharmacy — a change or choice involving health services & pharmacy,negotiate a practical solution about a change or choice involving health services & pharmacy; complete the exchange naturally at B1+.,650–850,4–5,Ms Lan,Mr Michael (or another context-appropriate named Mr/Ms character),PLANNED
1566,B1+,Wellbeing,a change or choice involving fitness & wellbeing routines,Negotiating a practical solution about a change or choice involving fitness & wellbeing routines,Giao tiếp mở rộng: fitness & wellbeing routines — a change or choice involving fitness & wellbeing routines,negotiate a practical solution about a change or choice involving fitness & wellbeing routines; complete the exchange naturally at B1+.,650–850,4–5,Ms Lan,Ms Grace (or another context-appropriate named Mr/Ms character),PLANNED
1567,B1+,Services,a change or choice involving personal care services,Negotiating a practical solution about a change or choice involving personal care services,Giao tiếp mở rộng: personal care services — a change or choice involving personal care services,negotiate a practical solution about a change or choice involving personal care services; complete the exchange naturally at B1+.,650–850,4–5,Ms Lan,Mr Henry (or another context-appropriate named Mr/Ms character),PLANNED
1568,B1+,Money,a change or choice involving banking & everyday money,Negotiating a practical solution about a change or choice involving banking & everyday money,Giao tiếp mở rộng: banking & everyday money — a change or choice involving banking & everyday money,negotiate a practical solution about a change or choice involving banking & everyday money; complete the exchange naturally at B1+.,650–850,4–5,Ms Lan,Ms Anna (or another context-appropriate named Mr/Ms character),PLANNED
1569,B1+,Services,"a change or choice involving post, courier & deliveries","Negotiating a practical solution about a change or choice involving post, courier & deliveries","Giao tiếp mở rộng: post, courier & deliveries — a change or choice involving post, courier & deliveries","negotiate a practical solution about a change or choice involving post, courier & deliveries; complete the exchange naturally at B1+.",650–850,4–5,Ms Lan,Mr David (or another context-appropriate named Mr/Ms character),PLANNED
1570,B1+,Services,a change or choice involving repairs & home services,Negotiating a practical solution about a change or choice involving repairs & home services,Giao tiếp mở rộng: repairs & home services — a change or choice involving repairs & home services,negotiate a practical solution about a change or choice involving repairs & home services; complete the exchange naturally at B1+.,650–850,4–5,Ms Lan,Ms Emma (or another context-appropriate named Mr/Ms character),PLANNED
1571,B1+,Customer Service,a change or choice involving customer service & complaints,Negotiating a practical solution about a change or choice involving customer service & complaints,Giao tiếp mở rộng: customer service & complaints — a change or choice involving customer service & complaints,negotiate a practical solution about a change or choice involving customer service & complaints; complete the exchange naturally at B1+.,650–850,4–5,Ms Lan,Mr James (or another context-appropriate named Mr/Ms character),PLANNED
1572,B1+,Technology,a change or choice involving technology & devices,Negotiating a practical solution about a change or choice involving technology & devices,Giao tiếp mở rộng: technology & devices — a change or choice involving technology & devices,negotiate a practical solution about a change or choice involving technology & devices; complete the exchange naturally at B1+.,650–850,4–5,Ms Lan,Ms Sarah (or another context-appropriate named Mr/Ms character),PLANNED
1573,B1+,Technology,a change or choice involving internet & online accounts,Negotiating a practical solution about a change or choice involving internet & online accounts,Giao tiếp mở rộng: internet & online accounts — a change or choice involving internet & online accounts,negotiate a practical solution about a change or choice involving internet & online accounts; complete the exchange naturally at B1+.,650–850,4–5,Ms Lan,Mr Daniel (or another context-appropriate named Mr/Ms character),PLANNED
1574,B1+,Leisure,a change or choice involving entertainment & events,Negotiating a practical solution about a change or choice involving entertainment & events,Giao tiếp mở rộng: entertainment & events — a change or choice involving entertainment & events,negotiate a practical solution about a change or choice involving entertainment & events; complete the exchange naturally at B1+.,650–850,4–5,Ms Lan,Ms Olivia (or another context-appropriate named Mr/Ms character),PLANNED
1575,B1+,Leisure,a change or choice involving sports & hobbies,Negotiating a practical solution about a change or choice involving sports & hobbies,Giao tiếp mở rộng: sports & hobbies — a change or choice involving sports & hobbies,negotiate a practical solution about a change or choice involving sports & hobbies; complete the exchange naturally at B1+.,650–850,4–5,Ms Lan,Mr Thomas (or another context-appropriate named Mr/Ms character),PLANNED
1576,B1+,Relationships,a change or choice involving friends & social plans,Negotiating a practical solution about a change or choice involving friends & social plans,Giao tiếp mở rộng: friends & social plans — a change or choice involving friends & social plans,negotiate a practical solution about a change or choice involving friends & social plans; complete the exchange naturally at B1+.,650–850,4–5,Ms Lan,Ms Sophie (or another context-appropriate named Mr/Ms character),PLANNED
1577,B1+,Social Life,a change or choice involving invitations & visits,Negotiating a practical solution about a change or choice involving invitations & visits,Giao tiếp mở rộng: invitations & visits — a change or choice involving invitations & visits,negotiate a practical solution about a change or choice involving invitations & visits; complete the exchange naturally at B1+.,650–850,4–5,Ms Lan,Mr Michael (or another context-appropriate named Mr/Ms character),PLANNED
1578,B1+,Community,a change or choice involving community & neighbours,Negotiating a practical solution about a change or choice involving community & neighbours,Giao tiếp mở rộng: community & neighbours — a change or choice involving community & neighbours,negotiate a practical solution about a change or choice involving community & neighbours; complete the exchange naturally at B1+.,650–850,4–5,Ms Lan,Ms Grace (or another context-appropriate named Mr/Ms character),PLANNED
1579,B1+,Travel Problems,a change or choice involving travel problems & changes,Negotiating a practical solution about a change or choice involving travel problems & changes,Giao tiếp mở rộng: travel problems & changes — a change or choice involving travel problems & changes,negotiate a practical solution about a change or choice involving travel problems & changes; complete the exchange naturally at B1+.,650–850,4–5,Ms Lan,Mr Henry (or another context-appropriate named Mr/Ms character),PLANNED
1580,B1+,Problems,a change or choice involving lost property & missing items,Negotiating a practical solution about a change or choice involving lost property & missing items,Giao tiếp mở rộng: lost property & missing items — a change or choice involving lost property & missing items,negotiate a practical solution about a change or choice involving lost property & missing items; complete the exchange naturally at B1+.,650–850,4–5,Ms Lan,Ms Anna (or another context-appropriate named Mr/Ms character),PLANNED
1581,B1+,Emergencies,a change or choice involving emergencies & asking for help,Negotiating a practical solution about a change or choice involving emergencies & asking for help,Giao tiếp mở rộng: emergencies & asking for help — a change or choice involving emergencies & asking for help,negotiate a practical solution about a change or choice involving emergencies & asking for help; complete the exchange naturally at B1+.,650–850,4–5,Ms Lan,Mr David (or another context-appropriate named Mr/Ms character),PLANNED
1582,B1+,Public Life,"a change or choice involving rules, permission & public places","Negotiating a practical solution about a change or choice involving rules, permission & public places","Giao tiếp mở rộng: rules, permission & public places — a change or choice involving rules, permission & public places","negotiate a practical solution about a change or choice involving rules, permission & public places; complete the exchange naturally at B1+.",650–850,4–5,Ms Lan,Ms Emma (or another context-appropriate named Mr/Ms character),PLANNED
1583,B1+,Housing,a change or choice involving renting & moving home,Negotiating a practical solution about a change or choice involving renting & moving home,Giao tiếp mở rộng: renting & moving home — a change or choice involving renting & moving home,negotiate a practical solution about a change or choice involving renting & moving home; complete the exchange naturally at B1+.,650–850,4–5,Ms Lan,Mr James (or another context-appropriate named Mr/Ms character),PLANNED
1584,B1+,Housing,a change or choice involving utilities & household bills,Negotiating a practical solution about a change or choice involving utilities & household bills,Giao tiếp mở rộng: utilities & household bills — a change or choice involving utilities & household bills,negotiate a practical solution about a change or choice involving utilities & household bills; complete the exchange naturally at B1+.,650–850,4–5,Ms Lan,Ms Sarah (or another context-appropriate named Mr/Ms character),PLANNED
1585,B1+,Public Services,a change or choice involving government/public services,Negotiating a practical solution about a change or choice involving government/public services,Giao tiếp mở rộng: government/public services — a change or choice involving government/public services,negotiate a practical solution about a change or choice involving government/public services; complete the exchange naturally at B1+.,650–850,4–5,Ms Lan,Mr Daniel (or another context-appropriate named Mr/Ms character),PLANNED
1586,B1+,Culture,a change or choice involving cultural differences & etiquette,Negotiating a practical solution about a change or choice involving cultural differences & etiquette,Giao tiếp mở rộng: cultural differences & etiquette — a change or choice involving cultural differences & etiquette,negotiate a practical solution about a change or choice involving cultural differences & etiquette; complete the exchange naturally at B1+.,650–850,4–5,Ms Lan,Ms Olivia (or another context-appropriate named Mr/Ms character),PLANNED
1587,B1+,Interaction,a change or choice involving opinions & preferences,Negotiating a practical solution about a change or choice involving opinions & preferences,Giao tiếp mở rộng: opinions & preferences — a change or choice involving opinions & preferences,negotiate a practical solution about a change or choice involving opinions & preferences; complete the exchange naturally at B1+.,650–850,4–5,Ms Lan,Mr Thomas (or another context-appropriate named Mr/Ms character),PLANNED
1588,B1+,Interaction,"a change or choice involving plans, decisions & changes","Negotiating a practical solution about a change or choice involving plans, decisions & changes","Giao tiếp mở rộng: plans, decisions & changes — a change or choice involving plans, decisions & changes","negotiate a practical solution about a change or choice involving plans, decisions & changes; complete the exchange naturally at B1+.",650–850,4–5,Ms Lan,Ms Sophie (or another context-appropriate named Mr/Ms character),PLANNED
1589,B1+,Interaction,a change or choice involving explaining experiences & stories,Negotiating a practical solution about a change or choice involving explaining experiences & stories,Giao tiếp mở rộng: explaining experiences & stories — a change or choice involving explaining experiences & stories,negotiate a practical solution about a change or choice involving explaining experiences & stories; complete the exchange naturally at B1+.,650–850,4–5,Ms Lan,Mr Michael (or another context-appropriate named Mr/Ms character),PLANNED
1590,B1+,Interaction,a change or choice involving clarifying & repairing communication,Negotiating a practical solution about a change or choice involving clarifying & repairing communication,Giao tiếp mở rộng: clarifying & repairing communication — a change or choice involving clarifying & repairing communication,negotiate a practical solution about a change or choice involving clarifying & repairing communication; complete the exchange naturally at B1+.,650–850,4–5,Ms Lan,Ms Grace (or another context-appropriate named Mr/Ms character),PLANNED
1591,B1+,Interaction,a change or choice involving disagreement & boundaries,Negotiating a practical solution about a change or choice involving disagreement & boundaries,Giao tiếp mở rộng: disagreement & boundaries — a change or choice involving disagreement & boundaries,negotiate a practical solution about a change or choice involving disagreement & boundaries; complete the exchange naturally at B1+.,650–850,4–5,Ms Lan,Mr Henry (or another context-appropriate named Mr/Ms character),PLANNED
1592,B1+,Interaction,a change or choice involving negotiation & compromise,Negotiating a practical solution about a change or choice involving negotiation & compromise,Giao tiếp mở rộng: negotiation & compromise — a change or choice involving negotiation & compromise,negotiate a practical solution about a change or choice involving negotiation & compromise; complete the exchange naturally at B1+.,650–850,4–5,Ms Lan,Ms Anna (or another context-appropriate named Mr/Ms character),PLANNED
1593,B1+,Interaction,a change or choice involving unexpected situations & problem solving,Negotiating a practical solution about a change or choice involving unexpected situations & problem solving,Giao tiếp mở rộng: unexpected situations & problem solving — a change or choice involving unexpected situations & problem solving,negotiate a practical solution about a change or choice involving unexpected situations & problem solving; complete the exchange naturally at B1+.,650–850,4–5,Ms Lan,Mr David (or another context-appropriate named Mr/Ms character),PLANNED
1594,B1+,Society,a change or choice involving news & everyday current events,Negotiating a practical solution about a change or choice involving news & everyday current events,Giao tiếp mở rộng: news & everyday current events — a change or choice involving news & everyday current events,negotiate a practical solution about a change or choice involving news & everyday current events; complete the exchange naturally at B1+.,650–850,4–5,Ms Lan,Ms Emma (or another context-appropriate named Mr/Ms character),PLANNED
1595,B1+,Society,a change or choice involving environment & local issues,Negotiating a practical solution about a change or choice involving environment & local issues,Giao tiếp mở rộng: environment & local issues — a change or choice involving environment & local issues,negotiate a practical solution about a change or choice involving environment & local issues; complete the exchange naturally at B1+.,650–850,4–5,Ms Lan,Mr James (or another context-appropriate named Mr/Ms character),PLANNED
1596,B1+,Travel,a change or choice involving travel experiences & recommendations,Negotiating a practical solution about a change or choice involving travel experiences & recommendations,Giao tiếp mở rộng: travel experiences & recommendations — a change or choice involving travel experiences & recommendations,negotiate a practical solution about a change or choice involving travel experiences & recommendations; complete the exchange naturally at B1+.,650–850,4–5,Ms Lan,Ms Sarah (or another context-appropriate named Mr/Ms character),PLANNED
1597,B1+,Life Management,a change or choice involving work-life balance & personal goals,Negotiating a practical solution about a change or choice involving work-life balance & personal goals,Giao tiếp mở rộng: work-life balance & personal goals — a change or choice involving work-life balance & personal goals,negotiate a practical solution about a change or choice involving work-life balance & personal goals; complete the exchange naturally at B1+.,650–850,4–5,Ms Lan,Mr Daniel (or another context-appropriate named Mr/Ms character),PLANNED
1598,B1+,Learning,a change or choice involving learning strategies & self-improvement,Negotiating a practical solution about a change or choice involving learning strategies & self-improvement,Giao tiếp mở rộng: learning strategies & self-improvement — a change or choice involving learning strategies & self-improvement,negotiate a practical solution about a change or choice involving learning strategies & self-improvement; complete the exchange naturally at B1+.,650–850,4–5,Ms Lan,Ms Olivia (or another context-appropriate named Mr/Ms character),PLANNED
1599,B1+,Relationships,"a change or choice involving relationships, feelings & sensitive conversations","Negotiating a practical solution about a change or choice involving relationships, feelings & sensitive conversations","Giao tiếp mở rộng: relationships, feelings & sensitive conversations — a change or choice involving relationships, feelings & sensitive conversations","negotiate a practical solution about a change or choice involving relationships, feelings & sensitive conversations; complete the exchange naturally at B1+.",650–850,4–5,Ms Lan,Mr Thomas (or another context-appropriate named Mr/Ms character),PLANNED
1600,B1+,Consumer Life,a change or choice involving complex services & consumer decisions,Negotiating a practical solution about a change or choice involving complex services & consumer decisions,Giao tiếp mở rộng: complex services & consumer decisions — a change or choice involving complex services & consumer decisions,negotiate a practical solution about a change or choice involving complex services & consumer decisions; complete the exchange naturally at B1+.,650–850,4–5,Ms Lan,Ms Sophie (or another context-appropriate named Mr/Ms character),PLANNED
1601,B1+,Travel,a misunderstanding or problem involving hotels & accommodation,Negotiating a practical solution about a misunderstanding or problem involving hotels & accommodation,Giao tiếp mở rộng: hotels & accommodation — a misunderstanding or problem involving hotels & accommodation,negotiate a practical solution about a misunderstanding or problem involving hotels & accommodation; complete the exchange naturally at B1+.,650–850,4–5,Ms Lan,Mr Michael (or another context-appropriate named Mr/Ms character),PLANNED
1602,B1+,Travel,a misunderstanding or problem involving airports & flights,Negotiating a practical solution about a misunderstanding or problem involving airports & flights,Giao tiếp mở rộng: airports & flights — a misunderstanding or problem involving airports & flights,negotiate a practical solution about a misunderstanding or problem involving airports & flights; complete the exchange naturally at B1+.,650–850,4–5,Ms Lan,Ms Grace (or another context-appropriate named Mr/Ms character),PLANNED
1603,B1+,Travel,a misunderstanding or problem involving train & coach travel,Negotiating a practical solution about a misunderstanding or problem involving train & coach travel,Giao tiếp mở rộng: train & coach travel — a misunderstanding or problem involving train & coach travel,negotiate a practical solution about a misunderstanding or problem involving train & coach travel; complete the exchange naturally at B1+.,650–850,4–5,Ms Lan,Mr Henry (or another context-appropriate named Mr/Ms character),PLANNED
1604,B1+,Driving,"a misunderstanding or problem involving driving, parking & fuel","Negotiating a practical solution about a misunderstanding or problem involving driving, parking & fuel","Giao tiếp mở rộng: driving, parking & fuel — a misunderstanding or problem involving driving, parking & fuel","negotiate a practical solution about a misunderstanding or problem involving driving, parking & fuel; complete the exchange naturally at B1+.",650–850,4–5,Ms Lan,Ms Anna (or another context-appropriate named Mr/Ms character),PLANNED
1605,B1+,Health Services,a misunderstanding or problem involving health services & pharmacy,Negotiating a practical solution about a misunderstanding or problem involving health services & pharmacy,Giao tiếp mở rộng: health services & pharmacy — a misunderstanding or problem involving health services & pharmacy,negotiate a practical solution about a misunderstanding or problem involving health services & pharmacy; complete the exchange naturally at B1+.,650–850,4–5,Ms Lan,Mr David (or another context-appropriate named Mr/Ms character),PLANNED
1606,B1+,Wellbeing,a misunderstanding or problem involving fitness & wellbeing routines,Negotiating a practical solution about a misunderstanding or problem involving fitness & wellbeing routines,Giao tiếp mở rộng: fitness & wellbeing routines — a misunderstanding or problem involving fitness & wellbeing routines,negotiate a practical solution about a misunderstanding or problem involving fitness & wellbeing routines; complete the exchange naturally at B1+.,650–850,4–5,Ms Lan,Ms Emma (or another context-appropriate named Mr/Ms character),PLANNED
1607,B1+,Services,a misunderstanding or problem involving personal care services,Negotiating a practical solution about a misunderstanding or problem involving personal care services,Giao tiếp mở rộng: personal care services — a misunderstanding or problem involving personal care services,negotiate a practical solution about a misunderstanding or problem involving personal care services; complete the exchange naturally at B1+.,650–850,4–5,Ms Lan,Mr James (or another context-appropriate named Mr/Ms character),PLANNED
1608,B1+,Money,a misunderstanding or problem involving banking & everyday money,Negotiating a practical solution about a misunderstanding or problem involving banking & everyday money,Giao tiếp mở rộng: banking & everyday money — a misunderstanding or problem involving banking & everyday money,negotiate a practical solution about a misunderstanding or problem involving banking & everyday money; complete the exchange naturally at B1+.,650–850,4–5,Ms Lan,Ms Sarah (or another context-appropriate named Mr/Ms character),PLANNED
1609,B1+,Services,"a misunderstanding or problem involving post, courier & deliveries","Negotiating a practical solution about a misunderstanding or problem involving post, courier & deliveries","Giao tiếp mở rộng: post, courier & deliveries — a misunderstanding or problem involving post, courier & deliveries","negotiate a practical solution about a misunderstanding or problem involving post, courier & deliveries; complete the exchange naturally at B1+.",650–850,4–5,Ms Lan,Mr Daniel (or another context-appropriate named Mr/Ms character),PLANNED
1610,B1+,Services,a misunderstanding or problem involving repairs & home services,Negotiating a practical solution about a misunderstanding or problem involving repairs & home services,Giao tiếp mở rộng: repairs & home services — a misunderstanding or problem involving repairs & home services,negotiate a practical solution about a misunderstanding or problem involving repairs & home services; complete the exchange naturally at B1+.,650–850,4–5,Ms Lan,Ms Olivia (or another context-appropriate named Mr/Ms character),PLANNED
1611,B1+,Customer Service,a misunderstanding or problem involving customer service & complaints,Negotiating a practical solution about a misunderstanding or problem involving customer service & complaints,Giao tiếp mở rộng: customer service & complaints — a misunderstanding or problem involving customer service & complaints,negotiate a practical solution about a misunderstanding or problem involving customer service & complaints; complete the exchange naturally at B1+.,650–850,4–5,Ms Lan,Mr Thomas (or another context-appropriate named Mr/Ms character),PLANNED
1612,B1+,Technology,a misunderstanding or problem involving technology & devices,Negotiating a practical solution about a misunderstanding or problem involving technology & devices,Giao tiếp mở rộng: technology & devices — a misunderstanding or problem involving technology & devices,negotiate a practical solution about a misunderstanding or problem involving technology & devices; complete the exchange naturally at B1+.,650–850,4–5,Ms Lan,Ms Sophie (or another context-appropriate named Mr/Ms character),PLANNED
1613,B1+,Technology,a misunderstanding or problem involving internet & online accounts,Negotiating a practical solution about a misunderstanding or problem involving internet & online accounts,Giao tiếp mở rộng: internet & online accounts — a misunderstanding or problem involving internet & online accounts,negotiate a practical solution about a misunderstanding or problem involving internet & online accounts; complete the exchange naturally at B1+.,650–850,4–5,Ms Lan,Mr Michael (or another context-appropriate named Mr/Ms character),PLANNED
1614,B1+,Leisure,a misunderstanding or problem involving entertainment & events,Negotiating a practical solution about a misunderstanding or problem involving entertainment & events,Giao tiếp mở rộng: entertainment & events — a misunderstanding or problem involving entertainment & events,negotiate a practical solution about a misunderstanding or problem involving entertainment & events; complete the exchange naturally at B1+.,650–850,4–5,Ms Lan,Ms Grace (or another context-appropriate named Mr/Ms character),PLANNED
1615,B1+,Leisure,a misunderstanding or problem involving sports & hobbies,Negotiating a practical solution about a misunderstanding or problem involving sports & hobbies,Giao tiếp mở rộng: sports & hobbies — a misunderstanding or problem involving sports & hobbies,negotiate a practical solution about a misunderstanding or problem involving sports & hobbies; complete the exchange naturally at B1+.,650–850,4–5,Ms Lan,Mr Henry (or another context-appropriate named Mr/Ms character),PLANNED
1616,B1+,Relationships,a misunderstanding or problem involving friends & social plans,Negotiating a practical solution about a misunderstanding or problem involving friends & social plans,Giao tiếp mở rộng: friends & social plans — a misunderstanding or problem involving friends & social plans,negotiate a practical solution about a misunderstanding or problem involving friends & social plans; complete the exchange naturally at B1+.,650–850,4–5,Ms Lan,Ms Anna (or another context-appropriate named Mr/Ms character),PLANNED
1617,B1+,Social Life,a misunderstanding or problem involving invitations & visits,Negotiating a practical solution about a misunderstanding or problem involving invitations & visits,Giao tiếp mở rộng: invitations & visits — a misunderstanding or problem involving invitations & visits,negotiate a practical solution about a misunderstanding or problem involving invitations & visits; complete the exchange naturally at B1+.,650–850,4–5,Ms Lan,Mr David (or another context-appropriate named Mr/Ms character),PLANNED
1618,B1+,Community,a misunderstanding or problem involving community & neighbours,Negotiating a practical solution about a misunderstanding or problem involving community & neighbours,Giao tiếp mở rộng: community & neighbours — a misunderstanding or problem involving community & neighbours,negotiate a practical solution about a misunderstanding or problem involving community & neighbours; complete the exchange naturally at B1+.,650–850,4–5,Ms Lan,Ms Emma (or another context-appropriate named Mr/Ms character),PLANNED
1619,B1+,Travel Problems,a misunderstanding or problem involving travel problems & changes,Negotiating a practical solution about a misunderstanding or problem involving travel problems & changes,Giao tiếp mở rộng: travel problems & changes — a misunderstanding or problem involving travel problems & changes,negotiate a practical solution about a misunderstanding or problem involving travel problems & changes; complete the exchange naturally at B1+.,650–850,4–5,Ms Lan,Mr James (or another context-appropriate named Mr/Ms character),PLANNED
1620,B1+,Problems,a misunderstanding or problem involving lost property & missing items,Negotiating a practical solution about a misunderstanding or problem involving lost property & missing items,Giao tiếp mở rộng: lost property & missing items — a misunderstanding or problem involving lost property & missing items,negotiate a practical solution about a misunderstanding or problem involving lost property & missing items; complete the exchange naturally at B1+.,650–850,4–5,Ms Lan,Ms Sarah (or another context-appropriate named Mr/Ms character),PLANNED
1621,B1+,Emergencies,a misunderstanding or problem involving emergencies & asking for help,Negotiating a practical solution about a misunderstanding or problem involving emergencies & asking for help,Giao tiếp mở rộng: emergencies & asking for help — a misunderstanding or problem involving emergencies & asking for help,negotiate a practical solution about a misunderstanding or problem involving emergencies & asking for help; complete the exchange naturally at B1+.,650–850,4–5,Ms Lan,Mr Daniel (or another context-appropriate named Mr/Ms character),PLANNED
1622,B1+,Public Life,"a misunderstanding or problem involving rules, permission & public places","Negotiating a practical solution about a misunderstanding or problem involving rules, permission & public places","Giao tiếp mở rộng: rules, permission & public places — a misunderstanding or problem involving rules, permission & public places","negotiate a practical solution about a misunderstanding or problem involving rules, permission & public places; complete the exchange naturally at B1+.",650–850,4–5,Ms Lan,Ms Olivia (or another context-appropriate named Mr/Ms character),PLANNED
1623,B1+,Housing,a misunderstanding or problem involving renting & moving home,Negotiating a practical solution about a misunderstanding or problem involving renting & moving home,Giao tiếp mở rộng: renting & moving home — a misunderstanding or problem involving renting & moving home,negotiate a practical solution about a misunderstanding or problem involving renting & moving home; complete the exchange naturally at B1+.,650–850,4–5,Ms Lan,Mr Thomas (or another context-appropriate named Mr/Ms character),PLANNED
1624,B1+,Housing,a misunderstanding or problem involving utilities & household bills,Negotiating a practical solution about a misunderstanding or problem involving utilities & household bills,Giao tiếp mở rộng: utilities & household bills — a misunderstanding or problem involving utilities & household bills,negotiate a practical solution about a misunderstanding or problem involving utilities & household bills; complete the exchange naturally at B1+.,650–850,4–5,Ms Lan,Ms Sophie (or another context-appropriate named Mr/Ms character),PLANNED
1625,B1+,Public Services,a misunderstanding or problem involving government/public services,Negotiating a practical solution about a misunderstanding or problem involving government/public services,Giao tiếp mở rộng: government/public services — a misunderstanding or problem involving government/public services,negotiate a practical solution about a misunderstanding or problem involving government/public services; complete the exchange naturally at B1+.,650–850,4–5,Ms Lan,Mr Michael (or another context-appropriate named Mr/Ms character),PLANNED
1626,B1+,Culture,a misunderstanding or problem involving cultural differences & etiquette,Negotiating a practical solution about a misunderstanding or problem involving cultural differences & etiquette,Giao tiếp mở rộng: cultural differences & etiquette — a misunderstanding or problem involving cultural differences & etiquette,negotiate a practical solution about a misunderstanding or problem involving cultural differences & etiquette; complete the exchange naturally at B1+.,650–850,4–5,Ms Lan,Ms Grace (or another context-appropriate named Mr/Ms character),PLANNED
1627,B1+,Interaction,a misunderstanding or problem involving opinions & preferences,Negotiating a practical solution about a misunderstanding or problem involving opinions & preferences,Giao tiếp mở rộng: opinions & preferences — a misunderstanding or problem involving opinions & preferences,negotiate a practical solution about a misunderstanding or problem involving opinions & preferences; complete the exchange naturally at B1+.,650–850,4–5,Ms Lan,Mr Henry (or another context-appropriate named Mr/Ms character),PLANNED
1628,B1+,Interaction,"a misunderstanding or problem involving plans, decisions & changes","Negotiating a practical solution about a misunderstanding or problem involving plans, decisions & changes","Giao tiếp mở rộng: plans, decisions & changes — a misunderstanding or problem involving plans, decisions & changes","negotiate a practical solution about a misunderstanding or problem involving plans, decisions & changes; complete the exchange naturally at B1+.",650–850,4–5,Ms Lan,Ms Anna (or another context-appropriate named Mr/Ms character),PLANNED
1629,B1+,Interaction,a misunderstanding or problem involving explaining experiences & stories,Negotiating a practical solution about a misunderstanding or problem involving explaining experiences & stories,Giao tiếp mở rộng: explaining experiences & stories — a misunderstanding or problem involving explaining experiences & stories,negotiate a practical solution about a misunderstanding or problem involving explaining experiences & stories; complete the exchange naturally at B1+.,650–850,4–5,Ms Lan,Mr David (or another context-appropriate named Mr/Ms character),PLANNED
1630,B1+,Interaction,a misunderstanding or problem involving clarifying & repairing communication,Negotiating a practical solution about a misunderstanding or problem involving clarifying & repairing communication,Giao tiếp mở rộng: clarifying & repairing communication — a misunderstanding or problem involving clarifying & repairing communication,negotiate a practical solution about a misunderstanding or problem involving clarifying & repairing communication; complete the exchange naturally at B1+.,650–850,4–5,Ms Lan,Ms Emma (or another context-appropriate named Mr/Ms character),PLANNED
1631,B1+,Interaction,a misunderstanding or problem involving disagreement & boundaries,Negotiating a practical solution about a misunderstanding or problem involving disagreement & boundaries,Giao tiếp mở rộng: disagreement & boundaries — a misunderstanding or problem involving disagreement & boundaries,negotiate a practical solution about a misunderstanding or problem involving disagreement & boundaries; complete the exchange naturally at B1+.,650–850,4–5,Ms Lan,Mr James (or another context-appropriate named Mr/Ms character),PLANNED
1632,B1+,Interaction,a misunderstanding or problem involving negotiation & compromise,Negotiating a practical solution about a misunderstanding or problem involving negotiation & compromise,Giao tiếp mở rộng: negotiation & compromise — a misunderstanding or problem involving negotiation & compromise,negotiate a practical solution about a misunderstanding or problem involving negotiation & compromise; complete the exchange naturally at B1+.,650–850,4–5,Ms Lan,Ms Sarah (or another context-appropriate named Mr/Ms character),PLANNED
1633,B1+,Interaction,a misunderstanding or problem involving unexpected situations & problem solving,Negotiating a practical solution about a misunderstanding or problem involving unexpected situations & problem solving,Giao tiếp mở rộng: unexpected situations & problem solving — a misunderstanding or problem involving unexpected situations & problem solving,negotiate a practical solution about a misunderstanding or problem involving unexpected situations & problem solving; complete the exchange naturally at B1+.,650–850,4–5,Ms Lan,Mr Daniel (or another context-appropriate named Mr/Ms character),PLANNED
1634,B1+,Society,a misunderstanding or problem involving news & everyday current events,Negotiating a practical solution about a misunderstanding or problem involving news & everyday current events,Giao tiếp mở rộng: news & everyday current events — a misunderstanding or problem involving news & everyday current events,negotiate a practical solution about a misunderstanding or problem involving news & everyday current events; complete the exchange naturally at B1+.,650–850,4–5,Ms Lan,Ms Olivia (or another context-appropriate named Mr/Ms character),PLANNED
1635,B1+,Society,a misunderstanding or problem involving environment & local issues,Negotiating a practical solution about a misunderstanding or problem involving environment & local issues,Giao tiếp mở rộng: environment & local issues — a misunderstanding or problem involving environment & local issues,negotiate a practical solution about a misunderstanding or problem involving environment & local issues; complete the exchange naturally at B1+.,650–850,4–5,Ms Lan,Mr Thomas (or another context-appropriate named Mr/Ms character),PLANNED
1636,B1+,Travel,a misunderstanding or problem involving travel experiences & recommendations,Negotiating a practical solution about a misunderstanding or problem involving travel experiences & recommendations,Giao tiếp mở rộng: travel experiences & recommendations — a misunderstanding or problem involving travel experiences & recommendations,negotiate a practical solution about a misunderstanding or problem involving travel experiences & recommendations; complete the exchange naturally at B1+.,650–850,4–5,Ms Lan,Ms Sophie (or another context-appropriate named Mr/Ms character),PLANNED
1637,B1+,Life Management,a misunderstanding or problem involving work-life balance & personal goals,Negotiating a practical solution about a misunderstanding or problem involving work-life balance & personal goals,Giao tiếp mở rộng: work-life balance & personal goals — a misunderstanding or problem involving work-life balance & personal goals,negotiate a practical solution about a misunderstanding or problem involving work-life balance & personal goals; complete the exchange naturally at B1+.,650–850,4–5,Ms Lan,Mr Michael (or another context-appropriate named Mr/Ms character),PLANNED
1638,B1+,Learning,a misunderstanding or problem involving learning strategies & self-improvement,Negotiating a practical solution about a misunderstanding or problem involving learning strategies & self-improvement,Giao tiếp mở rộng: learning strategies & self-improvement — a misunderstanding or problem involving learning strategies & self-improvement,negotiate a practical solution about a misunderstanding or problem involving learning strategies & self-improvement; complete the exchange naturally at B1+.,650–850,4–5,Ms Lan,Ms Grace (or another context-appropriate named Mr/Ms character),PLANNED
1639,B1+,Relationships,"a misunderstanding or problem involving relationships, feelings & sensitive conversations","Negotiating a practical solution about a misunderstanding or problem involving relationships, feelings & sensitive conversations","Giao tiếp mở rộng: relationships, feelings & sensitive conversations — a misunderstanding or problem involving relationships, feelings & sensitive conversations","negotiate a practical solution about a misunderstanding or problem involving relationships, feelings & sensitive conversations; complete the exchange naturally at B1+.",650–850,4–5,Ms Lan,Mr Henry (or another context-appropriate named Mr/Ms character),PLANNED
1640,B1+,Consumer Life,a misunderstanding or problem involving complex services & consumer decisions,Negotiating a practical solution about a misunderstanding or problem involving complex services & consumer decisions,Giao tiếp mở rộng: complex services & consumer decisions — a misunderstanding or problem involving complex services & consumer decisions,negotiate a practical solution about a misunderstanding or problem involving complex services & consumer decisions; complete the exchange naturally at B1+.,650–850,4–5,Ms Lan,Ms Anna (or another context-appropriate named Mr/Ms character),PLANNED
1641,B1+,Travel,the first practical exchange about hotels & accommodation,Setting and responding to boundaries about the first practical exchange about hotels & accommodation,Giao tiếp mở rộng: hotels & accommodation — the first practical exchange about hotels & accommodation,set a boundary and respond politely about the first practical exchange about hotels & accommodation; complete the exchange naturally at B1+.,650–850,4–5,Ms Lan,Mr David (or another context-appropriate named Mr/Ms character),PLANNED
1642,B1+,Travel,the first practical exchange about airports & flights,Setting and responding to boundaries about the first practical exchange about airports & flights,Giao tiếp mở rộng: airports & flights — the first practical exchange about airports & flights,set a boundary and respond politely about the first practical exchange about airports & flights; complete the exchange naturally at B1+.,650–850,4–5,Ms Lan,Ms Emma (or another context-appropriate named Mr/Ms character),PLANNED
1643,B1+,Travel,the first practical exchange about train & coach travel,Setting and responding to boundaries about the first practical exchange about train & coach travel,Giao tiếp mở rộng: train & coach travel — the first practical exchange about train & coach travel,set a boundary and respond politely about the first practical exchange about train & coach travel; complete the exchange naturally at B1+.,650–850,4–5,Ms Lan,Mr James (or another context-appropriate named Mr/Ms character),PLANNED
1644,B1+,Driving,"the first practical exchange about driving, parking & fuel","Setting and responding to boundaries about the first practical exchange about driving, parking & fuel","Giao tiếp mở rộng: driving, parking & fuel — the first practical exchange about driving, parking & fuel","set a boundary and respond politely about the first practical exchange about driving, parking & fuel; complete the exchange naturally at B1+.",650–850,4–5,Ms Lan,Ms Sarah (or another context-appropriate named Mr/Ms character),PLANNED
1645,B1+,Health Services,the first practical exchange about health services & pharmacy,Setting and responding to boundaries about the first practical exchange about health services & pharmacy,Giao tiếp mở rộng: health services & pharmacy — the first practical exchange about health services & pharmacy,set a boundary and respond politely about the first practical exchange about health services & pharmacy; complete the exchange naturally at B1+.,650–850,4–5,Ms Lan,Mr Daniel (or another context-appropriate named Mr/Ms character),PLANNED
1646,B1+,Wellbeing,the first practical exchange about fitness & wellbeing routines,Setting and responding to boundaries about the first practical exchange about fitness & wellbeing routines,Giao tiếp mở rộng: fitness & wellbeing routines — the first practical exchange about fitness & wellbeing routines,set a boundary and respond politely about the first practical exchange about fitness & wellbeing routines; complete the exchange naturally at B1+.,650–850,4–5,Ms Lan,Ms Olivia (or another context-appropriate named Mr/Ms character),PLANNED
1647,B1+,Services,the first practical exchange about personal care services,Setting and responding to boundaries about the first practical exchange about personal care services,Giao tiếp mở rộng: personal care services — the first practical exchange about personal care services,set a boundary and respond politely about the first practical exchange about personal care services; complete the exchange naturally at B1+.,650–850,4–5,Ms Lan,Mr Thomas (or another context-appropriate named Mr/Ms character),PLANNED
1648,B1+,Money,the first practical exchange about banking & everyday money,Setting and responding to boundaries about the first practical exchange about banking & everyday money,Giao tiếp mở rộng: banking & everyday money — the first practical exchange about banking & everyday money,set a boundary and respond politely about the first practical exchange about banking & everyday money; complete the exchange naturally at B1+.,650–850,4–5,Ms Lan,Ms Sophie (or another context-appropriate named Mr/Ms character),PLANNED
1649,B1+,Services,"the first practical exchange about post, courier & deliveries","Setting and responding to boundaries about the first practical exchange about post, courier & deliveries","Giao tiếp mở rộng: post, courier & deliveries — the first practical exchange about post, courier & deliveries","set a boundary and respond politely about the first practical exchange about post, courier & deliveries; complete the exchange naturally at B1+.",650–850,4–5,Ms Lan,Mr Michael (or another context-appropriate named Mr/Ms character),PLANNED
1650,B1+,Services,the first practical exchange about repairs & home services,Setting and responding to boundaries about the first practical exchange about repairs & home services,Giao tiếp mở rộng: repairs & home services — the first practical exchange about repairs & home services,set a boundary and respond politely about the first practical exchange about repairs & home services; complete the exchange naturally at B1+.,650–850,4–5,Ms Lan,Ms Grace (or another context-appropriate named Mr/Ms character),PLANNED
1651,B1+,Customer Service,the first practical exchange about customer service & complaints,Setting and responding to boundaries about the first practical exchange about customer service & complaints,Giao tiếp mở rộng: customer service & complaints — the first practical exchange about customer service & complaints,set a boundary and respond politely about the first practical exchange about customer service & complaints; complete the exchange naturally at B1+.,650–850,4–5,Ms Lan,Mr Henry (or another context-appropriate named Mr/Ms character),PLANNED
1652,B1+,Technology,the first practical exchange about technology & devices,Setting and responding to boundaries about the first practical exchange about technology & devices,Giao tiếp mở rộng: technology & devices — the first practical exchange about technology & devices,set a boundary and respond politely about the first practical exchange about technology & devices; complete the exchange naturally at B1+.,650–850,4–5,Ms Lan,Ms Anna (or another context-appropriate named Mr/Ms character),PLANNED
1653,B1+,Technology,the first practical exchange about internet & online accounts,Setting and responding to boundaries about the first practical exchange about internet & online accounts,Giao tiếp mở rộng: internet & online accounts — the first practical exchange about internet & online accounts,set a boundary and respond politely about the first practical exchange about internet & online accounts; complete the exchange naturally at B1+.,650–850,4–5,Ms Lan,Mr David (or another context-appropriate named Mr/Ms character),PLANNED
1654,B1+,Leisure,the first practical exchange about entertainment & events,Setting and responding to boundaries about the first practical exchange about entertainment & events,Giao tiếp mở rộng: entertainment & events — the first practical exchange about entertainment & events,set a boundary and respond politely about the first practical exchange about entertainment & events; complete the exchange naturally at B1+.,650–850,4–5,Ms Lan,Ms Emma (or another context-appropriate named Mr/Ms character),PLANNED
1655,B1+,Leisure,the first practical exchange about sports & hobbies,Setting and responding to boundaries about the first practical exchange about sports & hobbies,Giao tiếp mở rộng: sports & hobbies — the first practical exchange about sports & hobbies,set a boundary and respond politely about the first practical exchange about sports & hobbies; complete the exchange naturally at B1+.,650–850,4–5,Ms Lan,Mr James (or another context-appropriate named Mr/Ms character),PLANNED
1656,B1+,Relationships,the first practical exchange about friends & social plans,Setting and responding to boundaries about the first practical exchange about friends & social plans,Giao tiếp mở rộng: friends & social plans — the first practical exchange about friends & social plans,set a boundary and respond politely about the first practical exchange about friends & social plans; complete the exchange naturally at B1+.,650–850,4–5,Ms Lan,Ms Sarah (or another context-appropriate named Mr/Ms character),PLANNED
1657,B1+,Social Life,the first practical exchange about invitations & visits,Setting and responding to boundaries about the first practical exchange about invitations & visits,Giao tiếp mở rộng: invitations & visits — the first practical exchange about invitations & visits,set a boundary and respond politely about the first practical exchange about invitations & visits; complete the exchange naturally at B1+.,650–850,4–5,Ms Lan,Mr Daniel (or another context-appropriate named Mr/Ms character),PLANNED
1658,B1+,Community,the first practical exchange about community & neighbours,Setting and responding to boundaries about the first practical exchange about community & neighbours,Giao tiếp mở rộng: community & neighbours — the first practical exchange about community & neighbours,set a boundary and respond politely about the first practical exchange about community & neighbours; complete the exchange naturally at B1+.,650–850,4–5,Ms Lan,Ms Olivia (or another context-appropriate named Mr/Ms character),PLANNED
1659,B1+,Travel Problems,the first practical exchange about travel problems & changes,Setting and responding to boundaries about the first practical exchange about travel problems & changes,Giao tiếp mở rộng: travel problems & changes — the first practical exchange about travel problems & changes,set a boundary and respond politely about the first practical exchange about travel problems & changes; complete the exchange naturally at B1+.,650–850,4–5,Ms Lan,Mr Thomas (or another context-appropriate named Mr/Ms character),PLANNED
1660,B1+,Problems,the first practical exchange about lost property & missing items,Setting and responding to boundaries about the first practical exchange about lost property & missing items,Giao tiếp mở rộng: lost property & missing items — the first practical exchange about lost property & missing items,set a boundary and respond politely about the first practical exchange about lost property & missing items; complete the exchange naturally at B1+.,650–850,4–5,Ms Lan,Ms Sophie (or another context-appropriate named Mr/Ms character),PLANNED
1661,B1+,Emergencies,the first practical exchange about emergencies & asking for help,Setting and responding to boundaries about the first practical exchange about emergencies & asking for help,Giao tiếp mở rộng: emergencies & asking for help — the first practical exchange about emergencies & asking for help,set a boundary and respond politely about the first practical exchange about emergencies & asking for help; complete the exchange naturally at B1+.,650–850,4–5,Ms Lan,Mr Michael (or another context-appropriate named Mr/Ms character),PLANNED
1662,B1+,Public Life,"the first practical exchange about rules, permission & public places","Setting and responding to boundaries about the first practical exchange about rules, permission & public places","Giao tiếp mở rộng: rules, permission & public places — the first practical exchange about rules, permission & public places","set a boundary and respond politely about the first practical exchange about rules, permission & public places; complete the exchange naturally at B1+.",650–850,4–5,Ms Lan,Ms Grace (or another context-appropriate named Mr/Ms character),PLANNED
1663,B1+,Housing,the first practical exchange about renting & moving home,Setting and responding to boundaries about the first practical exchange about renting & moving home,Giao tiếp mở rộng: renting & moving home — the first practical exchange about renting & moving home,set a boundary and respond politely about the first practical exchange about renting & moving home; complete the exchange naturally at B1+.,650–850,4–5,Ms Lan,Mr Henry (or another context-appropriate named Mr/Ms character),PLANNED
1664,B1+,Housing,the first practical exchange about utilities & household bills,Setting and responding to boundaries about the first practical exchange about utilities & household bills,Giao tiếp mở rộng: utilities & household bills — the first practical exchange about utilities & household bills,set a boundary and respond politely about the first practical exchange about utilities & household bills; complete the exchange naturally at B1+.,650–850,4–5,Ms Lan,Ms Anna (or another context-appropriate named Mr/Ms character),PLANNED
1665,B1+,Public Services,the first practical exchange about government/public services,Setting and responding to boundaries about the first practical exchange about government/public services,Giao tiếp mở rộng: government/public services — the first practical exchange about government/public services,set a boundary and respond politely about the first practical exchange about government/public services; complete the exchange naturally at B1+.,650–850,4–5,Ms Lan,Mr David (or another context-appropriate named Mr/Ms character),PLANNED
1666,B1+,Culture,the first practical exchange about cultural differences & etiquette,Setting and responding to boundaries about the first practical exchange about cultural differences & etiquette,Giao tiếp mở rộng: cultural differences & etiquette — the first practical exchange about cultural differences & etiquette,set a boundary and respond politely about the first practical exchange about cultural differences & etiquette; complete the exchange naturally at B1+.,650–850,4–5,Ms Lan,Ms Emma (or another context-appropriate named Mr/Ms character),PLANNED
1667,B1+,Interaction,the first practical exchange about opinions & preferences,Setting and responding to boundaries about the first practical exchange about opinions & preferences,Giao tiếp mở rộng: opinions & preferences — the first practical exchange about opinions & preferences,set a boundary and respond politely about the first practical exchange about opinions & preferences; complete the exchange naturally at B1+.,650–850,4–5,Ms Lan,Mr James (or another context-appropriate named Mr/Ms character),PLANNED
1668,B1+,Interaction,"the first practical exchange about plans, decisions & changes","Setting and responding to boundaries about the first practical exchange about plans, decisions & changes","Giao tiếp mở rộng: plans, decisions & changes — the first practical exchange about plans, decisions & changes","set a boundary and respond politely about the first practical exchange about plans, decisions & changes; complete the exchange naturally at B1+.",650–850,4–5,Ms Lan,Ms Sarah (or another context-appropriate named Mr/Ms character),PLANNED
1669,B1+,Interaction,the first practical exchange about explaining experiences & stories,Setting and responding to boundaries about the first practical exchange about explaining experiences & stories,Giao tiếp mở rộng: explaining experiences & stories — the first practical exchange about explaining experiences & stories,set a boundary and respond politely about the first practical exchange about explaining experiences & stories; complete the exchange naturally at B1+.,650–850,4–5,Ms Lan,Mr Daniel (or another context-appropriate named Mr/Ms character),PLANNED
1670,B1+,Interaction,the first practical exchange about clarifying & repairing communication,Setting and responding to boundaries about the first practical exchange about clarifying & repairing communication,Giao tiếp mở rộng: clarifying & repairing communication — the first practical exchange about clarifying & repairing communication,set a boundary and respond politely about the first practical exchange about clarifying & repairing communication; complete the exchange naturally at B1+.,650–850,4–5,Ms Lan,Ms Olivia (or another context-appropriate named Mr/Ms character),PLANNED
1671,B1+,Interaction,the first practical exchange about disagreement & boundaries,Setting and responding to boundaries about the first practical exchange about disagreement & boundaries,Giao tiếp mở rộng: disagreement & boundaries — the first practical exchange about disagreement & boundaries,set a boundary and respond politely about the first practical exchange about disagreement & boundaries; complete the exchange naturally at B1+.,650–850,4–5,Ms Lan,Mr Thomas (or another context-appropriate named Mr/Ms character),PLANNED
1672,B1+,Interaction,the first practical exchange about negotiation & compromise,Setting and responding to boundaries about the first practical exchange about negotiation & compromise,Giao tiếp mở rộng: negotiation & compromise — the first practical exchange about negotiation & compromise,set a boundary and respond politely about the first practical exchange about negotiation & compromise; complete the exchange naturally at B1+.,650–850,4–5,Ms Lan,Ms Sophie (or another context-appropriate named Mr/Ms character),PLANNED
1673,B1+,Interaction,the first practical exchange about unexpected situations & problem solving,Setting and responding to boundaries about the first practical exchange about unexpected situations & problem solving,Giao tiếp mở rộng: unexpected situations & problem solving — the first practical exchange about unexpected situations & problem solving,set a boundary and respond politely about the first practical exchange about unexpected situations & problem solving; complete the exchange naturally at B1+.,650–850,4–5,Ms Lan,Mr Michael (or another context-appropriate named Mr/Ms character),PLANNED
1674,B1+,Society,the first practical exchange about news & everyday current events,Setting and responding to boundaries about the first practical exchange about news & everyday current events,Giao tiếp mở rộng: news & everyday current events — the first practical exchange about news & everyday current events,set a boundary and respond politely about the first practical exchange about news & everyday current events; complete the exchange naturally at B1+.,650–850,4–5,Ms Lan,Ms Grace (or another context-appropriate named Mr/Ms character),PLANNED
1675,B1+,Society,the first practical exchange about environment & local issues,Setting and responding to boundaries about the first practical exchange about environment & local issues,Giao tiếp mở rộng: environment & local issues — the first practical exchange about environment & local issues,set a boundary and respond politely about the first practical exchange about environment & local issues; complete the exchange naturally at B1+.,650–850,4–5,Ms Lan,Mr Henry (or another context-appropriate named Mr/Ms character),PLANNED
1676,B1+,Travel,the first practical exchange about travel experiences & recommendations,Setting and responding to boundaries about the first practical exchange about travel experiences & recommendations,Giao tiếp mở rộng: travel experiences & recommendations — the first practical exchange about travel experiences & recommendations,set a boundary and respond politely about the first practical exchange about travel experiences & recommendations; complete the exchange naturally at B1+.,650–850,4–5,Ms Lan,Ms Anna (or another context-appropriate named Mr/Ms character),PLANNED
1677,B1+,Life Management,the first practical exchange about work-life balance & personal goals,Setting and responding to boundaries about the first practical exchange about work-life balance & personal goals,Giao tiếp mở rộng: work-life balance & personal goals — the first practical exchange about work-life balance & personal goals,set a boundary and respond politely about the first practical exchange about work-life balance & personal goals; complete the exchange naturally at B1+.,650–850,4–5,Ms Lan,Mr David (or another context-appropriate named Mr/Ms character),PLANNED
1678,B1+,Learning,the first practical exchange about learning strategies & self-improvement,Setting and responding to boundaries about the first practical exchange about learning strategies & self-improvement,Giao tiếp mở rộng: learning strategies & self-improvement — the first practical exchange about learning strategies & self-improvement,set a boundary and respond politely about the first practical exchange about learning strategies & self-improvement; complete the exchange naturally at B1+.,650–850,4–5,Ms Lan,Ms Emma (or another context-appropriate named Mr/Ms character),PLANNED
1679,B1+,Relationships,"the first practical exchange about relationships, feelings & sensitive conversations","Setting and responding to boundaries about the first practical exchange about relationships, feelings & sensitive conversations","Giao tiếp mở rộng: relationships, feelings & sensitive conversations — the first practical exchange about relationships, feelings & sensitive conversations","set a boundary and respond politely about the first practical exchange about relationships, feelings & sensitive conversations; complete the exchange naturally at B1+.",650–850,4–5,Ms Lan,Mr James (or another context-appropriate named Mr/Ms character),PLANNED
1680,B1+,Consumer Life,the first practical exchange about complex services & consumer decisions,Setting and responding to boundaries about the first practical exchange about complex services & consumer decisions,Giao tiếp mở rộng: complex services & consumer decisions — the first practical exchange about complex services & consumer decisions,set a boundary and respond politely about the first practical exchange about complex services & consumer decisions; complete the exchange naturally at B1+.,650–850,4–5,Ms Lan,Ms Sarah (or another context-appropriate named Mr/Ms character),PLANNED
1681,B1+,Travel,a routine everyday need involving hotels & accommodation,Setting and responding to boundaries about a routine everyday need involving hotels & accommodation,Giao tiếp mở rộng: hotels & accommodation — a routine everyday need involving hotels & accommodation,set a boundary and respond politely about a routine everyday need involving hotels & accommodation; complete the exchange naturally at B1+.,650–850,4–5,Ms Lan,Mr Daniel (or another context-appropriate named Mr/Ms character),PLANNED
1682,B1+,Travel,a routine everyday need involving airports & flights,Setting and responding to boundaries about a routine everyday need involving airports & flights,Giao tiếp mở rộng: airports & flights — a routine everyday need involving airports & flights,set a boundary and respond politely about a routine everyday need involving airports & flights; complete the exchange naturally at B1+.,650–850,4–5,Ms Lan,Ms Olivia (or another context-appropriate named Mr/Ms character),PLANNED
1683,B1+,Travel,a routine everyday need involving train & coach travel,Setting and responding to boundaries about a routine everyday need involving train & coach travel,Giao tiếp mở rộng: train & coach travel — a routine everyday need involving train & coach travel,set a boundary and respond politely about a routine everyday need involving train & coach travel; complete the exchange naturally at B1+.,650–850,4–5,Ms Lan,Mr Thomas (or another context-appropriate named Mr/Ms character),PLANNED
1684,B1+,Driving,"a routine everyday need involving driving, parking & fuel","Setting and responding to boundaries about a routine everyday need involving driving, parking & fuel","Giao tiếp mở rộng: driving, parking & fuel — a routine everyday need involving driving, parking & fuel","set a boundary and respond politely about a routine everyday need involving driving, parking & fuel; complete the exchange naturally at B1+.",650–850,4–5,Ms Lan,Ms Sophie (or another context-appropriate named Mr/Ms character),PLANNED
1685,B1+,Health Services,a routine everyday need involving health services & pharmacy,Setting and responding to boundaries about a routine everyday need involving health services & pharmacy,Giao tiếp mở rộng: health services & pharmacy — a routine everyday need involving health services & pharmacy,set a boundary and respond politely about a routine everyday need involving health services & pharmacy; complete the exchange naturally at B1+.,650–850,4–5,Ms Lan,Mr Michael (or another context-appropriate named Mr/Ms character),PLANNED
1686,B1+,Wellbeing,a routine everyday need involving fitness & wellbeing routines,Setting and responding to boundaries about a routine everyday need involving fitness & wellbeing routines,Giao tiếp mở rộng: fitness & wellbeing routines — a routine everyday need involving fitness & wellbeing routines,set a boundary and respond politely about a routine everyday need involving fitness & wellbeing routines; complete the exchange naturally at B1+.,650–850,4–5,Ms Lan,Ms Grace (or another context-appropriate named Mr/Ms character),PLANNED
1687,B1+,Services,a routine everyday need involving personal care services,Setting and responding to boundaries about a routine everyday need involving personal care services,Giao tiếp mở rộng: personal care services — a routine everyday need involving personal care services,set a boundary and respond politely about a routine everyday need involving personal care services; complete the exchange naturally at B1+.,650–850,4–5,Ms Lan,Mr Henry (or another context-appropriate named Mr/Ms character),PLANNED
1688,B1+,Money,a routine everyday need involving banking & everyday money,Setting and responding to boundaries about a routine everyday need involving banking & everyday money,Giao tiếp mở rộng: banking & everyday money — a routine everyday need involving banking & everyday money,set a boundary and respond politely about a routine everyday need involving banking & everyday money; complete the exchange naturally at B1+.,650–850,4–5,Ms Lan,Ms Anna (or another context-appropriate named Mr/Ms character),PLANNED
1689,B1+,Services,"a routine everyday need involving post, courier & deliveries","Setting and responding to boundaries about a routine everyday need involving post, courier & deliveries","Giao tiếp mở rộng: post, courier & deliveries — a routine everyday need involving post, courier & deliveries","set a boundary and respond politely about a routine everyday need involving post, courier & deliveries; complete the exchange naturally at B1+.",650–850,4–5,Ms Lan,Mr David (or another context-appropriate named Mr/Ms character),PLANNED
1690,B1+,Services,a routine everyday need involving repairs & home services,Setting and responding to boundaries about a routine everyday need involving repairs & home services,Giao tiếp mở rộng: repairs & home services — a routine everyday need involving repairs & home services,set a boundary and respond politely about a routine everyday need involving repairs & home services; complete the exchange naturally at B1+.,650–850,4–5,Ms Lan,Ms Emma (or another context-appropriate named Mr/Ms character),PLANNED
1691,B1+,Customer Service,a routine everyday need involving customer service & complaints,Setting and responding to boundaries about a routine everyday need involving customer service & complaints,Giao tiếp mở rộng: customer service & complaints — a routine everyday need involving customer service & complaints,set a boundary and respond politely about a routine everyday need involving customer service & complaints; complete the exchange naturally at B1+.,650–850,4–5,Ms Lan,Mr James (or another context-appropriate named Mr/Ms character),PLANNED
1692,B1+,Technology,a routine everyday need involving technology & devices,Setting and responding to boundaries about a routine everyday need involving technology & devices,Giao tiếp mở rộng: technology & devices — a routine everyday need involving technology & devices,set a boundary and respond politely about a routine everyday need involving technology & devices; complete the exchange naturally at B1+.,650–850,4–5,Ms Lan,Ms Sarah (or another context-appropriate named Mr/Ms character),PLANNED
1693,B1+,Technology,a routine everyday need involving internet & online accounts,Setting and responding to boundaries about a routine everyday need involving internet & online accounts,Giao tiếp mở rộng: internet & online accounts — a routine everyday need involving internet & online accounts,set a boundary and respond politely about a routine everyday need involving internet & online accounts; complete the exchange naturally at B1+.,650–850,4–5,Ms Lan,Mr Daniel (or another context-appropriate named Mr/Ms character),PLANNED
1694,B1+,Leisure,a routine everyday need involving entertainment & events,Setting and responding to boundaries about a routine everyday need involving entertainment & events,Giao tiếp mở rộng: entertainment & events — a routine everyday need involving entertainment & events,set a boundary and respond politely about a routine everyday need involving entertainment & events; complete the exchange naturally at B1+.,650–850,4–5,Ms Lan,Ms Olivia (or another context-appropriate named Mr/Ms character),PLANNED
1695,B1+,Leisure,a routine everyday need involving sports & hobbies,Setting and responding to boundaries about a routine everyday need involving sports & hobbies,Giao tiếp mở rộng: sports & hobbies — a routine everyday need involving sports & hobbies,set a boundary and respond politely about a routine everyday need involving sports & hobbies; complete the exchange naturally at B1+.,650–850,4–5,Ms Lan,Mr Thomas (or another context-appropriate named Mr/Ms character),PLANNED
1696,B1+,Relationships,a routine everyday need involving friends & social plans,Setting and responding to boundaries about a routine everyday need involving friends & social plans,Giao tiếp mở rộng: friends & social plans — a routine everyday need involving friends & social plans,set a boundary and respond politely about a routine everyday need involving friends & social plans; complete the exchange naturally at B1+.,650–850,4–5,Ms Lan,Ms Sophie (or another context-appropriate named Mr/Ms character),PLANNED
1697,B1+,Social Life,a routine everyday need involving invitations & visits,Setting and responding to boundaries about a routine everyday need involving invitations & visits,Giao tiếp mở rộng: invitations & visits — a routine everyday need involving invitations & visits,set a boundary and respond politely about a routine everyday need involving invitations & visits; complete the exchange naturally at B1+.,650–850,4–5,Ms Lan,Mr Michael (or another context-appropriate named Mr/Ms character),PLANNED
1698,B1+,Community,a routine everyday need involving community & neighbours,Setting and responding to boundaries about a routine everyday need involving community & neighbours,Giao tiếp mở rộng: community & neighbours — a routine everyday need involving community & neighbours,set a boundary and respond politely about a routine everyday need involving community & neighbours; complete the exchange naturally at B1+.,650–850,4–5,Ms Lan,Ms Grace (or another context-appropriate named Mr/Ms character),PLANNED
1699,B1+,Travel Problems,a routine everyday need involving travel problems & changes,Setting and responding to boundaries about a routine everyday need involving travel problems & changes,Giao tiếp mở rộng: travel problems & changes — a routine everyday need involving travel problems & changes,set a boundary and respond politely about a routine everyday need involving travel problems & changes; complete the exchange naturally at B1+.,650–850,4–5,Ms Lan,Mr Henry (or another context-appropriate named Mr/Ms character),PLANNED
1700,B1+,Problems,a routine everyday need involving lost property & missing items,Setting and responding to boundaries about a routine everyday need involving lost property & missing items,Giao tiếp mở rộng: lost property & missing items — a routine everyday need involving lost property & missing items,set a boundary and respond politely about a routine everyday need involving lost property & missing items; complete the exchange naturally at B1+.,650–850,4–5,Ms Lan,Ms Anna (or another context-appropriate named Mr/Ms character),PLANNED
1701,B2,Wellbeing,the first practical exchange about fitness & wellbeing routines,Sustaining and defending a viewpoint about the first practical exchange about fitness & wellbeing routines,Giao tiếp linh hoạt B2: fitness & wellbeing routines — the first practical exchange about fitness & wellbeing routines,sustain and defend a viewpoint about the first practical exchange about fitness & wellbeing routines; complete the exchange naturally at B2.,800–1000,5,Ms Lan,Mr David (or another context-appropriate named Mr/Ms character),PLANNED
1702,B2,Services,the first practical exchange about personal care services,Sustaining and defending a viewpoint about the first practical exchange about personal care services,Giao tiếp linh hoạt B2: personal care services — the first practical exchange about personal care services,sustain and defend a viewpoint about the first practical exchange about personal care services; complete the exchange naturally at B2.,800–1000,5,Ms Lan,Ms Emma (or another context-appropriate named Mr/Ms character),PLANNED
1703,B2,Money,the first practical exchange about banking & everyday money,Sustaining and defending a viewpoint about the first practical exchange about banking & everyday money,Giao tiếp linh hoạt B2: banking & everyday money — the first practical exchange about banking & everyday money,sustain and defend a viewpoint about the first practical exchange about banking & everyday money; complete the exchange naturally at B2.,800–1000,5,Ms Lan,Mr James (or another context-appropriate named Mr/Ms character),PLANNED
1704,B2,Services,"the first practical exchange about post, courier & deliveries","Sustaining and defending a viewpoint about the first practical exchange about post, courier & deliveries","Giao tiếp linh hoạt B2: post, courier & deliveries — the first practical exchange about post, courier & deliveries","sustain and defend a viewpoint about the first practical exchange about post, courier & deliveries; complete the exchange naturally at B2.",800–1000,5,Ms Lan,Ms Sarah (or another context-appropriate named Mr/Ms character),PLANNED
1705,B2,Services,the first practical exchange about repairs & home services,Sustaining and defending a viewpoint about the first practical exchange about repairs & home services,Giao tiếp linh hoạt B2: repairs & home services — the first practical exchange about repairs & home services,sustain and defend a viewpoint about the first practical exchange about repairs & home services; complete the exchange naturally at B2.,800–1000,5,Ms Lan,Mr Daniel (or another context-appropriate named Mr/Ms character),PLANNED
1706,B2,Customer Service,the first practical exchange about customer service & complaints,Sustaining and defending a viewpoint about the first practical exchange about customer service & complaints,Giao tiếp linh hoạt B2: customer service & complaints — the first practical exchange about customer service & complaints,sustain and defend a viewpoint about the first practical exchange about customer service & complaints; complete the exchange naturally at B2.,800–1000,5,Ms Lan,Ms Olivia (or another context-appropriate named Mr/Ms character),PLANNED
1707,B2,Technology,the first practical exchange about technology & devices,Sustaining and defending a viewpoint about the first practical exchange about technology & devices,Giao tiếp linh hoạt B2: technology & devices — the first practical exchange about technology & devices,sustain and defend a viewpoint about the first practical exchange about technology & devices; complete the exchange naturally at B2.,800–1000,5,Ms Lan,Mr Thomas (or another context-appropriate named Mr/Ms character),PLANNED
1708,B2,Technology,the first practical exchange about internet & online accounts,Sustaining and defending a viewpoint about the first practical exchange about internet & online accounts,Giao tiếp linh hoạt B2: internet & online accounts — the first practical exchange about internet & online accounts,sustain and defend a viewpoint about the first practical exchange about internet & online accounts; complete the exchange naturally at B2.,800–1000,5,Ms Lan,Ms Sophie (or another context-appropriate named Mr/Ms character),PLANNED
1709,B2,Leisure,the first practical exchange about entertainment & events,Sustaining and defending a viewpoint about the first practical exchange about entertainment & events,Giao tiếp linh hoạt B2: entertainment & events — the first practical exchange about entertainment & events,sustain and defend a viewpoint about the first practical exchange about entertainment & events; complete the exchange naturally at B2.,800–1000,5,Ms Lan,Mr Michael (or another context-appropriate named Mr/Ms character),PLANNED
1710,B2,Leisure,the first practical exchange about sports & hobbies,Sustaining and defending a viewpoint about the first practical exchange about sports & hobbies,Giao tiếp linh hoạt B2: sports & hobbies — the first practical exchange about sports & hobbies,sustain and defend a viewpoint about the first practical exchange about sports & hobbies; complete the exchange naturally at B2.,800–1000,5,Ms Lan,Ms Grace (or another context-appropriate named Mr/Ms character),PLANNED
1711,B2,Relationships,the first practical exchange about friends & social plans,Sustaining and defending a viewpoint about the first practical exchange about friends & social plans,Giao tiếp linh hoạt B2: friends & social plans — the first practical exchange about friends & social plans,sustain and defend a viewpoint about the first practical exchange about friends & social plans; complete the exchange naturally at B2.,800–1000,5,Ms Lan,Mr Henry (or another context-appropriate named Mr/Ms character),PLANNED
1712,B2,Social Life,the first practical exchange about invitations & visits,Sustaining and defending a viewpoint about the first practical exchange about invitations & visits,Giao tiếp linh hoạt B2: invitations & visits — the first practical exchange about invitations & visits,sustain and defend a viewpoint about the first practical exchange about invitations & visits; complete the exchange naturally at B2.,800–1000,5,Ms Lan,Ms Anna (or another context-appropriate named Mr/Ms character),PLANNED
1713,B2,Community,the first practical exchange about community & neighbours,Sustaining and defending a viewpoint about the first practical exchange about community & neighbours,Giao tiếp linh hoạt B2: community & neighbours — the first practical exchange about community & neighbours,sustain and defend a viewpoint about the first practical exchange about community & neighbours; complete the exchange naturally at B2.,800–1000,5,Ms Lan,Mr David (or another context-appropriate named Mr/Ms character),PLANNED
1714,B2,Travel Problems,the first practical exchange about travel problems & changes,Sustaining and defending a viewpoint about the first practical exchange about travel problems & changes,Giao tiếp linh hoạt B2: travel problems & changes — the first practical exchange about travel problems & changes,sustain and defend a viewpoint about the first practical exchange about travel problems & changes; complete the exchange naturally at B2.,800–1000,5,Ms Lan,Ms Emma (or another context-appropriate named Mr/Ms character),PLANNED
1715,B2,Problems,the first practical exchange about lost property & missing items,Sustaining and defending a viewpoint about the first practical exchange about lost property & missing items,Giao tiếp linh hoạt B2: lost property & missing items — the first practical exchange about lost property & missing items,sustain and defend a viewpoint about the first practical exchange about lost property & missing items; complete the exchange naturally at B2.,800–1000,5,Ms Lan,Mr James (or another context-appropriate named Mr/Ms character),PLANNED
1716,B2,Emergencies,the first practical exchange about emergencies & asking for help,Sustaining and defending a viewpoint about the first practical exchange about emergencies & asking for help,Giao tiếp linh hoạt B2: emergencies & asking for help — the first practical exchange about emergencies & asking for help,sustain and defend a viewpoint about the first practical exchange about emergencies & asking for help; complete the exchange naturally at B2.,800–1000,5,Ms Lan,Ms Sarah (or another context-appropriate named Mr/Ms character),PLANNED
1717,B2,Public Life,"the first practical exchange about rules, permission & public places","Sustaining and defending a viewpoint about the first practical exchange about rules, permission & public places","Giao tiếp linh hoạt B2: rules, permission & public places — the first practical exchange about rules, permission & public places","sustain and defend a viewpoint about the first practical exchange about rules, permission & public places; complete the exchange naturally at B2.",800–1000,5,Ms Lan,Mr Daniel (or another context-appropriate named Mr/Ms character),PLANNED
1718,B2,Housing,the first practical exchange about renting & moving home,Sustaining and defending a viewpoint about the first practical exchange about renting & moving home,Giao tiếp linh hoạt B2: renting & moving home — the first practical exchange about renting & moving home,sustain and defend a viewpoint about the first practical exchange about renting & moving home; complete the exchange naturally at B2.,800–1000,5,Ms Lan,Ms Olivia (or another context-appropriate named Mr/Ms character),PLANNED
1719,B2,Housing,the first practical exchange about utilities & household bills,Sustaining and defending a viewpoint about the first practical exchange about utilities & household bills,Giao tiếp linh hoạt B2: utilities & household bills — the first practical exchange about utilities & household bills,sustain and defend a viewpoint about the first practical exchange about utilities & household bills; complete the exchange naturally at B2.,800–1000,5,Ms Lan,Mr Thomas (or another context-appropriate named Mr/Ms character),PLANNED
1720,B2,Public Services,the first practical exchange about government/public services,Sustaining and defending a viewpoint about the first practical exchange about government/public services,Giao tiếp linh hoạt B2: government/public services — the first practical exchange about government/public services,sustain and defend a viewpoint about the first practical exchange about government/public services; complete the exchange naturally at B2.,800–1000,5,Ms Lan,Ms Sophie (or another context-appropriate named Mr/Ms character),PLANNED
1721,B2,Culture,the first practical exchange about cultural differences & etiquette,Sustaining and defending a viewpoint about the first practical exchange about cultural differences & etiquette,Giao tiếp linh hoạt B2: cultural differences & etiquette — the first practical exchange about cultural differences & etiquette,sustain and defend a viewpoint about the first practical exchange about cultural differences & etiquette; complete the exchange naturally at B2.,800–1000,5,Ms Lan,Mr Michael (or another context-appropriate named Mr/Ms character),PLANNED
1722,B2,Interaction,the first practical exchange about opinions & preferences,Sustaining and defending a viewpoint about the first practical exchange about opinions & preferences,Giao tiếp linh hoạt B2: opinions & preferences — the first practical exchange about opinions & preferences,sustain and defend a viewpoint about the first practical exchange about opinions & preferences; complete the exchange naturally at B2.,800–1000,5,Ms Lan,Ms Grace (or another context-appropriate named Mr/Ms character),PLANNED
1723,B2,Interaction,"the first practical exchange about plans, decisions & changes","Sustaining and defending a viewpoint about the first practical exchange about plans, decisions & changes","Giao tiếp linh hoạt B2: plans, decisions & changes — the first practical exchange about plans, decisions & changes","sustain and defend a viewpoint about the first practical exchange about plans, decisions & changes; complete the exchange naturally at B2.",800–1000,5,Ms Lan,Mr Henry (or another context-appropriate named Mr/Ms character),PLANNED
1724,B2,Interaction,the first practical exchange about explaining experiences & stories,Sustaining and defending a viewpoint about the first practical exchange about explaining experiences & stories,Giao tiếp linh hoạt B2: explaining experiences & stories — the first practical exchange about explaining experiences & stories,sustain and defend a viewpoint about the first practical exchange about explaining experiences & stories; complete the exchange naturally at B2.,800–1000,5,Ms Lan,Ms Anna (or another context-appropriate named Mr/Ms character),PLANNED
1725,B2,Interaction,the first practical exchange about clarifying & repairing communication,Sustaining and defending a viewpoint about the first practical exchange about clarifying & repairing communication,Giao tiếp linh hoạt B2: clarifying & repairing communication — the first practical exchange about clarifying & repairing communication,sustain and defend a viewpoint about the first practical exchange about clarifying & repairing communication; complete the exchange naturally at B2.,800–1000,5,Ms Lan,Mr David (or another context-appropriate named Mr/Ms character),PLANNED
1726,B2,Interaction,the first practical exchange about disagreement & boundaries,Sustaining and defending a viewpoint about the first practical exchange about disagreement & boundaries,Giao tiếp linh hoạt B2: disagreement & boundaries — the first practical exchange about disagreement & boundaries,sustain and defend a viewpoint about the first practical exchange about disagreement & boundaries; complete the exchange naturally at B2.,800–1000,5,Ms Lan,Ms Emma (or another context-appropriate named Mr/Ms character),PLANNED
1727,B2,Interaction,the first practical exchange about negotiation & compromise,Sustaining and defending a viewpoint about the first practical exchange about negotiation & compromise,Giao tiếp linh hoạt B2: negotiation & compromise — the first practical exchange about negotiation & compromise,sustain and defend a viewpoint about the first practical exchange about negotiation & compromise; complete the exchange naturally at B2.,800–1000,5,Ms Lan,Mr James (or another context-appropriate named Mr/Ms character),PLANNED
1728,B2,Interaction,the first practical exchange about unexpected situations & problem solving,Sustaining and defending a viewpoint about the first practical exchange about unexpected situations & problem solving,Giao tiếp linh hoạt B2: unexpected situations & problem solving — the first practical exchange about unexpected situations & problem solving,sustain and defend a viewpoint about the first practical exchange about unexpected situations & problem solving; complete the exchange naturally at B2.,800–1000,5,Ms Lan,Ms Sarah (or another context-appropriate named Mr/Ms character),PLANNED
1729,B2,Society,the first practical exchange about news & everyday current events,Sustaining and defending a viewpoint about the first practical exchange about news & everyday current events,Giao tiếp linh hoạt B2: news & everyday current events — the first practical exchange about news & everyday current events,sustain and defend a viewpoint about the first practical exchange about news & everyday current events; complete the exchange naturally at B2.,800–1000,5,Ms Lan,Mr Daniel (or another context-appropriate named Mr/Ms character),PLANNED
1730,B2,Society,the first practical exchange about environment & local issues,Sustaining and defending a viewpoint about the first practical exchange about environment & local issues,Giao tiếp linh hoạt B2: environment & local issues — the first practical exchange about environment & local issues,sustain and defend a viewpoint about the first practical exchange about environment & local issues; complete the exchange naturally at B2.,800–1000,5,Ms Lan,Ms Olivia (or another context-appropriate named Mr/Ms character),PLANNED
1731,B2,Travel,the first practical exchange about travel experiences & recommendations,Sustaining and defending a viewpoint about the first practical exchange about travel experiences & recommendations,Giao tiếp linh hoạt B2: travel experiences & recommendations — the first practical exchange about travel experiences & recommendations,sustain and defend a viewpoint about the first practical exchange about travel experiences & recommendations; complete the exchange naturally at B2.,800–1000,5,Ms Lan,Mr Thomas (or another context-appropriate named Mr/Ms character),PLANNED
1732,B2,Life Management,the first practical exchange about work-life balance & personal goals,Sustaining and defending a viewpoint about the first practical exchange about work-life balance & personal goals,Giao tiếp linh hoạt B2: work-life balance & personal goals — the first practical exchange about work-life balance & personal goals,sustain and defend a viewpoint about the first practical exchange about work-life balance & personal goals; complete the exchange naturally at B2.,800–1000,5,Ms Lan,Ms Sophie (or another context-appropriate named Mr/Ms character),PLANNED
1733,B2,Learning,the first practical exchange about learning strategies & self-improvement,Sustaining and defending a viewpoint about the first practical exchange about learning strategies & self-improvement,Giao tiếp linh hoạt B2: learning strategies & self-improvement — the first practical exchange about learning strategies & self-improvement,sustain and defend a viewpoint about the first practical exchange about learning strategies & self-improvement; complete the exchange naturally at B2.,800–1000,5,Ms Lan,Mr Michael (or another context-appropriate named Mr/Ms character),PLANNED
1734,B2,Relationships,"the first practical exchange about relationships, feelings & sensitive conversations","Sustaining and defending a viewpoint about the first practical exchange about relationships, feelings & sensitive conversations","Giao tiếp linh hoạt B2: relationships, feelings & sensitive conversations — the first practical exchange about relationships, feelings & sensitive conversations","sustain and defend a viewpoint about the first practical exchange about relationships, feelings & sensitive conversations; complete the exchange naturally at B2.",800–1000,5,Ms Lan,Ms Grace (or another context-appropriate named Mr/Ms character),PLANNED
1735,B2,Consumer Life,the first practical exchange about complex services & consumer decisions,Sustaining and defending a viewpoint about the first practical exchange about complex services & consumer decisions,Giao tiếp linh hoạt B2: complex services & consumer decisions — the first practical exchange about complex services & consumer decisions,sustain and defend a viewpoint about the first practical exchange about complex services & consumer decisions; complete the exchange naturally at B2.,800–1000,5,Ms Lan,Mr Henry (or another context-appropriate named Mr/Ms character),PLANNED
1736,B2,Wellbeing,a routine everyday need involving fitness & wellbeing routines,Sustaining and defending a viewpoint about a routine everyday need involving fitness & wellbeing routines,Giao tiếp linh hoạt B2: fitness & wellbeing routines — a routine everyday need involving fitness & wellbeing routines,sustain and defend a viewpoint about a routine everyday need involving fitness & wellbeing routines; complete the exchange naturally at B2.,800–1000,5,Ms Lan,Ms Anna (or another context-appropriate named Mr/Ms character),PLANNED
1737,B2,Services,a routine everyday need involving personal care services,Sustaining and defending a viewpoint about a routine everyday need involving personal care services,Giao tiếp linh hoạt B2: personal care services — a routine everyday need involving personal care services,sustain and defend a viewpoint about a routine everyday need involving personal care services; complete the exchange naturally at B2.,800–1000,5,Ms Lan,Mr David (or another context-appropriate named Mr/Ms character),PLANNED
1738,B2,Money,a routine everyday need involving banking & everyday money,Sustaining and defending a viewpoint about a routine everyday need involving banking & everyday money,Giao tiếp linh hoạt B2: banking & everyday money — a routine everyday need involving banking & everyday money,sustain and defend a viewpoint about a routine everyday need involving banking & everyday money; complete the exchange naturally at B2.,800–1000,5,Ms Lan,Ms Emma (or another context-appropriate named Mr/Ms character),PLANNED
1739,B2,Services,"a routine everyday need involving post, courier & deliveries","Sustaining and defending a viewpoint about a routine everyday need involving post, courier & deliveries","Giao tiếp linh hoạt B2: post, courier & deliveries — a routine everyday need involving post, courier & deliveries","sustain and defend a viewpoint about a routine everyday need involving post, courier & deliveries; complete the exchange naturally at B2.",800–1000,5,Ms Lan,Mr James (or another context-appropriate named Mr/Ms character),PLANNED
1740,B2,Services,a routine everyday need involving repairs & home services,Sustaining and defending a viewpoint about a routine everyday need involving repairs & home services,Giao tiếp linh hoạt B2: repairs & home services — a routine everyday need involving repairs & home services,sustain and defend a viewpoint about a routine everyday need involving repairs & home services; complete the exchange naturally at B2.,800–1000,5,Ms Lan,Ms Sarah (or another context-appropriate named Mr/Ms character),PLANNED
1741,B2,Customer Service,a routine everyday need involving customer service & complaints,Sustaining and defending a viewpoint about a routine everyday need involving customer service & complaints,Giao tiếp linh hoạt B2: customer service & complaints — a routine everyday need involving customer service & complaints,sustain and defend a viewpoint about a routine everyday need involving customer service & complaints; complete the exchange naturally at B2.,800–1000,5,Ms Lan,Mr Daniel (or another context-appropriate named Mr/Ms character),PLANNED
1742,B2,Technology,a routine everyday need involving technology & devices,Sustaining and defending a viewpoint about a routine everyday need involving technology & devices,Giao tiếp linh hoạt B2: technology & devices — a routine everyday need involving technology & devices,sustain and defend a viewpoint about a routine everyday need involving technology & devices; complete the exchange naturally at B2.,800–1000,5,Ms Lan,Ms Olivia (or another context-appropriate named Mr/Ms character),PLANNED
1743,B2,Technology,a routine everyday need involving internet & online accounts,Sustaining and defending a viewpoint about a routine everyday need involving internet & online accounts,Giao tiếp linh hoạt B2: internet & online accounts — a routine everyday need involving internet & online accounts,sustain and defend a viewpoint about a routine everyday need involving internet & online accounts; complete the exchange naturally at B2.,800–1000,5,Ms Lan,Mr Thomas (or another context-appropriate named Mr/Ms character),PLANNED
1744,B2,Leisure,a routine everyday need involving entertainment & events,Sustaining and defending a viewpoint about a routine everyday need involving entertainment & events,Giao tiếp linh hoạt B2: entertainment & events — a routine everyday need involving entertainment & events,sustain and defend a viewpoint about a routine everyday need involving entertainment & events; complete the exchange naturally at B2.,800–1000,5,Ms Lan,Ms Sophie (or another context-appropriate named Mr/Ms character),PLANNED
1745,B2,Leisure,a routine everyday need involving sports & hobbies,Sustaining and defending a viewpoint about a routine everyday need involving sports & hobbies,Giao tiếp linh hoạt B2: sports & hobbies — a routine everyday need involving sports & hobbies,sustain and defend a viewpoint about a routine everyday need involving sports & hobbies; complete the exchange naturally at B2.,800–1000,5,Ms Lan,Mr Michael (or another context-appropriate named Mr/Ms character),PLANNED
1746,B2,Relationships,a routine everyday need involving friends & social plans,Sustaining and defending a viewpoint about a routine everyday need involving friends & social plans,Giao tiếp linh hoạt B2: friends & social plans — a routine everyday need involving friends & social plans,sustain and defend a viewpoint about a routine everyday need involving friends & social plans; complete the exchange naturally at B2.,800–1000,5,Ms Lan,Ms Grace (or another context-appropriate named Mr/Ms character),PLANNED
1747,B2,Social Life,a routine everyday need involving invitations & visits,Sustaining and defending a viewpoint about a routine everyday need involving invitations & visits,Giao tiếp linh hoạt B2: invitations & visits — a routine everyday need involving invitations & visits,sustain and defend a viewpoint about a routine everyday need involving invitations & visits; complete the exchange naturally at B2.,800–1000,5,Ms Lan,Mr Henry (or another context-appropriate named Mr/Ms character),PLANNED
1748,B2,Community,a routine everyday need involving community & neighbours,Sustaining and defending a viewpoint about a routine everyday need involving community & neighbours,Giao tiếp linh hoạt B2: community & neighbours — a routine everyday need involving community & neighbours,sustain and defend a viewpoint about a routine everyday need involving community & neighbours; complete the exchange naturally at B2.,800–1000,5,Ms Lan,Ms Anna (or another context-appropriate named Mr/Ms character),PLANNED
1749,B2,Travel Problems,a routine everyday need involving travel problems & changes,Sustaining and defending a viewpoint about a routine everyday need involving travel problems & changes,Giao tiếp linh hoạt B2: travel problems & changes — a routine everyday need involving travel problems & changes,sustain and defend a viewpoint about a routine everyday need involving travel problems & changes; complete the exchange naturally at B2.,800–1000,5,Ms Lan,Mr David (or another context-appropriate named Mr/Ms character),PLANNED
1750,B2,Problems,a routine everyday need involving lost property & missing items,Sustaining and defending a viewpoint about a routine everyday need involving lost property & missing items,Giao tiếp linh hoạt B2: lost property & missing items — a routine everyday need involving lost property & missing items,sustain and defend a viewpoint about a routine everyday need involving lost property & missing items; complete the exchange naturally at B2.,800–1000,5,Ms Lan,Ms Emma (or another context-appropriate named Mr/Ms character),PLANNED
1751,B2,Emergencies,a routine everyday need involving emergencies & asking for help,Sustaining and defending a viewpoint about a routine everyday need involving emergencies & asking for help,Giao tiếp linh hoạt B2: emergencies & asking for help — a routine everyday need involving emergencies & asking for help,sustain and defend a viewpoint about a routine everyday need involving emergencies & asking for help; complete the exchange naturally at B2.,800–1000,5,Ms Lan,Mr James (or another context-appropriate named Mr/Ms character),PLANNED
1752,B2,Public Life,"a routine everyday need involving rules, permission & public places","Sustaining and defending a viewpoint about a routine everyday need involving rules, permission & public places","Giao tiếp linh hoạt B2: rules, permission & public places — a routine everyday need involving rules, permission & public places","sustain and defend a viewpoint about a routine everyday need involving rules, permission & public places; complete the exchange naturally at B2.",800–1000,5,Ms Lan,Ms Sarah (or another context-appropriate named Mr/Ms character),PLANNED
1753,B2,Housing,a routine everyday need involving renting & moving home,Sustaining and defending a viewpoint about a routine everyday need involving renting & moving home,Giao tiếp linh hoạt B2: renting & moving home — a routine everyday need involving renting & moving home,sustain and defend a viewpoint about a routine everyday need involving renting & moving home; complete the exchange naturally at B2.,800–1000,5,Ms Lan,Mr Daniel (or another context-appropriate named Mr/Ms character),PLANNED
1754,B2,Housing,a routine everyday need involving utilities & household bills,Sustaining and defending a viewpoint about a routine everyday need involving utilities & household bills,Giao tiếp linh hoạt B2: utilities & household bills — a routine everyday need involving utilities & household bills,sustain and defend a viewpoint about a routine everyday need involving utilities & household bills; complete the exchange naturally at B2.,800–1000,5,Ms Lan,Ms Olivia (or another context-appropriate named Mr/Ms character),PLANNED
1755,B2,Public Services,a routine everyday need involving government/public services,Sustaining and defending a viewpoint about a routine everyday need involving government/public services,Giao tiếp linh hoạt B2: government/public services — a routine everyday need involving government/public services,sustain and defend a viewpoint about a routine everyday need involving government/public services; complete the exchange naturally at B2.,800–1000,5,Ms Lan,Mr Thomas (or another context-appropriate named Mr/Ms character),PLANNED
1756,B2,Culture,a routine everyday need involving cultural differences & etiquette,Sustaining and defending a viewpoint about a routine everyday need involving cultural differences & etiquette,Giao tiếp linh hoạt B2: cultural differences & etiquette — a routine everyday need involving cultural differences & etiquette,sustain and defend a viewpoint about a routine everyday need involving cultural differences & etiquette; complete the exchange naturally at B2.,800–1000,5,Ms Lan,Ms Sophie (or another context-appropriate named Mr/Ms character),PLANNED
1757,B2,Interaction,a routine everyday need involving opinions & preferences,Sustaining and defending a viewpoint about a routine everyday need involving opinions & preferences,Giao tiếp linh hoạt B2: opinions & preferences — a routine everyday need involving opinions & preferences,sustain and defend a viewpoint about a routine everyday need involving opinions & preferences; complete the exchange naturally at B2.,800–1000,5,Ms Lan,Mr Michael (or another context-appropriate named Mr/Ms character),PLANNED
1758,B2,Interaction,"a routine everyday need involving plans, decisions & changes","Sustaining and defending a viewpoint about a routine everyday need involving plans, decisions & changes","Giao tiếp linh hoạt B2: plans, decisions & changes — a routine everyday need involving plans, decisions & changes","sustain and defend a viewpoint about a routine everyday need involving plans, decisions & changes; complete the exchange naturally at B2.",800–1000,5,Ms Lan,Ms Grace (or another context-appropriate named Mr/Ms character),PLANNED
1759,B2,Interaction,a routine everyday need involving explaining experiences & stories,Sustaining and defending a viewpoint about a routine everyday need involving explaining experiences & stories,Giao tiếp linh hoạt B2: explaining experiences & stories — a routine everyday need involving explaining experiences & stories,sustain and defend a viewpoint about a routine everyday need involving explaining experiences & stories; complete the exchange naturally at B2.,800–1000,5,Ms Lan,Mr Henry (or another context-appropriate named Mr/Ms character),PLANNED
1760,B2,Interaction,a routine everyday need involving clarifying & repairing communication,Sustaining and defending a viewpoint about a routine everyday need involving clarifying & repairing communication,Giao tiếp linh hoạt B2: clarifying & repairing communication — a routine everyday need involving clarifying & repairing communication,sustain and defend a viewpoint about a routine everyday need involving clarifying & repairing communication; complete the exchange naturally at B2.,800–1000,5,Ms Lan,Ms Anna (or another context-appropriate named Mr/Ms character),PLANNED
1761,B2,Interaction,a routine everyday need involving disagreement & boundaries,Sustaining and defending a viewpoint about a routine everyday need involving disagreement & boundaries,Giao tiếp linh hoạt B2: disagreement & boundaries — a routine everyday need involving disagreement & boundaries,sustain and defend a viewpoint about a routine everyday need involving disagreement & boundaries; complete the exchange naturally at B2.,800–1000,5,Ms Lan,Mr David (or another context-appropriate named Mr/Ms character),PLANNED
1762,B2,Interaction,a routine everyday need involving negotiation & compromise,Sustaining and defending a viewpoint about a routine everyday need involving negotiation & compromise,Giao tiếp linh hoạt B2: negotiation & compromise — a routine everyday need involving negotiation & compromise,sustain and defend a viewpoint about a routine everyday need involving negotiation & compromise; complete the exchange naturally at B2.,800–1000,5,Ms Lan,Ms Emma (or another context-appropriate named Mr/Ms character),PLANNED
1763,B2,Interaction,a routine everyday need involving unexpected situations & problem solving,Sustaining and defending a viewpoint about a routine everyday need involving unexpected situations & problem solving,Giao tiếp linh hoạt B2: unexpected situations & problem solving — a routine everyday need involving unexpected situations & problem solving,sustain and defend a viewpoint about a routine everyday need involving unexpected situations & problem solving; complete the exchange naturally at B2.,800–1000,5,Ms Lan,Mr James (or another context-appropriate named Mr/Ms character),PLANNED
1764,B2,Society,a routine everyday need involving news & everyday current events,Sustaining and defending a viewpoint about a routine everyday need involving news & everyday current events,Giao tiếp linh hoạt B2: news & everyday current events — a routine everyday need involving news & everyday current events,sustain and defend a viewpoint about a routine everyday need involving news & everyday current events; complete the exchange naturally at B2.,800–1000,5,Ms Lan,Ms Sarah (or another context-appropriate named Mr/Ms character),PLANNED
1765,B2,Society,a routine everyday need involving environment & local issues,Sustaining and defending a viewpoint about a routine everyday need involving environment & local issues,Giao tiếp linh hoạt B2: environment & local issues — a routine everyday need involving environment & local issues,sustain and defend a viewpoint about a routine everyday need involving environment & local issues; complete the exchange naturally at B2.,800–1000,5,Ms Lan,Mr Daniel (or another context-appropriate named Mr/Ms character),PLANNED
1766,B2,Travel,a routine everyday need involving travel experiences & recommendations,Sustaining and defending a viewpoint about a routine everyday need involving travel experiences & recommendations,Giao tiếp linh hoạt B2: travel experiences & recommendations — a routine everyday need involving travel experiences & recommendations,sustain and defend a viewpoint about a routine everyday need involving travel experiences & recommendations; complete the exchange naturally at B2.,800–1000,5,Ms Lan,Ms Olivia (or another context-appropriate named Mr/Ms character),PLANNED
1767,B2,Life Management,a routine everyday need involving work-life balance & personal goals,Sustaining and defending a viewpoint about a routine everyday need involving work-life balance & personal goals,Giao tiếp linh hoạt B2: work-life balance & personal goals — a routine everyday need involving work-life balance & personal goals,sustain and defend a viewpoint about a routine everyday need involving work-life balance & personal goals; complete the exchange naturally at B2.,800–1000,5,Ms Lan,Mr Thomas (or another context-appropriate named Mr/Ms character),PLANNED
1768,B2,Learning,a routine everyday need involving learning strategies & self-improvement,Sustaining and defending a viewpoint about a routine everyday need involving learning strategies & self-improvement,Giao tiếp linh hoạt B2: learning strategies & self-improvement — a routine everyday need involving learning strategies & self-improvement,sustain and defend a viewpoint about a routine everyday need involving learning strategies & self-improvement; complete the exchange naturally at B2.,800–1000,5,Ms Lan,Ms Sophie (or another context-appropriate named Mr/Ms character),PLANNED
1769,B2,Relationships,"a routine everyday need involving relationships, feelings & sensitive conversations","Sustaining and defending a viewpoint about a routine everyday need involving relationships, feelings & sensitive conversations","Giao tiếp linh hoạt B2: relationships, feelings & sensitive conversations — a routine everyday need involving relationships, feelings & sensitive conversations","sustain and defend a viewpoint about a routine everyday need involving relationships, feelings & sensitive conversations; complete the exchange naturally at B2.",800–1000,5,Ms Lan,Mr Michael (or another context-appropriate named Mr/Ms character),PLANNED
1770,B2,Consumer Life,a routine everyday need involving complex services & consumer decisions,Sustaining and defending a viewpoint about a routine everyday need involving complex services & consumer decisions,Giao tiếp linh hoạt B2: complex services & consumer decisions — a routine everyday need involving complex services & consumer decisions,sustain and defend a viewpoint about a routine everyday need involving complex services & consumer decisions; complete the exchange naturally at B2.,800–1000,5,Ms Lan,Ms Grace (or another context-appropriate named Mr/Ms character),PLANNED
1771,B2,Wellbeing,checking an important detail about fitness & wellbeing routines,Sustaining and defending a viewpoint about checking an important detail about fitness & wellbeing routines,Giao tiếp linh hoạt B2: fitness & wellbeing routines — checking an important detail about fitness & wellbeing routines,sustain and defend a viewpoint about checking an important detail about fitness & wellbeing routines; complete the exchange naturally at B2.,800–1000,5,Ms Lan,Mr Henry (or another context-appropriate named Mr/Ms character),PLANNED
1772,B2,Services,checking an important detail about personal care services,Sustaining and defending a viewpoint about checking an important detail about personal care services,Giao tiếp linh hoạt B2: personal care services — checking an important detail about personal care services,sustain and defend a viewpoint about checking an important detail about personal care services; complete the exchange naturally at B2.,800–1000,5,Ms Lan,Ms Anna (or another context-appropriate named Mr/Ms character),PLANNED
1773,B2,Money,checking an important detail about banking & everyday money,Sustaining and defending a viewpoint about checking an important detail about banking & everyday money,Giao tiếp linh hoạt B2: banking & everyday money — checking an important detail about banking & everyday money,sustain and defend a viewpoint about checking an important detail about banking & everyday money; complete the exchange naturally at B2.,800–1000,5,Ms Lan,Mr David (or another context-appropriate named Mr/Ms character),PLANNED
1774,B2,Services,"checking an important detail about post, courier & deliveries","Sustaining and defending a viewpoint about checking an important detail about post, courier & deliveries","Giao tiếp linh hoạt B2: post, courier & deliveries — checking an important detail about post, courier & deliveries","sustain and defend a viewpoint about checking an important detail about post, courier & deliveries; complete the exchange naturally at B2.",800–1000,5,Ms Lan,Ms Emma (or another context-appropriate named Mr/Ms character),PLANNED
1775,B2,Services,checking an important detail about repairs & home services,Sustaining and defending a viewpoint about checking an important detail about repairs & home services,Giao tiếp linh hoạt B2: repairs & home services — checking an important detail about repairs & home services,sustain and defend a viewpoint about checking an important detail about repairs & home services; complete the exchange naturally at B2.,800–1000,5,Ms Lan,Mr James (or another context-appropriate named Mr/Ms character),PLANNED
1776,B2,Customer Service,checking an important detail about customer service & complaints,Sustaining and defending a viewpoint about checking an important detail about customer service & complaints,Giao tiếp linh hoạt B2: customer service & complaints — checking an important detail about customer service & complaints,sustain and defend a viewpoint about checking an important detail about customer service & complaints; complete the exchange naturally at B2.,800–1000,5,Ms Lan,Ms Sarah (or another context-appropriate named Mr/Ms character),PLANNED
1777,B2,Technology,checking an important detail about technology & devices,Sustaining and defending a viewpoint about checking an important detail about technology & devices,Giao tiếp linh hoạt B2: technology & devices — checking an important detail about technology & devices,sustain and defend a viewpoint about checking an important detail about technology & devices; complete the exchange naturally at B2.,800–1000,5,Ms Lan,Mr Daniel (or another context-appropriate named Mr/Ms character),PLANNED
1778,B2,Technology,checking an important detail about internet & online accounts,Sustaining and defending a viewpoint about checking an important detail about internet & online accounts,Giao tiếp linh hoạt B2: internet & online accounts — checking an important detail about internet & online accounts,sustain and defend a viewpoint about checking an important detail about internet & online accounts; complete the exchange naturally at B2.,800–1000,5,Ms Lan,Ms Olivia (or another context-appropriate named Mr/Ms character),PLANNED
1779,B2,Leisure,checking an important detail about entertainment & events,Sustaining and defending a viewpoint about checking an important detail about entertainment & events,Giao tiếp linh hoạt B2: entertainment & events — checking an important detail about entertainment & events,sustain and defend a viewpoint about checking an important detail about entertainment & events; complete the exchange naturally at B2.,800–1000,5,Ms Lan,Mr Thomas (or another context-appropriate named Mr/Ms character),PLANNED
1780,B2,Leisure,checking an important detail about sports & hobbies,Sustaining and defending a viewpoint about checking an important detail about sports & hobbies,Giao tiếp linh hoạt B2: sports & hobbies — checking an important detail about sports & hobbies,sustain and defend a viewpoint about checking an important detail about sports & hobbies; complete the exchange naturally at B2.,800–1000,5,Ms Lan,Ms Sophie (or another context-appropriate named Mr/Ms character),PLANNED
1781,B2,Relationships,checking an important detail about friends & social plans,Sustaining and defending a viewpoint about checking an important detail about friends & social plans,Giao tiếp linh hoạt B2: friends & social plans — checking an important detail about friends & social plans,sustain and defend a viewpoint about checking an important detail about friends & social plans; complete the exchange naturally at B2.,800–1000,5,Ms Lan,Mr Michael (or another context-appropriate named Mr/Ms character),PLANNED
1782,B2,Social Life,checking an important detail about invitations & visits,Sustaining and defending a viewpoint about checking an important detail about invitations & visits,Giao tiếp linh hoạt B2: invitations & visits — checking an important detail about invitations & visits,sustain and defend a viewpoint about checking an important detail about invitations & visits; complete the exchange naturally at B2.,800–1000,5,Ms Lan,Ms Grace (or another context-appropriate named Mr/Ms character),PLANNED
1783,B2,Community,checking an important detail about community & neighbours,Sustaining and defending a viewpoint about checking an important detail about community & neighbours,Giao tiếp linh hoạt B2: community & neighbours — checking an important detail about community & neighbours,sustain and defend a viewpoint about checking an important detail about community & neighbours; complete the exchange naturally at B2.,800–1000,5,Ms Lan,Mr Henry (or another context-appropriate named Mr/Ms character),PLANNED
1784,B2,Travel Problems,checking an important detail about travel problems & changes,Sustaining and defending a viewpoint about checking an important detail about travel problems & changes,Giao tiếp linh hoạt B2: travel problems & changes — checking an important detail about travel problems & changes,sustain and defend a viewpoint about checking an important detail about travel problems & changes; complete the exchange naturally at B2.,800–1000,5,Ms Lan,Ms Anna (or another context-appropriate named Mr/Ms character),PLANNED
1785,B2,Problems,checking an important detail about lost property & missing items,Sustaining and defending a viewpoint about checking an important detail about lost property & missing items,Giao tiếp linh hoạt B2: lost property & missing items — checking an important detail about lost property & missing items,sustain and defend a viewpoint about checking an important detail about lost property & missing items; complete the exchange naturally at B2.,800–1000,5,Ms Lan,Mr David (or another context-appropriate named Mr/Ms character),PLANNED
1786,B2,Emergencies,checking an important detail about emergencies & asking for help,Sustaining and defending a viewpoint about checking an important detail about emergencies & asking for help,Giao tiếp linh hoạt B2: emergencies & asking for help — checking an important detail about emergencies & asking for help,sustain and defend a viewpoint about checking an important detail about emergencies & asking for help; complete the exchange naturally at B2.,800–1000,5,Ms Lan,Ms Emma (or another context-appropriate named Mr/Ms character),PLANNED
1787,B2,Public Life,"checking an important detail about rules, permission & public places","Sustaining and defending a viewpoint about checking an important detail about rules, permission & public places","Giao tiếp linh hoạt B2: rules, permission & public places — checking an important detail about rules, permission & public places","sustain and defend a viewpoint about checking an important detail about rules, permission & public places; complete the exchange naturally at B2.",800–1000,5,Ms Lan,Mr James (or another context-appropriate named Mr/Ms character),PLANNED
1788,B2,Housing,checking an important detail about renting & moving home,Sustaining and defending a viewpoint about checking an important detail about renting & moving home,Giao tiếp linh hoạt B2: renting & moving home — checking an important detail about renting & moving home,sustain and defend a viewpoint about checking an important detail about renting & moving home; complete the exchange naturally at B2.,800–1000,5,Ms Lan,Ms Sarah (or another context-appropriate named Mr/Ms character),PLANNED
1789,B2,Housing,checking an important detail about utilities & household bills,Sustaining and defending a viewpoint about checking an important detail about utilities & household bills,Giao tiếp linh hoạt B2: utilities & household bills — checking an important detail about utilities & household bills,sustain and defend a viewpoint about checking an important detail about utilities & household bills; complete the exchange naturally at B2.,800–1000,5,Ms Lan,Mr Daniel (or another context-appropriate named Mr/Ms character),PLANNED
1790,B2,Public Services,checking an important detail about government/public services,Sustaining and defending a viewpoint about checking an important detail about government/public services,Giao tiếp linh hoạt B2: government/public services — checking an important detail about government/public services,sustain and defend a viewpoint about checking an important detail about government/public services; complete the exchange naturally at B2.,800–1000,5,Ms Lan,Ms Olivia (or another context-appropriate named Mr/Ms character),PLANNED
1791,B2,Culture,checking an important detail about cultural differences & etiquette,Sustaining and defending a viewpoint about checking an important detail about cultural differences & etiquette,Giao tiếp linh hoạt B2: cultural differences & etiquette — checking an important detail about cultural differences & etiquette,sustain and defend a viewpoint about checking an important detail about cultural differences & etiquette; complete the exchange naturally at B2.,800–1000,5,Ms Lan,Mr Thomas (or another context-appropriate named Mr/Ms character),PLANNED
1792,B2,Interaction,checking an important detail about opinions & preferences,Sustaining and defending a viewpoint about checking an important detail about opinions & preferences,Giao tiếp linh hoạt B2: opinions & preferences — checking an important detail about opinions & preferences,sustain and defend a viewpoint about checking an important detail about opinions & preferences; complete the exchange naturally at B2.,800–1000,5,Ms Lan,Ms Sophie (or another context-appropriate named Mr/Ms character),PLANNED
1793,B2,Interaction,"checking an important detail about plans, decisions & changes","Sustaining and defending a viewpoint about checking an important detail about plans, decisions & changes","Giao tiếp linh hoạt B2: plans, decisions & changes — checking an important detail about plans, decisions & changes","sustain and defend a viewpoint about checking an important detail about plans, decisions & changes; complete the exchange naturally at B2.",800–1000,5,Ms Lan,Mr Michael (or another context-appropriate named Mr/Ms character),PLANNED
1794,B2,Interaction,checking an important detail about explaining experiences & stories,Sustaining and defending a viewpoint about checking an important detail about explaining experiences & stories,Giao tiếp linh hoạt B2: explaining experiences & stories — checking an important detail about explaining experiences & stories,sustain and defend a viewpoint about checking an important detail about explaining experiences & stories; complete the exchange naturally at B2.,800–1000,5,Ms Lan,Ms Grace (or another context-appropriate named Mr/Ms character),PLANNED
1795,B2,Interaction,checking an important detail about clarifying & repairing communication,Sustaining and defending a viewpoint about checking an important detail about clarifying & repairing communication,Giao tiếp linh hoạt B2: clarifying & repairing communication — checking an important detail about clarifying & repairing communication,sustain and defend a viewpoint about checking an important detail about clarifying & repairing communication; complete the exchange naturally at B2.,800–1000,5,Ms Lan,Mr Henry (or another context-appropriate named Mr/Ms character),PLANNED
1796,B2,Interaction,checking an important detail about disagreement & boundaries,Sustaining and defending a viewpoint about checking an important detail about disagreement & boundaries,Giao tiếp linh hoạt B2: disagreement & boundaries — checking an important detail about disagreement & boundaries,sustain and defend a viewpoint about checking an important detail about disagreement & boundaries; complete the exchange naturally at B2.,800–1000,5,Ms Lan,Ms Anna (or another context-appropriate named Mr/Ms character),PLANNED
1797,B2,Interaction,checking an important detail about negotiation & compromise,Sustaining and defending a viewpoint about checking an important detail about negotiation & compromise,Giao tiếp linh hoạt B2: negotiation & compromise — checking an important detail about negotiation & compromise,sustain and defend a viewpoint about checking an important detail about negotiation & compromise; complete the exchange naturally at B2.,800–1000,5,Ms Lan,Mr David (or another context-appropriate named Mr/Ms character),PLANNED
1798,B2,Interaction,checking an important detail about unexpected situations & problem solving,Sustaining and defending a viewpoint about checking an important detail about unexpected situations & problem solving,Giao tiếp linh hoạt B2: unexpected situations & problem solving — checking an important detail about unexpected situations & problem solving,sustain and defend a viewpoint about checking an important detail about unexpected situations & problem solving; complete the exchange naturally at B2.,800–1000,5,Ms Lan,Ms Emma (or another context-appropriate named Mr/Ms character),PLANNED
1799,B2,Society,checking an important detail about news & everyday current events,Sustaining and defending a viewpoint about checking an important detail about news & everyday current events,Giao tiếp linh hoạt B2: news & everyday current events — checking an important detail about news & everyday current events,sustain and defend a viewpoint about checking an important detail about news & everyday current events; complete the exchange naturally at B2.,800–1000,5,Ms Lan,Mr James (or another context-appropriate named Mr/Ms character),PLANNED
1800,B2,Society,checking an important detail about environment & local issues,Sustaining and defending a viewpoint about checking an important detail about environment & local issues,Giao tiếp linh hoạt B2: environment & local issues — checking an important detail about environment & local issues,sustain and defend a viewpoint about checking an important detail about environment & local issues; complete the exchange naturally at B2.,800–1000,5,Ms Lan,Ms Sarah (or another context-appropriate named Mr/Ms character),PLANNED
1801,B2,Travel,checking an important detail about travel experiences & recommendations,Sustaining and defending a viewpoint about checking an important detail about travel experiences & recommendations,Giao tiếp linh hoạt B2: travel experiences & recommendations — checking an important detail about travel experiences & recommendations,sustain and defend a viewpoint about checking an important detail about travel experiences & recommendations; complete the exchange naturally at B2.,800–1000,5,Ms Lan,Mr Daniel (or another context-appropriate named Mr/Ms character),PLANNED
1802,B2,Life Management,checking an important detail about work-life balance & personal goals,Sustaining and defending a viewpoint about checking an important detail about work-life balance & personal goals,Giao tiếp linh hoạt B2: work-life balance & personal goals — checking an important detail about work-life balance & personal goals,sustain and defend a viewpoint about checking an important detail about work-life balance & personal goals; complete the exchange naturally at B2.,800–1000,5,Ms Lan,Ms Olivia (or another context-appropriate named Mr/Ms character),PLANNED
1803,B2,Learning,checking an important detail about learning strategies & self-improvement,Sustaining and defending a viewpoint about checking an important detail about learning strategies & self-improvement,Giao tiếp linh hoạt B2: learning strategies & self-improvement — checking an important detail about learning strategies & self-improvement,sustain and defend a viewpoint about checking an important detail about learning strategies & self-improvement; complete the exchange naturally at B2.,800–1000,5,Ms Lan,Mr Thomas (or another context-appropriate named Mr/Ms character),PLANNED
1804,B2,Relationships,"checking an important detail about relationships, feelings & sensitive conversations","Sustaining and defending a viewpoint about checking an important detail about relationships, feelings & sensitive conversations","Giao tiếp linh hoạt B2: relationships, feelings & sensitive conversations — checking an important detail about relationships, feelings & sensitive conversations","sustain and defend a viewpoint about checking an important detail about relationships, feelings & sensitive conversations; complete the exchange naturally at B2.",800–1000,5,Ms Lan,Ms Sophie (or another context-appropriate named Mr/Ms character),PLANNED
1805,B2,Consumer Life,checking an important detail about complex services & consumer decisions,Sustaining and defending a viewpoint about checking an important detail about complex services & consumer decisions,Giao tiếp linh hoạt B2: complex services & consumer decisions — checking an important detail about complex services & consumer decisions,sustain and defend a viewpoint about checking an important detail about complex services & consumer decisions; complete the exchange naturally at B2.,800–1000,5,Ms Lan,Mr Michael (or another context-appropriate named Mr/Ms character),PLANNED
1806,B2,Wellbeing,asking for help with fitness & wellbeing routines,Sustaining and defending a viewpoint about asking for help with fitness & wellbeing routines,Giao tiếp linh hoạt B2: fitness & wellbeing routines — asking for help with fitness & wellbeing routines,sustain and defend a viewpoint about asking for help with fitness & wellbeing routines; complete the exchange naturally at B2.,800–1000,5,Ms Lan,Ms Grace (or another context-appropriate named Mr/Ms character),PLANNED
1807,B2,Services,asking for help with personal care services,Sustaining and defending a viewpoint about asking for help with personal care services,Giao tiếp linh hoạt B2: personal care services — asking for help with personal care services,sustain and defend a viewpoint about asking for help with personal care services; complete the exchange naturally at B2.,800–1000,5,Ms Lan,Mr Henry (or another context-appropriate named Mr/Ms character),PLANNED
1808,B2,Money,asking for help with banking & everyday money,Sustaining and defending a viewpoint about asking for help with banking & everyday money,Giao tiếp linh hoạt B2: banking & everyday money — asking for help with banking & everyday money,sustain and defend a viewpoint about asking for help with banking & everyday money; complete the exchange naturally at B2.,800–1000,5,Ms Lan,Ms Anna (or another context-appropriate named Mr/Ms character),PLANNED
1809,B2,Services,"asking for help with post, courier & deliveries","Sustaining and defending a viewpoint about asking for help with post, courier & deliveries","Giao tiếp linh hoạt B2: post, courier & deliveries — asking for help with post, courier & deliveries","sustain and defend a viewpoint about asking for help with post, courier & deliveries; complete the exchange naturally at B2.",800–1000,5,Ms Lan,Mr David (or another context-appropriate named Mr/Ms character),PLANNED
1810,B2,Services,asking for help with repairs & home services,Sustaining and defending a viewpoint about asking for help with repairs & home services,Giao tiếp linh hoạt B2: repairs & home services — asking for help with repairs & home services,sustain and defend a viewpoint about asking for help with repairs & home services; complete the exchange naturally at B2.,800–1000,5,Ms Lan,Ms Emma (or another context-appropriate named Mr/Ms character),PLANNED
1811,B2,Customer Service,asking for help with customer service & complaints,Sustaining and defending a viewpoint about asking for help with customer service & complaints,Giao tiếp linh hoạt B2: customer service & complaints — asking for help with customer service & complaints,sustain and defend a viewpoint about asking for help with customer service & complaints; complete the exchange naturally at B2.,800–1000,5,Ms Lan,Mr James (or another context-appropriate named Mr/Ms character),PLANNED
1812,B2,Technology,asking for help with technology & devices,Sustaining and defending a viewpoint about asking for help with technology & devices,Giao tiếp linh hoạt B2: technology & devices — asking for help with technology & devices,sustain and defend a viewpoint about asking for help with technology & devices; complete the exchange naturally at B2.,800–1000,5,Ms Lan,Ms Sarah (or another context-appropriate named Mr/Ms character),PLANNED
1813,B2,Technology,asking for help with internet & online accounts,Sustaining and defending a viewpoint about asking for help with internet & online accounts,Giao tiếp linh hoạt B2: internet & online accounts — asking for help with internet & online accounts,sustain and defend a viewpoint about asking for help with internet & online accounts; complete the exchange naturally at B2.,800–1000,5,Ms Lan,Mr Daniel (or another context-appropriate named Mr/Ms character),PLANNED
1814,B2,Leisure,asking for help with entertainment & events,Sustaining and defending a viewpoint about asking for help with entertainment & events,Giao tiếp linh hoạt B2: entertainment & events — asking for help with entertainment & events,sustain and defend a viewpoint about asking for help with entertainment & events; complete the exchange naturally at B2.,800–1000,5,Ms Lan,Ms Olivia (or another context-appropriate named Mr/Ms character),PLANNED
1815,B2,Leisure,asking for help with sports & hobbies,Sustaining and defending a viewpoint about asking for help with sports & hobbies,Giao tiếp linh hoạt B2: sports & hobbies — asking for help with sports & hobbies,sustain and defend a viewpoint about asking for help with sports & hobbies; complete the exchange naturally at B2.,800–1000,5,Ms Lan,Mr Thomas (or another context-appropriate named Mr/Ms character),PLANNED
1816,B2,Relationships,asking for help with friends & social plans,Sustaining and defending a viewpoint about asking for help with friends & social plans,Giao tiếp linh hoạt B2: friends & social plans — asking for help with friends & social plans,sustain and defend a viewpoint about asking for help with friends & social plans; complete the exchange naturally at B2.,800–1000,5,Ms Lan,Ms Sophie (or another context-appropriate named Mr/Ms character),PLANNED
1817,B2,Social Life,asking for help with invitations & visits,Sustaining and defending a viewpoint about asking for help with invitations & visits,Giao tiếp linh hoạt B2: invitations & visits — asking for help with invitations & visits,sustain and defend a viewpoint about asking for help with invitations & visits; complete the exchange naturally at B2.,800–1000,5,Ms Lan,Mr Michael (or another context-appropriate named Mr/Ms character),PLANNED
1818,B2,Community,asking for help with community & neighbours,Sustaining and defending a viewpoint about asking for help with community & neighbours,Giao tiếp linh hoạt B2: community & neighbours — asking for help with community & neighbours,sustain and defend a viewpoint about asking for help with community & neighbours; complete the exchange naturally at B2.,800–1000,5,Ms Lan,Ms Grace (or another context-appropriate named Mr/Ms character),PLANNED
1819,B2,Travel Problems,asking for help with travel problems & changes,Sustaining and defending a viewpoint about asking for help with travel problems & changes,Giao tiếp linh hoạt B2: travel problems & changes — asking for help with travel problems & changes,sustain and defend a viewpoint about asking for help with travel problems & changes; complete the exchange naturally at B2.,800–1000,5,Ms Lan,Mr Henry (or another context-appropriate named Mr/Ms character),PLANNED
1820,B2,Problems,asking for help with lost property & missing items,Sustaining and defending a viewpoint about asking for help with lost property & missing items,Giao tiếp linh hoạt B2: lost property & missing items — asking for help with lost property & missing items,sustain and defend a viewpoint about asking for help with lost property & missing items; complete the exchange naturally at B2.,800–1000,5,Ms Lan,Ms Anna (or another context-appropriate named Mr/Ms character),PLANNED
1821,B2,Emergencies,asking for help with emergencies & asking for help,Sustaining and defending a viewpoint about asking for help with emergencies & asking for help,Giao tiếp linh hoạt B2: emergencies & asking for help — asking for help with emergencies & asking for help,sustain and defend a viewpoint about asking for help with emergencies & asking for help; complete the exchange naturally at B2.,800–1000,5,Ms Lan,Mr David (or another context-appropriate named Mr/Ms character),PLANNED
1822,B2,Public Life,"asking for help with rules, permission & public places","Sustaining and defending a viewpoint about asking for help with rules, permission & public places","Giao tiếp linh hoạt B2: rules, permission & public places — asking for help with rules, permission & public places","sustain and defend a viewpoint about asking for help with rules, permission & public places; complete the exchange naturally at B2.",800–1000,5,Ms Lan,Ms Emma (or another context-appropriate named Mr/Ms character),PLANNED
1823,B2,Housing,asking for help with renting & moving home,Sustaining and defending a viewpoint about asking for help with renting & moving home,Giao tiếp linh hoạt B2: renting & moving home — asking for help with renting & moving home,sustain and defend a viewpoint about asking for help with renting & moving home; complete the exchange naturally at B2.,800–1000,5,Ms Lan,Mr James (or another context-appropriate named Mr/Ms character),PLANNED
1824,B2,Housing,asking for help with utilities & household bills,Sustaining and defending a viewpoint about asking for help with utilities & household bills,Giao tiếp linh hoạt B2: utilities & household bills — asking for help with utilities & household bills,sustain and defend a viewpoint about asking for help with utilities & household bills; complete the exchange naturally at B2.,800–1000,5,Ms Lan,Ms Sarah (or another context-appropriate named Mr/Ms character),PLANNED
1825,B2,Public Services,asking for help with government/public services,Sustaining and defending a viewpoint about asking for help with government/public services,Giao tiếp linh hoạt B2: government/public services — asking for help with government/public services,sustain and defend a viewpoint about asking for help with government/public services; complete the exchange naturally at B2.,800–1000,5,Ms Lan,Mr Daniel (or another context-appropriate named Mr/Ms character),PLANNED
1826,B2,Culture,asking for help with cultural differences & etiquette,Sustaining and defending a viewpoint about asking for help with cultural differences & etiquette,Giao tiếp linh hoạt B2: cultural differences & etiquette — asking for help with cultural differences & etiquette,sustain and defend a viewpoint about asking for help with cultural differences & etiquette; complete the exchange naturally at B2.,800–1000,5,Ms Lan,Ms Olivia (or another context-appropriate named Mr/Ms character),PLANNED
1827,B2,Interaction,asking for help with opinions & preferences,Sustaining and defending a viewpoint about asking for help with opinions & preferences,Giao tiếp linh hoạt B2: opinions & preferences — asking for help with opinions & preferences,sustain and defend a viewpoint about asking for help with opinions & preferences; complete the exchange naturally at B2.,800–1000,5,Ms Lan,Mr Thomas (or another context-appropriate named Mr/Ms character),PLANNED
1828,B2,Interaction,"asking for help with plans, decisions & changes","Sustaining and defending a viewpoint about asking for help with plans, decisions & changes","Giao tiếp linh hoạt B2: plans, decisions & changes — asking for help with plans, decisions & changes","sustain and defend a viewpoint about asking for help with plans, decisions & changes; complete the exchange naturally at B2.",800–1000,5,Ms Lan,Ms Sophie (or another context-appropriate named Mr/Ms character),PLANNED
1829,B2,Interaction,asking for help with explaining experiences & stories,Sustaining and defending a viewpoint about asking for help with explaining experiences & stories,Giao tiếp linh hoạt B2: explaining experiences & stories — asking for help with explaining experiences & stories,sustain and defend a viewpoint about asking for help with explaining experiences & stories; complete the exchange naturally at B2.,800–1000,5,Ms Lan,Mr Michael (or another context-appropriate named Mr/Ms character),PLANNED
1830,B2,Interaction,asking for help with clarifying & repairing communication,Sustaining and defending a viewpoint about asking for help with clarifying & repairing communication,Giao tiếp linh hoạt B2: clarifying & repairing communication — asking for help with clarifying & repairing communication,sustain and defend a viewpoint about asking for help with clarifying & repairing communication; complete the exchange naturally at B2.,800–1000,5,Ms Lan,Ms Grace (or another context-appropriate named Mr/Ms character),PLANNED
1831,B2,Interaction,asking for help with disagreement & boundaries,Sustaining and defending a viewpoint about asking for help with disagreement & boundaries,Giao tiếp linh hoạt B2: disagreement & boundaries — asking for help with disagreement & boundaries,sustain and defend a viewpoint about asking for help with disagreement & boundaries; complete the exchange naturally at B2.,800–1000,5,Ms Lan,Mr Henry (or another context-appropriate named Mr/Ms character),PLANNED
1832,B2,Interaction,asking for help with negotiation & compromise,Sustaining and defending a viewpoint about asking for help with negotiation & compromise,Giao tiếp linh hoạt B2: negotiation & compromise — asking for help with negotiation & compromise,sustain and defend a viewpoint about asking for help with negotiation & compromise; complete the exchange naturally at B2.,800–1000,5,Ms Lan,Ms Anna (or another context-appropriate named Mr/Ms character),PLANNED
1833,B2,Interaction,asking for help with unexpected situations & problem solving,Sustaining and defending a viewpoint about asking for help with unexpected situations & problem solving,Giao tiếp linh hoạt B2: unexpected situations & problem solving — asking for help with unexpected situations & problem solving,sustain and defend a viewpoint about asking for help with unexpected situations & problem solving; complete the exchange naturally at B2.,800–1000,5,Ms Lan,Mr David (or another context-appropriate named Mr/Ms character),PLANNED
1834,B2,Society,asking for help with news & everyday current events,Sustaining and defending a viewpoint about asking for help with news & everyday current events,Giao tiếp linh hoạt B2: news & everyday current events — asking for help with news & everyday current events,sustain and defend a viewpoint about asking for help with news & everyday current events; complete the exchange naturally at B2.,800–1000,5,Ms Lan,Ms Emma (or another context-appropriate named Mr/Ms character),PLANNED
1835,B2,Society,asking for help with environment & local issues,Sustaining and defending a viewpoint about asking for help with environment & local issues,Giao tiếp linh hoạt B2: environment & local issues — asking for help with environment & local issues,sustain and defend a viewpoint about asking for help with environment & local issues; complete the exchange naturally at B2.,800–1000,5,Ms Lan,Mr James (or another context-appropriate named Mr/Ms character),PLANNED
1836,B2,Travel,asking for help with travel experiences & recommendations,Sustaining and defending a viewpoint about asking for help with travel experiences & recommendations,Giao tiếp linh hoạt B2: travel experiences & recommendations — asking for help with travel experiences & recommendations,sustain and defend a viewpoint about asking for help with travel experiences & recommendations; complete the exchange naturally at B2.,800–1000,5,Ms Lan,Ms Sarah (or another context-appropriate named Mr/Ms character),PLANNED
1837,B2,Life Management,asking for help with work-life balance & personal goals,Sustaining and defending a viewpoint about asking for help with work-life balance & personal goals,Giao tiếp linh hoạt B2: work-life balance & personal goals — asking for help with work-life balance & personal goals,sustain and defend a viewpoint about asking for help with work-life balance & personal goals; complete the exchange naturally at B2.,800–1000,5,Ms Lan,Mr Daniel (or another context-appropriate named Mr/Ms character),PLANNED
1838,B2,Learning,asking for help with learning strategies & self-improvement,Sustaining and defending a viewpoint about asking for help with learning strategies & self-improvement,Giao tiếp linh hoạt B2: learning strategies & self-improvement — asking for help with learning strategies & self-improvement,sustain and defend a viewpoint about asking for help with learning strategies & self-improvement; complete the exchange naturally at B2.,800–1000,5,Ms Lan,Ms Olivia (or another context-appropriate named Mr/Ms character),PLANNED
1839,B2,Relationships,"asking for help with relationships, feelings & sensitive conversations","Sustaining and defending a viewpoint about asking for help with relationships, feelings & sensitive conversations","Giao tiếp linh hoạt B2: relationships, feelings & sensitive conversations — asking for help with relationships, feelings & sensitive conversations","sustain and defend a viewpoint about asking for help with relationships, feelings & sensitive conversations; complete the exchange naturally at B2.",800–1000,5,Ms Lan,Mr Thomas (or another context-appropriate named Mr/Ms character),PLANNED
1840,B2,Consumer Life,asking for help with complex services & consumer decisions,Sustaining and defending a viewpoint about asking for help with complex services & consumer decisions,Giao tiếp linh hoạt B2: complex services & consumer decisions — asking for help with complex services & consumer decisions,sustain and defend a viewpoint about asking for help with complex services & consumer decisions; complete the exchange naturally at B2.,800–1000,5,Ms Lan,Ms Sophie (or another context-appropriate named Mr/Ms character),PLANNED
1841,B2,Wellbeing,a change or choice involving fitness & wellbeing routines,Sustaining and defending a viewpoint about a change or choice involving fitness & wellbeing routines,Giao tiếp linh hoạt B2: fitness & wellbeing routines — a change or choice involving fitness & wellbeing routines,sustain and defend a viewpoint about a change or choice involving fitness & wellbeing routines; complete the exchange naturally at B2.,800–1000,5,Ms Lan,Mr Michael (or another context-appropriate named Mr/Ms character),PLANNED
1842,B2,Services,a change or choice involving personal care services,Sustaining and defending a viewpoint about a change or choice involving personal care services,Giao tiếp linh hoạt B2: personal care services — a change or choice involving personal care services,sustain and defend a viewpoint about a change or choice involving personal care services; complete the exchange naturally at B2.,800–1000,5,Ms Lan,Ms Grace (or another context-appropriate named Mr/Ms character),PLANNED
1843,B2,Money,a change or choice involving banking & everyday money,Sustaining and defending a viewpoint about a change or choice involving banking & everyday money,Giao tiếp linh hoạt B2: banking & everyday money — a change or choice involving banking & everyday money,sustain and defend a viewpoint about a change or choice involving banking & everyday money; complete the exchange naturally at B2.,800–1000,5,Ms Lan,Mr Henry (or another context-appropriate named Mr/Ms character),PLANNED
1844,B2,Services,"a change or choice involving post, courier & deliveries","Sustaining and defending a viewpoint about a change or choice involving post, courier & deliveries","Giao tiếp linh hoạt B2: post, courier & deliveries — a change or choice involving post, courier & deliveries","sustain and defend a viewpoint about a change or choice involving post, courier & deliveries; complete the exchange naturally at B2.",800–1000,5,Ms Lan,Ms Anna (or another context-appropriate named Mr/Ms character),PLANNED
1845,B2,Services,a change or choice involving repairs & home services,Sustaining and defending a viewpoint about a change or choice involving repairs & home services,Giao tiếp linh hoạt B2: repairs & home services — a change or choice involving repairs & home services,sustain and defend a viewpoint about a change or choice involving repairs & home services; complete the exchange naturally at B2.,800–1000,5,Ms Lan,Mr David (or another context-appropriate named Mr/Ms character),PLANNED
1846,B2,Customer Service,a change or choice involving customer service & complaints,Sustaining and defending a viewpoint about a change or choice involving customer service & complaints,Giao tiếp linh hoạt B2: customer service & complaints — a change or choice involving customer service & complaints,sustain and defend a viewpoint about a change or choice involving customer service & complaints; complete the exchange naturally at B2.,800–1000,5,Ms Lan,Ms Emma (or another context-appropriate named Mr/Ms character),PLANNED
1847,B2,Technology,a change or choice involving technology & devices,Sustaining and defending a viewpoint about a change or choice involving technology & devices,Giao tiếp linh hoạt B2: technology & devices — a change or choice involving technology & devices,sustain and defend a viewpoint about a change or choice involving technology & devices; complete the exchange naturally at B2.,800–1000,5,Ms Lan,Mr James (or another context-appropriate named Mr/Ms character),PLANNED
1848,B2,Technology,a change or choice involving internet & online accounts,Sustaining and defending a viewpoint about a change or choice involving internet & online accounts,Giao tiếp linh hoạt B2: internet & online accounts — a change or choice involving internet & online accounts,sustain and defend a viewpoint about a change or choice involving internet & online accounts; complete the exchange naturally at B2.,800–1000,5,Ms Lan,Ms Sarah (or another context-appropriate named Mr/Ms character),PLANNED
1849,B2,Leisure,a change or choice involving entertainment & events,Sustaining and defending a viewpoint about a change or choice involving entertainment & events,Giao tiếp linh hoạt B2: entertainment & events — a change or choice involving entertainment & events,sustain and defend a viewpoint about a change or choice involving entertainment & events; complete the exchange naturally at B2.,800–1000,5,Ms Lan,Mr Daniel (or another context-appropriate named Mr/Ms character),PLANNED
1850,B2,Leisure,a change or choice involving sports & hobbies,Sustaining and defending a viewpoint about a change or choice involving sports & hobbies,Giao tiếp linh hoạt B2: sports & hobbies — a change or choice involving sports & hobbies,sustain and defend a viewpoint about a change or choice involving sports & hobbies; complete the exchange naturally at B2.,800–1000,5,Ms Lan,Ms Olivia (or another context-appropriate named Mr/Ms character),PLANNED
1851,B2,Relationships,a change or choice involving friends & social plans,Sustaining and defending a viewpoint about a change or choice involving friends & social plans,Giao tiếp linh hoạt B2: friends & social plans — a change or choice involving friends & social plans,sustain and defend a viewpoint about a change or choice involving friends & social plans; complete the exchange naturally at B2.,800–1000,5,Ms Lan,Mr Thomas (or another context-appropriate named Mr/Ms character),PLANNED
1852,B2,Social Life,a change or choice involving invitations & visits,Sustaining and defending a viewpoint about a change or choice involving invitations & visits,Giao tiếp linh hoạt B2: invitations & visits — a change or choice involving invitations & visits,sustain and defend a viewpoint about a change or choice involving invitations & visits; complete the exchange naturally at B2.,800–1000,5,Ms Lan,Ms Sophie (or another context-appropriate named Mr/Ms character),PLANNED
1853,B2,Community,a change or choice involving community & neighbours,Sustaining and defending a viewpoint about a change or choice involving community & neighbours,Giao tiếp linh hoạt B2: community & neighbours — a change or choice involving community & neighbours,sustain and defend a viewpoint about a change or choice involving community & neighbours; complete the exchange naturally at B2.,800–1000,5,Ms Lan,Mr Michael (or another context-appropriate named Mr/Ms character),PLANNED
1854,B2,Travel Problems,a change or choice involving travel problems & changes,Sustaining and defending a viewpoint about a change or choice involving travel problems & changes,Giao tiếp linh hoạt B2: travel problems & changes — a change or choice involving travel problems & changes,sustain and defend a viewpoint about a change or choice involving travel problems & changes; complete the exchange naturally at B2.,800–1000,5,Ms Lan,Ms Grace (or another context-appropriate named Mr/Ms character),PLANNED
1855,B2,Problems,a change or choice involving lost property & missing items,Sustaining and defending a viewpoint about a change or choice involving lost property & missing items,Giao tiếp linh hoạt B2: lost property & missing items — a change or choice involving lost property & missing items,sustain and defend a viewpoint about a change or choice involving lost property & missing items; complete the exchange naturally at B2.,800–1000,5,Ms Lan,Mr Henry (or another context-appropriate named Mr/Ms character),PLANNED
1856,B2,Emergencies,a change or choice involving emergencies & asking for help,Sustaining and defending a viewpoint about a change or choice involving emergencies & asking for help,Giao tiếp linh hoạt B2: emergencies & asking for help — a change or choice involving emergencies & asking for help,sustain and defend a viewpoint about a change or choice involving emergencies & asking for help; complete the exchange naturally at B2.,800–1000,5,Ms Lan,Ms Anna (or another context-appropriate named Mr/Ms character),PLANNED
1857,B2,Public Life,"a change or choice involving rules, permission & public places","Sustaining and defending a viewpoint about a change or choice involving rules, permission & public places","Giao tiếp linh hoạt B2: rules, permission & public places — a change or choice involving rules, permission & public places","sustain and defend a viewpoint about a change or choice involving rules, permission & public places; complete the exchange naturally at B2.",800–1000,5,Ms Lan,Mr David (or another context-appropriate named Mr/Ms character),PLANNED
1858,B2,Housing,a change or choice involving renting & moving home,Sustaining and defending a viewpoint about a change or choice involving renting & moving home,Giao tiếp linh hoạt B2: renting & moving home — a change or choice involving renting & moving home,sustain and defend a viewpoint about a change or choice involving renting & moving home; complete the exchange naturally at B2.,800–1000,5,Ms Lan,Ms Emma (or another context-appropriate named Mr/Ms character),PLANNED
1859,B2,Housing,a change or choice involving utilities & household bills,Sustaining and defending a viewpoint about a change or choice involving utilities & household bills,Giao tiếp linh hoạt B2: utilities & household bills — a change or choice involving utilities & household bills,sustain and defend a viewpoint about a change or choice involving utilities & household bills; complete the exchange naturally at B2.,800–1000,5,Ms Lan,Mr James (or another context-appropriate named Mr/Ms character),PLANNED
1860,B2,Public Services,a change or choice involving government/public services,Sustaining and defending a viewpoint about a change or choice involving government/public services,Giao tiếp linh hoạt B2: government/public services — a change or choice involving government/public services,sustain and defend a viewpoint about a change or choice involving government/public services; complete the exchange naturally at B2.,800–1000,5,Ms Lan,Ms Sarah (or another context-appropriate named Mr/Ms character),PLANNED
1861,B2,Culture,a change or choice involving cultural differences & etiquette,Sustaining and defending a viewpoint about a change or choice involving cultural differences & etiquette,Giao tiếp linh hoạt B2: cultural differences & etiquette — a change or choice involving cultural differences & etiquette,sustain and defend a viewpoint about a change or choice involving cultural differences & etiquette; complete the exchange naturally at B2.,800–1000,5,Ms Lan,Mr Daniel (or another context-appropriate named Mr/Ms character),PLANNED
1862,B2,Interaction,a change or choice involving opinions & preferences,Sustaining and defending a viewpoint about a change or choice involving opinions & preferences,Giao tiếp linh hoạt B2: opinions & preferences — a change or choice involving opinions & preferences,sustain and defend a viewpoint about a change or choice involving opinions & preferences; complete the exchange naturally at B2.,800–1000,5,Ms Lan,Ms Olivia (or another context-appropriate named Mr/Ms character),PLANNED
1863,B2,Interaction,"a change or choice involving plans, decisions & changes","Sustaining and defending a viewpoint about a change or choice involving plans, decisions & changes","Giao tiếp linh hoạt B2: plans, decisions & changes — a change or choice involving plans, decisions & changes","sustain and defend a viewpoint about a change or choice involving plans, decisions & changes; complete the exchange naturally at B2.",800–1000,5,Ms Lan,Mr Thomas (or another context-appropriate named Mr/Ms character),PLANNED
1864,B2,Interaction,a change or choice involving explaining experiences & stories,Sustaining and defending a viewpoint about a change or choice involving explaining experiences & stories,Giao tiếp linh hoạt B2: explaining experiences & stories — a change or choice involving explaining experiences & stories,sustain and defend a viewpoint about a change or choice involving explaining experiences & stories; complete the exchange naturally at B2.,800–1000,5,Ms Lan,Ms Sophie (or another context-appropriate named Mr/Ms character),PLANNED
1865,B2,Interaction,a change or choice involving clarifying & repairing communication,Sustaining and defending a viewpoint about a change or choice involving clarifying & repairing communication,Giao tiếp linh hoạt B2: clarifying & repairing communication — a change or choice involving clarifying & repairing communication,sustain and defend a viewpoint about a change or choice involving clarifying & repairing communication; complete the exchange naturally at B2.,800–1000,5,Ms Lan,Mr Michael (or another context-appropriate named Mr/Ms character),PLANNED
1866,B2,Interaction,a change or choice involving disagreement & boundaries,Sustaining and defending a viewpoint about a change or choice involving disagreement & boundaries,Giao tiếp linh hoạt B2: disagreement & boundaries — a change or choice involving disagreement & boundaries,sustain and defend a viewpoint about a change or choice involving disagreement & boundaries; complete the exchange naturally at B2.,800–1000,5,Ms Lan,Ms Grace (or another context-appropriate named Mr/Ms character),PLANNED
1867,B2,Interaction,a change or choice involving negotiation & compromise,Sustaining and defending a viewpoint about a change or choice involving negotiation & compromise,Giao tiếp linh hoạt B2: negotiation & compromise — a change or choice involving negotiation & compromise,sustain and defend a viewpoint about a change or choice involving negotiation & compromise; complete the exchange naturally at B2.,800–1000,5,Ms Lan,Mr Henry (or another context-appropriate named Mr/Ms character),PLANNED
1868,B2,Interaction,a change or choice involving unexpected situations & problem solving,Sustaining and defending a viewpoint about a change or choice involving unexpected situations & problem solving,Giao tiếp linh hoạt B2: unexpected situations & problem solving — a change or choice involving unexpected situations & problem solving,sustain and defend a viewpoint about a change or choice involving unexpected situations & problem solving; complete the exchange naturally at B2.,800–1000,5,Ms Lan,Ms Anna (or another context-appropriate named Mr/Ms character),PLANNED
1869,B2,Society,a change or choice involving news & everyday current events,Sustaining and defending a viewpoint about a change or choice involving news & everyday current events,Giao tiếp linh hoạt B2: news & everyday current events — a change or choice involving news & everyday current events,sustain and defend a viewpoint about a change or choice involving news & everyday current events; complete the exchange naturally at B2.,800–1000,5,Ms Lan,Mr David (or another context-appropriate named Mr/Ms character),PLANNED
1870,B2,Society,a change or choice involving environment & local issues,Sustaining and defending a viewpoint about a change or choice involving environment & local issues,Giao tiếp linh hoạt B2: environment & local issues — a change or choice involving environment & local issues,sustain and defend a viewpoint about a change or choice involving environment & local issues; complete the exchange naturally at B2.,800–1000,5,Ms Lan,Ms Emma (or another context-appropriate named Mr/Ms character),PLANNED
1871,B2,Travel,a change or choice involving travel experiences & recommendations,Sustaining and defending a viewpoint about a change or choice involving travel experiences & recommendations,Giao tiếp linh hoạt B2: travel experiences & recommendations — a change or choice involving travel experiences & recommendations,sustain and defend a viewpoint about a change or choice involving travel experiences & recommendations; complete the exchange naturally at B2.,800–1000,5,Ms Lan,Mr James (or another context-appropriate named Mr/Ms character),PLANNED
1872,B2,Life Management,a change or choice involving work-life balance & personal goals,Sustaining and defending a viewpoint about a change or choice involving work-life balance & personal goals,Giao tiếp linh hoạt B2: work-life balance & personal goals — a change or choice involving work-life balance & personal goals,sustain and defend a viewpoint about a change or choice involving work-life balance & personal goals; complete the exchange naturally at B2.,800–1000,5,Ms Lan,Ms Sarah (or another context-appropriate named Mr/Ms character),PLANNED
1873,B2,Learning,a change or choice involving learning strategies & self-improvement,Sustaining and defending a viewpoint about a change or choice involving learning strategies & self-improvement,Giao tiếp linh hoạt B2: learning strategies & self-improvement — a change or choice involving learning strategies & self-improvement,sustain and defend a viewpoint about a change or choice involving learning strategies & self-improvement; complete the exchange naturally at B2.,800–1000,5,Ms Lan,Mr Daniel (or another context-appropriate named Mr/Ms character),PLANNED
1874,B2,Relationships,"a change or choice involving relationships, feelings & sensitive conversations","Sustaining and defending a viewpoint about a change or choice involving relationships, feelings & sensitive conversations","Giao tiếp linh hoạt B2: relationships, feelings & sensitive conversations — a change or choice involving relationships, feelings & sensitive conversations","sustain and defend a viewpoint about a change or choice involving relationships, feelings & sensitive conversations; complete the exchange naturally at B2.",800–1000,5,Ms Lan,Ms Olivia (or another context-appropriate named Mr/Ms character),PLANNED
1875,B2,Consumer Life,a change or choice involving complex services & consumer decisions,Sustaining and defending a viewpoint about a change or choice involving complex services & consumer decisions,Giao tiếp linh hoạt B2: complex services & consumer decisions — a change or choice involving complex services & consumer decisions,sustain and defend a viewpoint about a change or choice involving complex services & consumer decisions; complete the exchange naturally at B2.,800–1000,5,Ms Lan,Mr Thomas (or another context-appropriate named Mr/Ms character),PLANNED
1876,B2,Wellbeing,a misunderstanding or problem involving fitness & wellbeing routines,Sustaining and defending a viewpoint about a misunderstanding or problem involving fitness & wellbeing routines,Giao tiếp linh hoạt B2: fitness & wellbeing routines — a misunderstanding or problem involving fitness & wellbeing routines,sustain and defend a viewpoint about a misunderstanding or problem involving fitness & wellbeing routines; complete the exchange naturally at B2.,800–1000,5,Ms Lan,Ms Sophie (or another context-appropriate named Mr/Ms character),PLANNED
1877,B2,Services,a misunderstanding or problem involving personal care services,Sustaining and defending a viewpoint about a misunderstanding or problem involving personal care services,Giao tiếp linh hoạt B2: personal care services — a misunderstanding or problem involving personal care services,sustain and defend a viewpoint about a misunderstanding or problem involving personal care services; complete the exchange naturally at B2.,800–1000,5,Ms Lan,Mr Michael (or another context-appropriate named Mr/Ms character),PLANNED
1878,B2,Money,a misunderstanding or problem involving banking & everyday money,Sustaining and defending a viewpoint about a misunderstanding or problem involving banking & everyday money,Giao tiếp linh hoạt B2: banking & everyday money — a misunderstanding or problem involving banking & everyday money,sustain and defend a viewpoint about a misunderstanding or problem involving banking & everyday money; complete the exchange naturally at B2.,800–1000,5,Ms Lan,Ms Grace (or another context-appropriate named Mr/Ms character),PLANNED
1879,B2,Services,"a misunderstanding or problem involving post, courier & deliveries","Sustaining and defending a viewpoint about a misunderstanding or problem involving post, courier & deliveries","Giao tiếp linh hoạt B2: post, courier & deliveries — a misunderstanding or problem involving post, courier & deliveries","sustain and defend a viewpoint about a misunderstanding or problem involving post, courier & deliveries; complete the exchange naturally at B2.",800–1000,5,Ms Lan,Mr Henry (or another context-appropriate named Mr/Ms character),PLANNED
1880,B2,Services,a misunderstanding or problem involving repairs & home services,Sustaining and defending a viewpoint about a misunderstanding or problem involving repairs & home services,Giao tiếp linh hoạt B2: repairs & home services — a misunderstanding or problem involving repairs & home services,sustain and defend a viewpoint about a misunderstanding or problem involving repairs & home services; complete the exchange naturally at B2.,800–1000,5,Ms Lan,Ms Anna (or another context-appropriate named Mr/Ms character),PLANNED
1881,B2,Customer Service,a misunderstanding or problem involving customer service & complaints,Sustaining and defending a viewpoint about a misunderstanding or problem involving customer service & complaints,Giao tiếp linh hoạt B2: customer service & complaints — a misunderstanding or problem involving customer service & complaints,sustain and defend a viewpoint about a misunderstanding or problem involving customer service & complaints; complete the exchange naturally at B2.,800–1000,5,Ms Lan,Mr David (or another context-appropriate named Mr/Ms character),PLANNED
1882,B2,Technology,a misunderstanding or problem involving technology & devices,Sustaining and defending a viewpoint about a misunderstanding or problem involving technology & devices,Giao tiếp linh hoạt B2: technology & devices — a misunderstanding or problem involving technology & devices,sustain and defend a viewpoint about a misunderstanding or problem involving technology & devices; complete the exchange naturally at B2.,800–1000,5,Ms Lan,Ms Emma (or another context-appropriate named Mr/Ms character),PLANNED
1883,B2,Technology,a misunderstanding or problem involving internet & online accounts,Sustaining and defending a viewpoint about a misunderstanding or problem involving internet & online accounts,Giao tiếp linh hoạt B2: internet & online accounts — a misunderstanding or problem involving internet & online accounts,sustain and defend a viewpoint about a misunderstanding or problem involving internet & online accounts; complete the exchange naturally at B2.,800–1000,5,Ms Lan,Mr James (or another context-appropriate named Mr/Ms character),PLANNED
1884,B2,Leisure,a misunderstanding or problem involving entertainment & events,Sustaining and defending a viewpoint about a misunderstanding or problem involving entertainment & events,Giao tiếp linh hoạt B2: entertainment & events — a misunderstanding or problem involving entertainment & events,sustain and defend a viewpoint about a misunderstanding or problem involving entertainment & events; complete the exchange naturally at B2.,800–1000,5,Ms Lan,Ms Sarah (or another context-appropriate named Mr/Ms character),PLANNED
1885,B2,Leisure,a misunderstanding or problem involving sports & hobbies,Sustaining and defending a viewpoint about a misunderstanding or problem involving sports & hobbies,Giao tiếp linh hoạt B2: sports & hobbies — a misunderstanding or problem involving sports & hobbies,sustain and defend a viewpoint about a misunderstanding or problem involving sports & hobbies; complete the exchange naturally at B2.,800–1000,5,Ms Lan,Mr Daniel (or another context-appropriate named Mr/Ms character),PLANNED
1886,B2,Relationships,a misunderstanding or problem involving friends & social plans,Sustaining and defending a viewpoint about a misunderstanding or problem involving friends & social plans,Giao tiếp linh hoạt B2: friends & social plans — a misunderstanding or problem involving friends & social plans,sustain and defend a viewpoint about a misunderstanding or problem involving friends & social plans; complete the exchange naturally at B2.,800–1000,5,Ms Lan,Ms Olivia (or another context-appropriate named Mr/Ms character),PLANNED
1887,B2,Social Life,a misunderstanding or problem involving invitations & visits,Sustaining and defending a viewpoint about a misunderstanding or problem involving invitations & visits,Giao tiếp linh hoạt B2: invitations & visits — a misunderstanding or problem involving invitations & visits,sustain and defend a viewpoint about a misunderstanding or problem involving invitations & visits; complete the exchange naturally at B2.,800–1000,5,Ms Lan,Mr Thomas (or another context-appropriate named Mr/Ms character),PLANNED
1888,B2,Community,a misunderstanding or problem involving community & neighbours,Sustaining and defending a viewpoint about a misunderstanding or problem involving community & neighbours,Giao tiếp linh hoạt B2: community & neighbours — a misunderstanding or problem involving community & neighbours,sustain and defend a viewpoint about a misunderstanding or problem involving community & neighbours; complete the exchange naturally at B2.,800–1000,5,Ms Lan,Ms Sophie (or another context-appropriate named Mr/Ms character),PLANNED
1889,B2,Travel Problems,a misunderstanding or problem involving travel problems & changes,Sustaining and defending a viewpoint about a misunderstanding or problem involving travel problems & changes,Giao tiếp linh hoạt B2: travel problems & changes — a misunderstanding or problem involving travel problems & changes,sustain and defend a viewpoint about a misunderstanding or problem involving travel problems & changes; complete the exchange naturally at B2.,800–1000,5,Ms Lan,Mr Michael (or another context-appropriate named Mr/Ms character),PLANNED
1890,B2,Problems,a misunderstanding or problem involving lost property & missing items,Sustaining and defending a viewpoint about a misunderstanding or problem involving lost property & missing items,Giao tiếp linh hoạt B2: lost property & missing items — a misunderstanding or problem involving lost property & missing items,sustain and defend a viewpoint about a misunderstanding or problem involving lost property & missing items; complete the exchange naturally at B2.,800–1000,5,Ms Lan,Ms Grace (or another context-appropriate named Mr/Ms character),PLANNED
1891,B2,Emergencies,a misunderstanding or problem involving emergencies & asking for help,Sustaining and defending a viewpoint about a misunderstanding or problem involving emergencies & asking for help,Giao tiếp linh hoạt B2: emergencies & asking for help — a misunderstanding or problem involving emergencies & asking for help,sustain and defend a viewpoint about a misunderstanding or problem involving emergencies & asking for help; complete the exchange naturally at B2.,800–1000,5,Ms Lan,Mr Henry (or another context-appropriate named Mr/Ms character),PLANNED
1892,B2,Public Life,"a misunderstanding or problem involving rules, permission & public places","Sustaining and defending a viewpoint about a misunderstanding or problem involving rules, permission & public places","Giao tiếp linh hoạt B2: rules, permission & public places — a misunderstanding or problem involving rules, permission & public places","sustain and defend a viewpoint about a misunderstanding or problem involving rules, permission & public places; complete the exchange naturally at B2.",800–1000,5,Ms Lan,Ms Anna (or another context-appropriate named Mr/Ms character),PLANNED
1893,B2,Housing,a misunderstanding or problem involving renting & moving home,Sustaining and defending a viewpoint about a misunderstanding or problem involving renting & moving home,Giao tiếp linh hoạt B2: renting & moving home — a misunderstanding or problem involving renting & moving home,sustain and defend a viewpoint about a misunderstanding or problem involving renting & moving home; complete the exchange naturally at B2.,800–1000,5,Ms Lan,Mr David (or another context-appropriate named Mr/Ms character),PLANNED
1894,B2,Housing,a misunderstanding or problem involving utilities & household bills,Sustaining and defending a viewpoint about a misunderstanding or problem involving utilities & household bills,Giao tiếp linh hoạt B2: utilities & household bills — a misunderstanding or problem involving utilities & household bills,sustain and defend a viewpoint about a misunderstanding or problem involving utilities & household bills; complete the exchange naturally at B2.,800–1000,5,Ms Lan,Ms Emma (or another context-appropriate named Mr/Ms character),PLANNED
1895,B2,Public Services,a misunderstanding or problem involving government/public services,Sustaining and defending a viewpoint about a misunderstanding or problem involving government/public services,Giao tiếp linh hoạt B2: government/public services — a misunderstanding or problem involving government/public services,sustain and defend a viewpoint about a misunderstanding or problem involving government/public services; complete the exchange naturally at B2.,800–1000,5,Ms Lan,Mr James (or another context-appropriate named Mr/Ms character),PLANNED
1896,B2,Culture,a misunderstanding or problem involving cultural differences & etiquette,Sustaining and defending a viewpoint about a misunderstanding or problem involving cultural differences & etiquette,Giao tiếp linh hoạt B2: cultural differences & etiquette — a misunderstanding or problem involving cultural differences & etiquette,sustain and defend a viewpoint about a misunderstanding or problem involving cultural differences & etiquette; complete the exchange naturally at B2.,800–1000,5,Ms Lan,Ms Sarah (or another context-appropriate named Mr/Ms character),PLANNED
1897,B2,Interaction,a misunderstanding or problem involving opinions & preferences,Sustaining and defending a viewpoint about a misunderstanding or problem involving opinions & preferences,Giao tiếp linh hoạt B2: opinions & preferences — a misunderstanding or problem involving opinions & preferences,sustain and defend a viewpoint about a misunderstanding or problem involving opinions & preferences; complete the exchange naturally at B2.,800–1000,5,Ms Lan,Mr Daniel (or another context-appropriate named Mr/Ms character),PLANNED
1898,B2,Interaction,"a misunderstanding or problem involving plans, decisions & changes","Sustaining and defending a viewpoint about a misunderstanding or problem involving plans, decisions & changes","Giao tiếp linh hoạt B2: plans, decisions & changes — a misunderstanding or problem involving plans, decisions & changes","sustain and defend a viewpoint about a misunderstanding or problem involving plans, decisions & changes; complete the exchange naturally at B2.",800–1000,5,Ms Lan,Ms Olivia (or another context-appropriate named Mr/Ms character),PLANNED
1899,B2,Interaction,a misunderstanding or problem involving explaining experiences & stories,Sustaining and defending a viewpoint about a misunderstanding or problem involving explaining experiences & stories,Giao tiếp linh hoạt B2: explaining experiences & stories — a misunderstanding or problem involving explaining experiences & stories,sustain and defend a viewpoint about a misunderstanding or problem involving explaining experiences & stories; complete the exchange naturally at B2.,800–1000,5,Ms Lan,Mr Thomas (or another context-appropriate named Mr/Ms character),PLANNED
1900,B2,Interaction,a misunderstanding or problem involving clarifying & repairing communication,Sustaining and defending a viewpoint about a misunderstanding or problem involving clarifying & repairing communication,Giao tiếp linh hoạt B2: clarifying & repairing communication — a misunderstanding or problem involving clarifying & repairing communication,sustain and defend a viewpoint about a misunderstanding or problem involving clarifying & repairing communication; complete the exchange naturally at B2.,800–1000,5,Ms Lan,Ms Sophie (or another context-appropriate named Mr/Ms character),PLANNED
1901,B2,Interaction,a misunderstanding or problem involving disagreement & boundaries,Sustaining and defending a viewpoint about a misunderstanding or problem involving disagreement & boundaries,Giao tiếp linh hoạt B2: disagreement & boundaries — a misunderstanding or problem involving disagreement & boundaries,sustain and defend a viewpoint about a misunderstanding or problem involving disagreement & boundaries; complete the exchange naturally at B2.,800–1000,5,Ms Lan,Mr Michael (or another context-appropriate named Mr/Ms character),PLANNED
1902,B2,Interaction,a misunderstanding or problem involving negotiation & compromise,Sustaining and defending a viewpoint about a misunderstanding or problem involving negotiation & compromise,Giao tiếp linh hoạt B2: negotiation & compromise — a misunderstanding or problem involving negotiation & compromise,sustain and defend a viewpoint about a misunderstanding or problem involving negotiation & compromise; complete the exchange naturally at B2.,800–1000,5,Ms Lan,Ms Grace (or another context-appropriate named Mr/Ms character),PLANNED
1903,B2,Interaction,a misunderstanding or problem involving unexpected situations & problem solving,Sustaining and defending a viewpoint about a misunderstanding or problem involving unexpected situations & problem solving,Giao tiếp linh hoạt B2: unexpected situations & problem solving — a misunderstanding or problem involving unexpected situations & problem solving,sustain and defend a viewpoint about a misunderstanding or problem involving unexpected situations & problem solving; complete the exchange naturally at B2.,800–1000,5,Ms Lan,Mr Henry (or another context-appropriate named Mr/Ms character),PLANNED
1904,B2,Society,a misunderstanding or problem involving news & everyday current events,Sustaining and defending a viewpoint about a misunderstanding or problem involving news & everyday current events,Giao tiếp linh hoạt B2: news & everyday current events — a misunderstanding or problem involving news & everyday current events,sustain and defend a viewpoint about a misunderstanding or problem involving news & everyday current events; complete the exchange naturally at B2.,800–1000,5,Ms Lan,Ms Anna (or another context-appropriate named Mr/Ms character),PLANNED
1905,B2,Society,a misunderstanding or problem involving environment & local issues,Sustaining and defending a viewpoint about a misunderstanding or problem involving environment & local issues,Giao tiếp linh hoạt B2: environment & local issues — a misunderstanding or problem involving environment & local issues,sustain and defend a viewpoint about a misunderstanding or problem involving environment & local issues; complete the exchange naturally at B2.,800–1000,5,Ms Lan,Mr David (or another context-appropriate named Mr/Ms character),PLANNED
1906,B2,Travel,a misunderstanding or problem involving travel experiences & recommendations,Sustaining and defending a viewpoint about a misunderstanding or problem involving travel experiences & recommendations,Giao tiếp linh hoạt B2: travel experiences & recommendations — a misunderstanding or problem involving travel experiences & recommendations,sustain and defend a viewpoint about a misunderstanding or problem involving travel experiences & recommendations; complete the exchange naturally at B2.,800–1000,5,Ms Lan,Ms Emma (or another context-appropriate named Mr/Ms character),PLANNED
1907,B2,Life Management,a misunderstanding or problem involving work-life balance & personal goals,Sustaining and defending a viewpoint about a misunderstanding or problem involving work-life balance & personal goals,Giao tiếp linh hoạt B2: work-life balance & personal goals — a misunderstanding or problem involving work-life balance & personal goals,sustain and defend a viewpoint about a misunderstanding or problem involving work-life balance & personal goals; complete the exchange naturally at B2.,800–1000,5,Ms Lan,Mr James (or another context-appropriate named Mr/Ms character),PLANNED
1908,B2,Learning,a misunderstanding or problem involving learning strategies & self-improvement,Sustaining and defending a viewpoint about a misunderstanding or problem involving learning strategies & self-improvement,Giao tiếp linh hoạt B2: learning strategies & self-improvement — a misunderstanding or problem involving learning strategies & self-improvement,sustain and defend a viewpoint about a misunderstanding or problem involving learning strategies & self-improvement; complete the exchange naturally at B2.,800–1000,5,Ms Lan,Ms Sarah (or another context-appropriate named Mr/Ms character),PLANNED
1909,B2,Relationships,"a misunderstanding or problem involving relationships, feelings & sensitive conversations","Sustaining and defending a viewpoint about a misunderstanding or problem involving relationships, feelings & sensitive conversations","Giao tiếp linh hoạt B2: relationships, feelings & sensitive conversations — a misunderstanding or problem involving relationships, feelings & sensitive conversations","sustain and defend a viewpoint about a misunderstanding or problem involving relationships, feelings & sensitive conversations; complete the exchange naturally at B2.",800–1000,5,Ms Lan,Mr Daniel (or another context-appropriate named Mr/Ms character),PLANNED
1910,B2,Consumer Life,a misunderstanding or problem involving complex services & consumer decisions,Sustaining and defending a viewpoint about a misunderstanding or problem involving complex services & consumer decisions,Giao tiếp linh hoạt B2: complex services & consumer decisions — a misunderstanding or problem involving complex services & consumer decisions,sustain and defend a viewpoint about a misunderstanding or problem involving complex services & consumer decisions; complete the exchange naturally at B2.,800–1000,5,Ms Lan,Ms Olivia (or another context-appropriate named Mr/Ms character),PLANNED
1911,B2,Wellbeing,the first practical exchange about fitness & wellbeing routines,Handling an unexpected complication involving the first practical exchange about fitness & wellbeing routines,Giao tiếp linh hoạt B2: fitness & wellbeing routines — the first practical exchange about fitness & wellbeing routines,handle an unexpected complication involving the first practical exchange about fitness & wellbeing routines; complete the exchange naturally at B2.,800–1000,5,Ms Lan,Mr Thomas (or another context-appropriate named Mr/Ms character),PLANNED
1912,B2,Services,the first practical exchange about personal care services,Handling an unexpected complication involving the first practical exchange about personal care services,Giao tiếp linh hoạt B2: personal care services — the first practical exchange about personal care services,handle an unexpected complication involving the first practical exchange about personal care services; complete the exchange naturally at B2.,800–1000,5,Ms Lan,Ms Sophie (or another context-appropriate named Mr/Ms character),PLANNED
1913,B2,Money,the first practical exchange about banking & everyday money,Handling an unexpected complication involving the first practical exchange about banking & everyday money,Giao tiếp linh hoạt B2: banking & everyday money — the first practical exchange about banking & everyday money,handle an unexpected complication involving the first practical exchange about banking & everyday money; complete the exchange naturally at B2.,800–1000,5,Ms Lan,Mr Michael (or another context-appropriate named Mr/Ms character),PLANNED
1914,B2,Services,"the first practical exchange about post, courier & deliveries","Handling an unexpected complication involving the first practical exchange about post, courier & deliveries","Giao tiếp linh hoạt B2: post, courier & deliveries — the first practical exchange about post, courier & deliveries","handle an unexpected complication involving the first practical exchange about post, courier & deliveries; complete the exchange naturally at B2.",800–1000,5,Ms Lan,Ms Grace (or another context-appropriate named Mr/Ms character),PLANNED
1915,B2,Services,the first practical exchange about repairs & home services,Handling an unexpected complication involving the first practical exchange about repairs & home services,Giao tiếp linh hoạt B2: repairs & home services — the first practical exchange about repairs & home services,handle an unexpected complication involving the first practical exchange about repairs & home services; complete the exchange naturally at B2.,800–1000,5,Ms Lan,Mr Henry (or another context-appropriate named Mr/Ms character),PLANNED
1916,B2,Customer Service,the first practical exchange about customer service & complaints,Handling an unexpected complication involving the first practical exchange about customer service & complaints,Giao tiếp linh hoạt B2: customer service & complaints — the first practical exchange about customer service & complaints,handle an unexpected complication involving the first practical exchange about customer service & complaints; complete the exchange naturally at B2.,800–1000,5,Ms Lan,Ms Anna (or another context-appropriate named Mr/Ms character),PLANNED
1917,B2,Technology,the first practical exchange about technology & devices,Handling an unexpected complication involving the first practical exchange about technology & devices,Giao tiếp linh hoạt B2: technology & devices — the first practical exchange about technology & devices,handle an unexpected complication involving the first practical exchange about technology & devices; complete the exchange naturally at B2.,800–1000,5,Ms Lan,Mr David (or another context-appropriate named Mr/Ms character),PLANNED
1918,B2,Technology,the first practical exchange about internet & online accounts,Handling an unexpected complication involving the first practical exchange about internet & online accounts,Giao tiếp linh hoạt B2: internet & online accounts — the first practical exchange about internet & online accounts,handle an unexpected complication involving the first practical exchange about internet & online accounts; complete the exchange naturally at B2.,800–1000,5,Ms Lan,Ms Emma (or another context-appropriate named Mr/Ms character),PLANNED
1919,B2,Leisure,the first practical exchange about entertainment & events,Handling an unexpected complication involving the first practical exchange about entertainment & events,Giao tiếp linh hoạt B2: entertainment & events — the first practical exchange about entertainment & events,handle an unexpected complication involving the first practical exchange about entertainment & events; complete the exchange naturally at B2.,800–1000,5,Ms Lan,Mr James (or another context-appropriate named Mr/Ms character),PLANNED
1920,B2,Leisure,the first practical exchange about sports & hobbies,Handling an unexpected complication involving the first practical exchange about sports & hobbies,Giao tiếp linh hoạt B2: sports & hobbies — the first practical exchange about sports & hobbies,handle an unexpected complication involving the first practical exchange about sports & hobbies; complete the exchange naturally at B2.,800–1000,5,Ms Lan,Ms Sarah (or another context-appropriate named Mr/Ms character),PLANNED
1921,B2,Relationships,the first practical exchange about friends & social plans,Handling an unexpected complication involving the first practical exchange about friends & social plans,Giao tiếp linh hoạt B2: friends & social plans — the first practical exchange about friends & social plans,handle an unexpected complication involving the first practical exchange about friends & social plans; complete the exchange naturally at B2.,800–1000,5,Ms Lan,Mr Daniel (or another context-appropriate named Mr/Ms character),PLANNED
1922,B2,Social Life,the first practical exchange about invitations & visits,Handling an unexpected complication involving the first practical exchange about invitations & visits,Giao tiếp linh hoạt B2: invitations & visits — the first practical exchange about invitations & visits,handle an unexpected complication involving the first practical exchange about invitations & visits; complete the exchange naturally at B2.,800–1000,5,Ms Lan,Ms Olivia (or another context-appropriate named Mr/Ms character),PLANNED
1923,B2,Community,the first practical exchange about community & neighbours,Handling an unexpected complication involving the first practical exchange about community & neighbours,Giao tiếp linh hoạt B2: community & neighbours — the first practical exchange about community & neighbours,handle an unexpected complication involving the first practical exchange about community & neighbours; complete the exchange naturally at B2.,800–1000,5,Ms Lan,Mr Thomas (or another context-appropriate named Mr/Ms character),PLANNED
1924,B2,Travel Problems,the first practical exchange about travel problems & changes,Handling an unexpected complication involving the first practical exchange about travel problems & changes,Giao tiếp linh hoạt B2: travel problems & changes — the first practical exchange about travel problems & changes,handle an unexpected complication involving the first practical exchange about travel problems & changes; complete the exchange naturally at B2.,800–1000,5,Ms Lan,Ms Sophie (or another context-appropriate named Mr/Ms character),PLANNED
1925,B2,Problems,the first practical exchange about lost property & missing items,Handling an unexpected complication involving the first practical exchange about lost property & missing items,Giao tiếp linh hoạt B2: lost property & missing items — the first practical exchange about lost property & missing items,handle an unexpected complication involving the first practical exchange about lost property & missing items; complete the exchange naturally at B2.,800–1000,5,Ms Lan,Mr Michael (or another context-appropriate named Mr/Ms character),PLANNED
1926,B2,Emergencies,the first practical exchange about emergencies & asking for help,Handling an unexpected complication involving the first practical exchange about emergencies & asking for help,Giao tiếp linh hoạt B2: emergencies & asking for help — the first practical exchange about emergencies & asking for help,handle an unexpected complication involving the first practical exchange about emergencies & asking for help; complete the exchange naturally at B2.,800–1000,5,Ms Lan,Ms Grace (or another context-appropriate named Mr/Ms character),PLANNED
1927,B2,Public Life,"the first practical exchange about rules, permission & public places","Handling an unexpected complication involving the first practical exchange about rules, permission & public places","Giao tiếp linh hoạt B2: rules, permission & public places — the first practical exchange about rules, permission & public places","handle an unexpected complication involving the first practical exchange about rules, permission & public places; complete the exchange naturally at B2.",800–1000,5,Ms Lan,Mr Henry (or another context-appropriate named Mr/Ms character),PLANNED
1928,B2,Housing,the first practical exchange about renting & moving home,Handling an unexpected complication involving the first practical exchange about renting & moving home,Giao tiếp linh hoạt B2: renting & moving home — the first practical exchange about renting & moving home,handle an unexpected complication involving the first practical exchange about renting & moving home; complete the exchange naturally at B2.,800–1000,5,Ms Lan,Ms Anna (or another context-appropriate named Mr/Ms character),PLANNED
1929,B2,Housing,the first practical exchange about utilities & household bills,Handling an unexpected complication involving the first practical exchange about utilities & household bills,Giao tiếp linh hoạt B2: utilities & household bills — the first practical exchange about utilities & household bills,handle an unexpected complication involving the first practical exchange about utilities & household bills; complete the exchange naturally at B2.,800–1000,5,Ms Lan,Mr David (or another context-appropriate named Mr/Ms character),PLANNED
1930,B2,Public Services,the first practical exchange about government/public services,Handling an unexpected complication involving the first practical exchange about government/public services,Giao tiếp linh hoạt B2: government/public services — the first practical exchange about government/public services,handle an unexpected complication involving the first practical exchange about government/public services; complete the exchange naturally at B2.,800–1000,5,Ms Lan,Ms Emma (or another context-appropriate named Mr/Ms character),PLANNED
1931,B2,Culture,the first practical exchange about cultural differences & etiquette,Handling an unexpected complication involving the first practical exchange about cultural differences & etiquette,Giao tiếp linh hoạt B2: cultural differences & etiquette — the first practical exchange about cultural differences & etiquette,handle an unexpected complication involving the first practical exchange about cultural differences & etiquette; complete the exchange naturally at B2.,800–1000,5,Ms Lan,Mr James (or another context-appropriate named Mr/Ms character),PLANNED
1932,B2,Interaction,the first practical exchange about opinions & preferences,Handling an unexpected complication involving the first practical exchange about opinions & preferences,Giao tiếp linh hoạt B2: opinions & preferences — the first practical exchange about opinions & preferences,handle an unexpected complication involving the first practical exchange about opinions & preferences; complete the exchange naturally at B2.,800–1000,5,Ms Lan,Ms Sarah (or another context-appropriate named Mr/Ms character),PLANNED
1933,B2,Interaction,"the first practical exchange about plans, decisions & changes","Handling an unexpected complication involving the first practical exchange about plans, decisions & changes","Giao tiếp linh hoạt B2: plans, decisions & changes — the first practical exchange about plans, decisions & changes","handle an unexpected complication involving the first practical exchange about plans, decisions & changes; complete the exchange naturally at B2.",800–1000,5,Ms Lan,Mr Daniel (or another context-appropriate named Mr/Ms character),PLANNED
1934,B2,Interaction,the first practical exchange about explaining experiences & stories,Handling an unexpected complication involving the first practical exchange about explaining experiences & stories,Giao tiếp linh hoạt B2: explaining experiences & stories — the first practical exchange about explaining experiences & stories,handle an unexpected complication involving the first practical exchange about explaining experiences & stories; complete the exchange naturally at B2.,800–1000,5,Ms Lan,Ms Olivia (or another context-appropriate named Mr/Ms character),PLANNED
1935,B2,Interaction,the first practical exchange about clarifying & repairing communication,Handling an unexpected complication involving the first practical exchange about clarifying & repairing communication,Giao tiếp linh hoạt B2: clarifying & repairing communication — the first practical exchange about clarifying & repairing communication,handle an unexpected complication involving the first practical exchange about clarifying & repairing communication; complete the exchange naturally at B2.,800–1000,5,Ms Lan,Mr Thomas (or another context-appropriate named Mr/Ms character),PLANNED
1936,B2,Interaction,the first practical exchange about disagreement & boundaries,Handling an unexpected complication involving the first practical exchange about disagreement & boundaries,Giao tiếp linh hoạt B2: disagreement & boundaries — the first practical exchange about disagreement & boundaries,handle an unexpected complication involving the first practical exchange about disagreement & boundaries; complete the exchange naturally at B2.,800–1000,5,Ms Lan,Ms Sophie (or another context-appropriate named Mr/Ms character),PLANNED
1937,B2,Interaction,the first practical exchange about negotiation & compromise,Handling an unexpected complication involving the first practical exchange about negotiation & compromise,Giao tiếp linh hoạt B2: negotiation & compromise — the first practical exchange about negotiation & compromise,handle an unexpected complication involving the first practical exchange about negotiation & compromise; complete the exchange naturally at B2.,800–1000,5,Ms Lan,Mr Michael (or another context-appropriate named Mr/Ms character),PLANNED
1938,B2,Interaction,the first practical exchange about unexpected situations & problem solving,Handling an unexpected complication involving the first practical exchange about unexpected situations & problem solving,Giao tiếp linh hoạt B2: unexpected situations & problem solving — the first practical exchange about unexpected situations & problem solving,handle an unexpected complication involving the first practical exchange about unexpected situations & problem solving; complete the exchange naturally at B2.,800–1000,5,Ms Lan,Ms Grace (or another context-appropriate named Mr/Ms character),PLANNED
1939,B2,Society,the first practical exchange about news & everyday current events,Handling an unexpected complication involving the first practical exchange about news & everyday current events,Giao tiếp linh hoạt B2: news & everyday current events — the first practical exchange about news & everyday current events,handle an unexpected complication involving the first practical exchange about news & everyday current events; complete the exchange naturally at B2.,800–1000,5,Ms Lan,Mr Henry (or another context-appropriate named Mr/Ms character),PLANNED
1940,B2,Society,the first practical exchange about environment & local issues,Handling an unexpected complication involving the first practical exchange about environment & local issues,Giao tiếp linh hoạt B2: environment & local issues — the first practical exchange about environment & local issues,handle an unexpected complication involving the first practical exchange about environment & local issues; complete the exchange naturally at B2.,800–1000,5,Ms Lan,Ms Anna (or another context-appropriate named Mr/Ms character),PLANNED
1941,B2,Travel,the first practical exchange about travel experiences & recommendations,Handling an unexpected complication involving the first practical exchange about travel experiences & recommendations,Giao tiếp linh hoạt B2: travel experiences & recommendations — the first practical exchange about travel experiences & recommendations,handle an unexpected complication involving the first practical exchange about travel experiences & recommendations; complete the exchange naturally at B2.,800–1000,5,Ms Lan,Mr David (or another context-appropriate named Mr/Ms character),PLANNED
1942,B2,Life Management,the first practical exchange about work-life balance & personal goals,Handling an unexpected complication involving the first practical exchange about work-life balance & personal goals,Giao tiếp linh hoạt B2: work-life balance & personal goals — the first practical exchange about work-life balance & personal goals,handle an unexpected complication involving the first practical exchange about work-life balance & personal goals; complete the exchange naturally at B2.,800–1000,5,Ms Lan,Ms Emma (or another context-appropriate named Mr/Ms character),PLANNED
1943,B2,Learning,the first practical exchange about learning strategies & self-improvement,Handling an unexpected complication involving the first practical exchange about learning strategies & self-improvement,Giao tiếp linh hoạt B2: learning strategies & self-improvement — the first practical exchange about learning strategies & self-improvement,handle an unexpected complication involving the first practical exchange about learning strategies & self-improvement; complete the exchange naturally at B2.,800–1000,5,Ms Lan,Mr James (or another context-appropriate named Mr/Ms character),PLANNED
1944,B2,Relationships,"the first practical exchange about relationships, feelings & sensitive conversations","Handling an unexpected complication involving the first practical exchange about relationships, feelings & sensitive conversations","Giao tiếp linh hoạt B2: relationships, feelings & sensitive conversations — the first practical exchange about relationships, feelings & sensitive conversations","handle an unexpected complication involving the first practical exchange about relationships, feelings & sensitive conversations; complete the exchange naturally at B2.",800–1000,5,Ms Lan,Ms Sarah (or another context-appropriate named Mr/Ms character),PLANNED
1945,B2,Consumer Life,the first practical exchange about complex services & consumer decisions,Handling an unexpected complication involving the first practical exchange about complex services & consumer decisions,Giao tiếp linh hoạt B2: complex services & consumer decisions — the first practical exchange about complex services & consumer decisions,handle an unexpected complication involving the first practical exchange about complex services & consumer decisions; complete the exchange naturally at B2.,800–1000,5,Ms Lan,Mr Daniel (or another context-appropriate named Mr/Ms character),PLANNED
1946,B2,Wellbeing,a routine everyday need involving fitness & wellbeing routines,Handling an unexpected complication involving a routine everyday need involving fitness & wellbeing routines,Giao tiếp linh hoạt B2: fitness & wellbeing routines — a routine everyday need involving fitness & wellbeing routines,handle an unexpected complication involving a routine everyday need involving fitness & wellbeing routines; complete the exchange naturally at B2.,800–1000,5,Ms Lan,Ms Olivia (or another context-appropriate named Mr/Ms character),PLANNED
1947,B2,Services,a routine everyday need involving personal care services,Handling an unexpected complication involving a routine everyday need involving personal care services,Giao tiếp linh hoạt B2: personal care services — a routine everyday need involving personal care services,handle an unexpected complication involving a routine everyday need involving personal care services; complete the exchange naturally at B2.,800–1000,5,Ms Lan,Mr Thomas (or another context-appropriate named Mr/Ms character),PLANNED
1948,B2,Money,a routine everyday need involving banking & everyday money,Handling an unexpected complication involving a routine everyday need involving banking & everyday money,Giao tiếp linh hoạt B2: banking & everyday money — a routine everyday need involving banking & everyday money,handle an unexpected complication involving a routine everyday need involving banking & everyday money; complete the exchange naturally at B2.,800–1000,5,Ms Lan,Ms Sophie (or another context-appropriate named Mr/Ms character),PLANNED
1949,B2,Services,"a routine everyday need involving post, courier & deliveries","Handling an unexpected complication involving a routine everyday need involving post, courier & deliveries","Giao tiếp linh hoạt B2: post, courier & deliveries — a routine everyday need involving post, courier & deliveries","handle an unexpected complication involving a routine everyday need involving post, courier & deliveries; complete the exchange naturally at B2.",800–1000,5,Ms Lan,Mr Michael (or another context-appropriate named Mr/Ms character),PLANNED
1950,B2,Services,a routine everyday need involving repairs & home services,Handling an unexpected complication involving a routine everyday need involving repairs & home services,Giao tiếp linh hoạt B2: repairs & home services — a routine everyday need involving repairs & home services,handle an unexpected complication involving a routine everyday need involving repairs & home services; complete the exchange naturally at B2.,800–1000,5,Ms Lan,Ms Grace (or another context-appropriate named Mr/Ms character),PLANNED
1951,B2,Customer Service,a routine everyday need involving customer service & complaints,Handling an unexpected complication involving a routine everyday need involving customer service & complaints,Giao tiếp linh hoạt B2: customer service & complaints — a routine everyday need involving customer service & complaints,handle an unexpected complication involving a routine everyday need involving customer service & complaints; complete the exchange naturally at B2.,800–1000,5,Ms Lan,Mr Henry (or another context-appropriate named Mr/Ms character),PLANNED
1952,B2,Technology,a routine everyday need involving technology & devices,Handling an unexpected complication involving a routine everyday need involving technology & devices,Giao tiếp linh hoạt B2: technology & devices — a routine everyday need involving technology & devices,handle an unexpected complication involving a routine everyday need involving technology & devices; complete the exchange naturally at B2.,800–1000,5,Ms Lan,Ms Anna (or another context-appropriate named Mr/Ms character),PLANNED
1953,B2,Technology,a routine everyday need involving internet & online accounts,Handling an unexpected complication involving a routine everyday need involving internet & online accounts,Giao tiếp linh hoạt B2: internet & online accounts — a routine everyday need involving internet & online accounts,handle an unexpected complication involving a routine everyday need involving internet & online accounts; complete the exchange naturally at B2.,800–1000,5,Ms Lan,Mr David (or another context-appropriate named Mr/Ms character),PLANNED
1954,B2,Leisure,a routine everyday need involving entertainment & events,Handling an unexpected complication involving a routine everyday need involving entertainment & events,Giao tiếp linh hoạt B2: entertainment & events — a routine everyday need involving entertainment & events,handle an unexpected complication involving a routine everyday need involving entertainment & events; complete the exchange naturally at B2.,800–1000,5,Ms Lan,Ms Emma (or another context-appropriate named Mr/Ms character),PLANNED
1955,B2,Leisure,a routine everyday need involving sports & hobbies,Handling an unexpected complication involving a routine everyday need involving sports & hobbies,Giao tiếp linh hoạt B2: sports & hobbies — a routine everyday need involving sports & hobbies,handle an unexpected complication involving a routine everyday need involving sports & hobbies; complete the exchange naturally at B2.,800–1000,5,Ms Lan,Mr James (or another context-appropriate named Mr/Ms character),PLANNED
1956,B2,Relationships,a routine everyday need involving friends & social plans,Handling an unexpected complication involving a routine everyday need involving friends & social plans,Giao tiếp linh hoạt B2: friends & social plans — a routine everyday need involving friends & social plans,handle an unexpected complication involving a routine everyday need involving friends & social plans; complete the exchange naturally at B2.,800–1000,5,Ms Lan,Ms Sarah (or another context-appropriate named Mr/Ms character),PLANNED
1957,B2,Social Life,a routine everyday need involving invitations & visits,Handling an unexpected complication involving a routine everyday need involving invitations & visits,Giao tiếp linh hoạt B2: invitations & visits — a routine everyday need involving invitations & visits,handle an unexpected complication involving a routine everyday need involving invitations & visits; complete the exchange naturally at B2.,800–1000,5,Ms Lan,Mr Daniel (or another context-appropriate named Mr/Ms character),PLANNED
1958,B2,Community,a routine everyday need involving community & neighbours,Handling an unexpected complication involving a routine everyday need involving community & neighbours,Giao tiếp linh hoạt B2: community & neighbours — a routine everyday need involving community & neighbours,handle an unexpected complication involving a routine everyday need involving community & neighbours; complete the exchange naturally at B2.,800–1000,5,Ms Lan,Ms Olivia (or another context-appropriate named Mr/Ms character),PLANNED
1959,B2,Travel Problems,a routine everyday need involving travel problems & changes,Handling an unexpected complication involving a routine everyday need involving travel problems & changes,Giao tiếp linh hoạt B2: travel problems & changes — a routine everyday need involving travel problems & changes,handle an unexpected complication involving a routine everyday need involving travel problems & changes; complete the exchange naturally at B2.,800–1000,5,Ms Lan,Mr Thomas (or another context-appropriate named Mr/Ms character),PLANNED
1960,B2,Problems,a routine everyday need involving lost property & missing items,Handling an unexpected complication involving a routine everyday need involving lost property & missing items,Giao tiếp linh hoạt B2: lost property & missing items — a routine everyday need involving lost property & missing items,handle an unexpected complication involving a routine everyday need involving lost property & missing items; complete the exchange naturally at B2.,800–1000,5,Ms Lan,Ms Sophie (or another context-appropriate named Mr/Ms character),PLANNED
1961,B2,Emergencies,a routine everyday need involving emergencies & asking for help,Handling an unexpected complication involving a routine everyday need involving emergencies & asking for help,Giao tiếp linh hoạt B2: emergencies & asking for help — a routine everyday need involving emergencies & asking for help,handle an unexpected complication involving a routine everyday need involving emergencies & asking for help; complete the exchange naturally at B2.,800–1000,5,Ms Lan,Mr Michael (or another context-appropriate named Mr/Ms character),PLANNED
1962,B2,Public Life,"a routine everyday need involving rules, permission & public places","Handling an unexpected complication involving a routine everyday need involving rules, permission & public places","Giao tiếp linh hoạt B2: rules, permission & public places — a routine everyday need involving rules, permission & public places","handle an unexpected complication involving a routine everyday need involving rules, permission & public places; complete the exchange naturally at B2.",800–1000,5,Ms Lan,Ms Grace (or another context-appropriate named Mr/Ms character),PLANNED
1963,B2,Housing,a routine everyday need involving renting & moving home,Handling an unexpected complication involving a routine everyday need involving renting & moving home,Giao tiếp linh hoạt B2: renting & moving home — a routine everyday need involving renting & moving home,handle an unexpected complication involving a routine everyday need involving renting & moving home; complete the exchange naturally at B2.,800–1000,5,Ms Lan,Mr Henry (or another context-appropriate named Mr/Ms character),PLANNED
1964,B2,Housing,a routine everyday need involving utilities & household bills,Handling an unexpected complication involving a routine everyday need involving utilities & household bills,Giao tiếp linh hoạt B2: utilities & household bills — a routine everyday need involving utilities & household bills,handle an unexpected complication involving a routine everyday need involving utilities & household bills; complete the exchange naturally at B2.,800–1000,5,Ms Lan,Ms Anna (or another context-appropriate named Mr/Ms character),PLANNED
1965,B2,Public Services,a routine everyday need involving government/public services,Handling an unexpected complication involving a routine everyday need involving government/public services,Giao tiếp linh hoạt B2: government/public services — a routine everyday need involving government/public services,handle an unexpected complication involving a routine everyday need involving government/public services; complete the exchange naturally at B2.,800–1000,5,Ms Lan,Mr David (or another context-appropriate named Mr/Ms character),PLANNED
1966,B2,Culture,a routine everyday need involving cultural differences & etiquette,Handling an unexpected complication involving a routine everyday need involving cultural differences & etiquette,Giao tiếp linh hoạt B2: cultural differences & etiquette — a routine everyday need involving cultural differences & etiquette,handle an unexpected complication involving a routine everyday need involving cultural differences & etiquette; complete the exchange naturally at B2.,800–1000,5,Ms Lan,Ms Emma (or another context-appropriate named Mr/Ms character),PLANNED
1967,B2,Interaction,a routine everyday need involving opinions & preferences,Handling an unexpected complication involving a routine everyday need involving opinions & preferences,Giao tiếp linh hoạt B2: opinions & preferences — a routine everyday need involving opinions & preferences,handle an unexpected complication involving a routine everyday need involving opinions & preferences; complete the exchange naturally at B2.,800–1000,5,Ms Lan,Mr James (or another context-appropriate named Mr/Ms character),PLANNED
1968,B2,Interaction,"a routine everyday need involving plans, decisions & changes","Handling an unexpected complication involving a routine everyday need involving plans, decisions & changes","Giao tiếp linh hoạt B2: plans, decisions & changes — a routine everyday need involving plans, decisions & changes","handle an unexpected complication involving a routine everyday need involving plans, decisions & changes; complete the exchange naturally at B2.",800–1000,5,Ms Lan,Ms Sarah (or another context-appropriate named Mr/Ms character),PLANNED
1969,B2,Interaction,a routine everyday need involving explaining experiences & stories,Handling an unexpected complication involving a routine everyday need involving explaining experiences & stories,Giao tiếp linh hoạt B2: explaining experiences & stories — a routine everyday need involving explaining experiences & stories,handle an unexpected complication involving a routine everyday need involving explaining experiences & stories; complete the exchange naturally at B2.,800–1000,5,Ms Lan,Mr Daniel (or another context-appropriate named Mr/Ms character),PLANNED
1970,B2,Interaction,a routine everyday need involving clarifying & repairing communication,Handling an unexpected complication involving a routine everyday need involving clarifying & repairing communication,Giao tiếp linh hoạt B2: clarifying & repairing communication — a routine everyday need involving clarifying & repairing communication,handle an unexpected complication involving a routine everyday need involving clarifying & repairing communication; complete the exchange naturally at B2.,800–1000,5,Ms Lan,Ms Olivia (or another context-appropriate named Mr/Ms character),PLANNED
1971,B2,Interaction,a routine everyday need involving disagreement & boundaries,Handling an unexpected complication involving a routine everyday need involving disagreement & boundaries,Giao tiếp linh hoạt B2: disagreement & boundaries — a routine everyday need involving disagreement & boundaries,handle an unexpected complication involving a routine everyday need involving disagreement & boundaries; complete the exchange naturally at B2.,800–1000,5,Ms Lan,Mr Thomas (or another context-appropriate named Mr/Ms character),PLANNED
1972,B2,Interaction,a routine everyday need involving negotiation & compromise,Handling an unexpected complication involving a routine everyday need involving negotiation & compromise,Giao tiếp linh hoạt B2: negotiation & compromise — a routine everyday need involving negotiation & compromise,handle an unexpected complication involving a routine everyday need involving negotiation & compromise; complete the exchange naturally at B2.,800–1000,5,Ms Lan,Ms Sophie (or another context-appropriate named Mr/Ms character),PLANNED
1973,B2,Interaction,a routine everyday need involving unexpected situations & problem solving,Handling an unexpected complication involving a routine everyday need involving unexpected situations & problem solving,Giao tiếp linh hoạt B2: unexpected situations & problem solving — a routine everyday need involving unexpected situations & problem solving,handle an unexpected complication involving a routine everyday need involving unexpected situations & problem solving; complete the exchange naturally at B2.,800–1000,5,Ms Lan,Mr Michael (or another context-appropriate named Mr/Ms character),PLANNED
1974,B2,Society,a routine everyday need involving news & everyday current events,Handling an unexpected complication involving a routine everyday need involving news & everyday current events,Giao tiếp linh hoạt B2: news & everyday current events — a routine everyday need involving news & everyday current events,handle an unexpected complication involving a routine everyday need involving news & everyday current events; complete the exchange naturally at B2.,800–1000,5,Ms Lan,Ms Grace (or another context-appropriate named Mr/Ms character),PLANNED
1975,B2,Society,a routine everyday need involving environment & local issues,Handling an unexpected complication involving a routine everyday need involving environment & local issues,Giao tiếp linh hoạt B2: environment & local issues — a routine everyday need involving environment & local issues,handle an unexpected complication involving a routine everyday need involving environment & local issues; complete the exchange naturally at B2.,800–1000,5,Ms Lan,Mr Henry (or another context-appropriate named Mr/Ms character),PLANNED
1976,B2,Travel,a routine everyday need involving travel experiences & recommendations,Handling an unexpected complication involving a routine everyday need involving travel experiences & recommendations,Giao tiếp linh hoạt B2: travel experiences & recommendations — a routine everyday need involving travel experiences & recommendations,handle an unexpected complication involving a routine everyday need involving travel experiences & recommendations; complete the exchange naturally at B2.,800–1000,5,Ms Lan,Ms Anna (or another context-appropriate named Mr/Ms character),PLANNED
1977,B2,Life Management,a routine everyday need involving work-life balance & personal goals,Handling an unexpected complication involving a routine everyday need involving work-life balance & personal goals,Giao tiếp linh hoạt B2: work-life balance & personal goals — a routine everyday need involving work-life balance & personal goals,handle an unexpected complication involving a routine everyday need involving work-life balance & personal goals; complete the exchange naturally at B2.,800–1000,5,Ms Lan,Mr David (or another context-appropriate named Mr/Ms character),PLANNED
1978,B2,Learning,a routine everyday need involving learning strategies & self-improvement,Handling an unexpected complication involving a routine everyday need involving learning strategies & self-improvement,Giao tiếp linh hoạt B2: learning strategies & self-improvement — a routine everyday need involving learning strategies & self-improvement,handle an unexpected complication involving a routine everyday need involving learning strategies & self-improvement; complete the exchange naturally at B2.,800–1000,5,Ms Lan,Ms Emma (or another context-appropriate named Mr/Ms character),PLANNED
1979,B2,Relationships,"a routine everyday need involving relationships, feelings & sensitive conversations","Handling an unexpected complication involving a routine everyday need involving relationships, feelings & sensitive conversations","Giao tiếp linh hoạt B2: relationships, feelings & sensitive conversations — a routine everyday need involving relationships, feelings & sensitive conversations","handle an unexpected complication involving a routine everyday need involving relationships, feelings & sensitive conversations; complete the exchange naturally at B2.",800–1000,5,Ms Lan,Mr James (or another context-appropriate named Mr/Ms character),PLANNED
1980,B2,Consumer Life,a routine everyday need involving complex services & consumer decisions,Handling an unexpected complication involving a routine everyday need involving complex services & consumer decisions,Giao tiếp linh hoạt B2: complex services & consumer decisions — a routine everyday need involving complex services & consumer decisions,handle an unexpected complication involving a routine everyday need involving complex services & consumer decisions; complete the exchange naturally at B2.,800–1000,5,Ms Lan,Ms Sarah (or another context-appropriate named Mr/Ms character),PLANNED
1981,B2,Wellbeing,checking an important detail about fitness & wellbeing routines,Handling an unexpected complication involving checking an important detail about fitness & wellbeing routines,Giao tiếp linh hoạt B2: fitness & wellbeing routines — checking an important detail about fitness & wellbeing routines,handle an unexpected complication involving checking an important detail about fitness & wellbeing routines; complete the exchange naturally at B2.,800–1000,5,Ms Lan,Mr Daniel (or another context-appropriate named Mr/Ms character),PLANNED
1982,B2,Services,checking an important detail about personal care services,Handling an unexpected complication involving checking an important detail about personal care services,Giao tiếp linh hoạt B2: personal care services — checking an important detail about personal care services,handle an unexpected complication involving checking an important detail about personal care services; complete the exchange naturally at B2.,800–1000,5,Ms Lan,Ms Olivia (or another context-appropriate named Mr/Ms character),PLANNED
1983,B2,Money,checking an important detail about banking & everyday money,Handling an unexpected complication involving checking an important detail about banking & everyday money,Giao tiếp linh hoạt B2: banking & everyday money — checking an important detail about banking & everyday money,handle an unexpected complication involving checking an important detail about banking & everyday money; complete the exchange naturally at B2.,800–1000,5,Ms Lan,Mr Thomas (or another context-appropriate named Mr/Ms character),PLANNED
1984,B2,Services,"checking an important detail about post, courier & deliveries","Handling an unexpected complication involving checking an important detail about post, courier & deliveries","Giao tiếp linh hoạt B2: post, courier & deliveries — checking an important detail about post, courier & deliveries","handle an unexpected complication involving checking an important detail about post, courier & deliveries; complete the exchange naturally at B2.",800–1000,5,Ms Lan,Ms Sophie (or another context-appropriate named Mr/Ms character),PLANNED
1985,B2,Services,checking an important detail about repairs & home services,Handling an unexpected complication involving checking an important detail about repairs & home services,Giao tiếp linh hoạt B2: repairs & home services — checking an important detail about repairs & home services,handle an unexpected complication involving checking an important detail about repairs & home services; complete the exchange naturally at B2.,800–1000,5,Ms Lan,Mr Michael (or another context-appropriate named Mr/Ms character),PLANNED
1986,B2,Customer Service,checking an important detail about customer service & complaints,Handling an unexpected complication involving checking an important detail about customer service & complaints,Giao tiếp linh hoạt B2: customer service & complaints — checking an important detail about customer service & complaints,handle an unexpected complication involving checking an important detail about customer service & complaints; complete the exchange naturally at B2.,800–1000,5,Ms Lan,Ms Grace (or another context-appropriate named Mr/Ms character),PLANNED
1987,B2,Technology,checking an important detail about technology & devices,Handling an unexpected complication involving checking an important detail about technology & devices,Giao tiếp linh hoạt B2: technology & devices — checking an important detail about technology & devices,handle an unexpected complication involving checking an important detail about technology & devices; complete the exchange naturally at B2.,800–1000,5,Ms Lan,Mr Henry (or another context-appropriate named Mr/Ms character),PLANNED
1988,B2,Technology,checking an important detail about internet & online accounts,Handling an unexpected complication involving checking an important detail about internet & online accounts,Giao tiếp linh hoạt B2: internet & online accounts — checking an important detail about internet & online accounts,handle an unexpected complication involving checking an important detail about internet & online accounts; complete the exchange naturally at B2.,800–1000,5,Ms Lan,Ms Anna (or another context-appropriate named Mr/Ms character),PLANNED
1989,B2,Leisure,checking an important detail about entertainment & events,Handling an unexpected complication involving checking an important detail about entertainment & events,Giao tiếp linh hoạt B2: entertainment & events — checking an important detail about entertainment & events,handle an unexpected complication involving checking an important detail about entertainment & events; complete the exchange naturally at B2.,800–1000,5,Ms Lan,Mr David (or another context-appropriate named Mr/Ms character),PLANNED
1990,B2,Leisure,checking an important detail about sports & hobbies,Handling an unexpected complication involving checking an important detail about sports & hobbies,Giao tiếp linh hoạt B2: sports & hobbies — checking an important detail about sports & hobbies,handle an unexpected complication involving checking an important detail about sports & hobbies; complete the exchange naturally at B2.,800–1000,5,Ms Lan,Ms Emma (or another context-appropriate named Mr/Ms character),PLANNED
1991,B2,Relationships,checking an important detail about friends & social plans,Handling an unexpected complication involving checking an important detail about friends & social plans,Giao tiếp linh hoạt B2: friends & social plans — checking an important detail about friends & social plans,handle an unexpected complication involving checking an important detail about friends & social plans; complete the exchange naturally at B2.,800–1000,5,Ms Lan,Mr James (or another context-appropriate named Mr/Ms character),PLANNED
1992,B2,Social Life,checking an important detail about invitations & visits,Handling an unexpected complication involving checking an important detail about invitations & visits,Giao tiếp linh hoạt B2: invitations & visits — checking an important detail about invitations & visits,handle an unexpected complication involving checking an important detail about invitations & visits; complete the exchange naturally at B2.,800–1000,5,Ms Lan,Ms Sarah (or another context-appropriate named Mr/Ms character),PLANNED
1993,B2,Community,checking an important detail about community & neighbours,Handling an unexpected complication involving checking an important detail about community & neighbours,Giao tiếp linh hoạt B2: community & neighbours — checking an important detail about community & neighbours,handle an unexpected complication involving checking an important detail about community & neighbours; complete the exchange naturally at B2.,800–1000,5,Ms Lan,Mr Daniel (or another context-appropriate named Mr/Ms character),PLANNED
1994,B2,Travel Problems,checking an important detail about travel problems & changes,Handling an unexpected complication involving checking an important detail about travel problems & changes,Giao tiếp linh hoạt B2: travel problems & changes — checking an important detail about travel problems & changes,handle an unexpected complication involving checking an important detail about travel problems & changes; complete the exchange naturally at B2.,800–1000,5,Ms Lan,Ms Olivia (or another context-appropriate named Mr/Ms character),PLANNED
1995,B2,Problems,checking an important detail about lost property & missing items,Handling an unexpected complication involving checking an important detail about lost property & missing items,Giao tiếp linh hoạt B2: lost property & missing items — checking an important detail about lost property & missing items,handle an unexpected complication involving checking an important detail about lost property & missing items; complete the exchange naturally at B2.,800–1000,5,Ms Lan,Mr Thomas (or another context-appropriate named Mr/Ms character),PLANNED
1996,B2,Emergencies,checking an important detail about emergencies & asking for help,Handling an unexpected complication involving checking an important detail about emergencies & asking for help,Giao tiếp linh hoạt B2: emergencies & asking for help — checking an important detail about emergencies & asking for help,handle an unexpected complication involving checking an important detail about emergencies & asking for help; complete the exchange naturally at B2.,800–1000,5,Ms Lan,Ms Sophie (or another context-appropriate named Mr/Ms character),PLANNED
1997,B2,Public Life,"checking an important detail about rules, permission & public places","Handling an unexpected complication involving checking an important detail about rules, permission & public places","Giao tiếp linh hoạt B2: rules, permission & public places — checking an important detail about rules, permission & public places","handle an unexpected complication involving checking an important detail about rules, permission & public places; complete the exchange naturally at B2.",800–1000,5,Ms Lan,Mr Michael (or another context-appropriate named Mr/Ms character),PLANNED
1998,B2,Housing,checking an important detail about renting & moving home,Handling an unexpected complication involving checking an important detail about renting & moving home,Giao tiếp linh hoạt B2: renting & moving home — checking an important detail about renting & moving home,handle an unexpected complication involving checking an important detail about renting & moving home; complete the exchange naturally at B2.,800–1000,5,Ms Lan,Ms Grace (or another context-appropriate named Mr/Ms character),PLANNED
1999,B2,Housing,checking an important detail about utilities & household bills,Handling an unexpected complication involving checking an important detail about utilities & household bills,Giao tiếp linh hoạt B2: utilities & household bills — checking an important detail about utilities & household bills,handle an unexpected complication involving checking an important detail about utilities & household bills; complete the exchange naturally at B2.,800–1000,5,Ms Lan,Mr Henry (or another context-appropriate named Mr/Ms character),PLANNED
2000,B2,Public Services,checking an important detail about government/public services,Handling an unexpected complication involving checking an important detail about government/public services,Giao tiếp linh hoạt B2: government/public services — checking an important detail about government/public services,handle an unexpected complication involving checking an important detail about government/public services; complete the exchange naturally at B2.,800–1000,5,Ms Lan,Ms Anna (or another context-appropriate named Mr/Ms character),PLANNED
